Latitude,Longitude,Occurrence Status,climate_var_1,climate_var_2
-34.0279,150.771,1,215.70059204101562,0.9670000672340393
-34.821595,147.193697,1,194.5014190673828,1.0470000505447388
-36.617759,146.882941,0,194.59744262695312,1.0170000791549683
-37.4709,144.744,1,219.39625549316406,0.9750000238418579
-38.400153,145.01856,1,212.60238647460938,0.9480000734329224
-35.328601,150.401424,0,215.70059204101562,0.9670000672340393
-38.394039,146.23123,0,192.20350646972656,0.7230000495910645
-34.79867,144.945172,0,218.50001525878906,0.9740000367164612
-38.000732,143.813159,0,218.90011596679688,0.9530000686645508
-34.3455,148.272,1,215.70059204101562,0.9670000672340393
-38.470705,145.26908,0,204.99664306640625,0.8180000185966492
-37.243579,144.102252,1,224.997802734375,0.987000048160553
-35.015442,150.82844,1,215.70059204101562,0.9670000672340393
-34.949843,149.483145,1,215.70059204101562,0.9670000672340393
-34.125963,150.559934,1,215.70059204101562,0.9670000672340393
-34.789365,145.982271,0,212.89846801757812,0.9630000591278076
-34.3694,150.544,1,215.70059204101562,0.9670000672340393
-34.344694,149.667427,1,215.70059204101562,0.9670000672340393
-37.964772,141.046056,0,234.8004913330078,0.9580000638961792
-34.558865,145.260698,0,217.69979858398438,0.9510000348091125
-36.996996,140.607947,0,242.29855346679688,0.9720000624656677
-35.068339,146.274592,1,208.4972686767578,0.9280000329017639
-38.162099,145.176004,1,210.0977020263672,0.9100000262260437
-37.5838,140.318,1,240.4020233154297,0.9410000443458557
-34.6051,150.147664,0,215.70059204101562,0.9670000672340393
-36.995598,145.768997,0,206.40069580078125,0.9720000624656677
-34.6169,148.399,1,215.70059204101562,0.9670000672340393
-32.83622,148.336145,0,215.70059204101562,0.9670000672340393
-33.2124,147.241,1,187.49949645996094,1.1160000562667847
-36.053591,147.386896,0,190.59634399414062,1.121000051498413
-35.4433,150.397,1,215.70059204101562,0.9670000672340393
-36.0195,146.35,1,209.09742736816406,0.9460000395774841
-37.128431,145.238809,1,212.4983673095703,0.968000054359436
-36.8127,144.236,1,225.70199584960938,0.9980000257492065
-37.564516,144.089689,1,223.9014892578125,0.9770000576972961
-35.067593,146.273691,1,208.4972686767578,0.9280000329017639
-35.956486,146.002457,1,213.00250244140625,0.9550000429153442
-31.382847,149.342748,0,215.70059204101562,0.9670000672340393
-36.43704,148.781093,0,215.70059204101562,0.9670000672340393
-34.7306,150.835,1,215.70059204101562,0.9670000672340393
-34.354,150.808,1,215.70059204101562,0.9670000672340393
-35.7884,146.034,1,213.2025604248047,0.9360000491142273
-37.0375,143.694,1,226.1981201171875,0.9800000190734863
-36.404308,146.688094,0,201.599365234375,1.0530000925064087
-36.8937,144.534,1,224.5016632080078,0.9740000367164612
-34.0771,150.522,1,215.70059204101562,0.9670000672340393
-34.984874,149.09543,0,215.70059204101562,0.9670000672340393
-37.92502,145.326728,1,207.4969940185547,0.8940000534057617
-35.444736,148.217283,0,215.70059204101562,0.9670000672340393
-35.211735,149.237769,0,215.70059204101562,0.9670000672340393
-34.675948,143.705219,0,230.1031951904297,0.9670000672340393
-35.782795,147.448031,1,190.79640197753906,1.1380000114440918
-34.285102,150.243522,1,215.70059204101562,0.9670000672340393
-35.100136,149.373532,1,215.70059204101562,0.9670000672340393
-35.456636,149.138897,0,215.70059204101562,0.9670000672340393
-34.284525,148.307785,1,215.70059204101562,0.9670000672340393
-36.0708,146.852,1,199.39877319335938,1.071000099182129
-32.512773,147.666211,0,215.70059204101562,0.9670000672340393
-35.480351,148.426678,0,215.70059204101562,0.9670000672340393
-34.8554,149.147,1,215.70059204101562,0.9670000672340393
-34.916802,143.881709,0,227.99862670898438,0.9620000720024109
-38.152415,144.378035,1,219.70034790039062,0.937000036239624
-36.794114,145.386164,0,210.89791870117188,0.9940000176429749
-33.6193,150.161,1,215.70059204101562,0.9670000672340393
-33.727419,144.789485,0,218.50001525878906,0.937000036239624
-38.209765,144.18425,0,220.5005645751953,0.9340000152587891
-34.018556,146.806656,0,199.39877319335938,1.0130000114440918
-35.2757,143.039212,0,235.296630859375,0.971000075340271
-37.2055,145.681,1,205.80052185058594,0.9500000476837158
-36.557624,146.077986,1,206.00057983398438,0.968000054359436
-36.097515,146.638735,0,203.3038330078125,1.0290000438690186
-36.398464,150.060302,1,215.70059204101562,0.9670000672340393
-36.723858,144.306887,1,225.3018798828125,1.0040000677108765
-33.3986,149.469,1,215.70059204101562,0.9670000672340393
-35.046703,144.152692,0,223.99752807617188,0.9660000205039978
-35.3424,149.342,1,215.70059204101562,0.9670000672340393
-37.6087,143.587,1,222.39707946777344,0.9600000381469727
-33.850392,147.681376,0,215.70059204101562,0.9670000672340393
-37.538663,147.778758,0,182.29806518554688,1.1670000553131104
-37.270073,145.282052,1,211.001953125,0.971000075340271
-34.4461,150.448,1,215.70059204101562,0.9670000672340393
-38.528687,145.783973,1,198.39840698242188,0.7950000166893005
-37.841535,145.136977,1,213.00250244140625,0.9880000352859497
-34.942505,149.248978,1,215.70059204101562,0.9670000672340393
-35.2351,149.161,1,215.70059204101562,0.9670000672340393
-37.836058,147.694374,0,215.70059204101562,0.9670000672340393
-34.560984,150.823749,1,215.70059204101562,0.9670000672340393
-36.240736,146.994757,0,195.70175170898438,1.0950000286102295
-38.141217,141.928189,0,226.59823608398438,0.9190000295639038
-37.905508,144.28225,0,222.1009979248047,0.9510000348091125
-36.912464,140.374872,0,243.9003448486328,0.9820000529289246
-33.421471,147.20007,0,188.6998291015625,1.1050000190734863
-36.618134,144.633851,0,222.197021484375,0.987000048160553
-33.569118,150.657334,1,215.70059204101562,0.9670000672340393
-31.826889,149.232244,1,215.70059204101562,0.9670000672340393
-36.661747,145.669615,0,208.29721069335938,0.9850000739097595
-38.119078,146.021973,1,189.20396423339844,0.6640000343322754
-35.988041,148.11838,0,215.70059204101562,0.9670000672340393
-37.856436,145.319714,1,209.2974853515625,0.956000030040741
-33.836719,151.053018,1,215.70059204101562,0.9670000672340393
-36.822406,142.407266,0,228.10264587402344,0.9640000462532043
-37.5479,145.124,1,212.69842529296875,0.9540000557899475
-34.154022,150.503451,1,215.70059204101562,0.9670000672340393
-37.793964,145.303467,1,207.29693603515625,0.8750000596046448
-36.16478,149.738221,0,215.70059204101562,0.9670000672340393
-37.543644,149.021866,0,215.70059204101562,0.9670000672340393
-36.8983,144.804,1,219.900390625,0.9660000205039978
-37.988021,147.121442,1,185.89906311035156,1.03000009059906
-38.246171,143.900143,0,217.09962463378906,0.9290000200271606
-35.2151,149.02,1,215.70059204101562,0.9670000672340393
-35.5626,149.814,1,215.70059204101562,0.9670000672340393
-36.42932,148.358872,1,215.70059204101562,0.9670000672340393
-32.570057,148.935248,0,215.70059204101562,0.9670000672340393
-37.570488,149.762933,1,215.70059204101562,0.9670000672340393
-35.785043,148.34682,0,215.70059204101562,0.9670000672340393
-36.767292,148.716562,0,215.70059204101562,0.9670000672340393
-35.813608,146.003078,1,213.49864196777344,0.9450000524520874
-36.371598,145.449455,1,213.80271911621094,0.9750000238418579
-33.737506,149.546929,0,215.70059204101562,0.9670000672340393
-33.4493,150.635,1,215.70059204101562,0.9670000672340393
-34.456427,149.245898,0,215.70059204101562,0.9670000672340393
-37.279893,141.500049,0,231.30352783203125,0.9200000166893005
-33.9889,151.026,1,215.70059204101562,0.9670000672340393
-33.685777,146.152438,0,209.4008331298828,0.9380000233650208
-37.5207,145.785,1,198.59854125976562,0.8280000686645508
-36.368164,142.980717,1,230.50331115722656,1.0070000886917114
-38.7433,143.672,1,214.49871826171875,0.9510000348091125
-34.83458,144.924416,0,217.89984130859375,0.9740000367164612
-35.1678,147.35,1,192.3968505859375,1.0800000429153442
-36.6329,146.344,1,204.20008850097656,0.9790000319480896
-37.5488,143.68,1,222.197021484375,0.9790000319480896
-33.897545,147.322577,0,188.89988708496094,1.0760000944137573
-38.344942,146.327216,0,193.80062866210938,0.8710000514984131
-37.041306,142.357555,0,226.30215454101562,0.9760000705718994
-35.931002,145.662188,1,215.0030517578125,0.9650000333786011
-37.653363,149.06372,0,215.70059204101562,0.9670000672340393
-37.564571,140.77066,0,238.40147399902344,0.9460000395774841
-35.681933,149.909062,0,215.70059204101562,0.9670000672340393
-38.841988,143.54224,1,213.9986114501953,0.9600000381469727
-35.099636,149.566102,0,215.70059204101562,0.9670000672340393
-34.6054,150.621,1,215.70059204101562,0.9670000672340393
-36.838928,141.59985,0,232.19976806640625,0.9440000653266907
-35.665618,141.800673,0,235.00054931640625,0.968000054359436
-35.2156,147.348,1,192.99700927734375,1.0850000381469727
-37.8527,147.992,1,215.70059204101562,0.9670000672340393
-37.938473,146.356225,0,193.90126037597656,0.9110000729560852
-32.327613,149.733762,0,215.70059204101562,0.9670000672340393
-38.428472,144.035752,0,217.2996826171875,0.9340000152587891
-37.322876,147.849147,0,215.70059204101562,0.9670000672340393
-33.537959,149.255932,1,215.70059204101562,0.9670000672340393
-34.6868,150.153,1,215.70059204101562,0.9670000672340393
-36.114,150.054,1,215.70059204101562,0.9670000672340393
-35.78991,142.387734,0,234.49639892578125,1.0099999904632568
-35.686225,144.320889,0,224.5016632080078,0.9890000224113464
-37.891995,143.363085,1,219.30023193359375,0.9590000510215759
-36.059926,141.106676,0,238.00137329101562,0.9470000267028809
-37.270426,145.896249,1,199.19871520996094,0.8330000638961792
-33.190434,148.606678,0,215.70059204101562,0.9670000672340393
-38.451363,145.748198,0,198.60006713867188,0.7860000133514404
-33.6941,150.588,1,215.70059204101562,0.9670000672340393
-37.117446,146.087519,1,201.599365234375,0.9430000185966492
-33.6645,150.808,1,215.70059204101562,0.9670000672340393
-38.036377,140.839262,1,236.60098266601562,0.9790000319480896
-33.557038,150.846282,1,215.70059204101562,0.9670000672340393
-35.533006,145.442721,0,216.8035430908203,0.9810000658035278
-37.176028,144.624795,0,222.59713745117188,0.9860000610351562
-37.891446,143.36353,1,219.30023193359375,0.9590000510215759
-36.0,150.1,1,215.70059204101562,0.9670000672340393
-37.553029,142.881933,1,221.10072326660156,0.9630000591278076
-36.912871,142.244189,0,229.19894409179688,0.9640000462532043
-34.030225,150.677653,1,215.70059204101562,0.9670000672340393
-37.345,145.026,1,215.0990753173828,0.9740000367164612
-37.570313,145.678928,1,203.3038330078125,0.9020000696182251
-35.309174,149.025256,1,215.70059204101562,0.9670000672340393
-34.300921,147.430656,0,189.99618530273438,1.0490000247955322
-38.49183,145.299285,1,204.69818115234375,0.8060000538825989
-33.2752,149.125,1,215.70059204101562,0.9670000672340393
-36.9622,146.157,1,202.1995391845703,0.9500000476837158
-37.332538,143.908535,0,224.90176391601562,0.9880000352859497
-33.270297,150.207549,0,215.70059204101562,0.9670000672340393
-38.3923,147.104,1,191.9007110595703,1.097000002861023
-35.880915,143.025366,0,233.20004272460938,1.0290000438690186
-35.954361,148.807458,0,215.70059204101562,0.9670000672340393
-34.341388,148.734584,0,215.70059204101562,0.9670000672340393
-38.409281,146.087108,1,197.00294494628906,0.7920000553131104
-32.5888,149.593,1,215.70059204101562,0.9670000672340393
-33.2809,148.745,1,215.70059204101562,0.9670000672340393
-31.514318,148.245218,0,215.70059204101562,0.9670000672340393
-35.537487,149.665838,1,215.70059204101562,0.9670000672340393
-38.02612,143.812626,0,218.90011596679688,0.9530000686645508
-34.908513,145.481058,0,216.60348510742188,0.971000075340271
-36.241377,144.720972,1,221.70089721679688,1.0010000467300415
-38.126451,143.861533,0,218.40399169921875,0.940000057220459
-35.033416,149.102217,1,215.70059204101562,0.9670000672340393
-37.062831,145.745154,1,206.00057983398438,0.9650000333786011
-33.68009,150.233761,1,215.70059204101562,0.9670000672340393
-37.780274,145.049342,1,214.0988006591797,0.9650000333786011
-31.76442,148.56343,1,215.70059204101562,0.9670000672340393
-36.6154,144.511,1,223.39735412597656,0.987000048160553
-34.931238,145.599336,0,215.8992919921875,0.9730000495910645
-35.82463,147.454243,0,190.79640197753906,1.1380000114440918
-37.0482,143.807,1,225.99807739257812,0.9800000190734863
-38.559784,146.217106,1,195.00250244140625,0.8180000185966492
-36.79899,144.35749,1,225.3018798828125,0.9850000739097595
-32.259998,148.597282,1,215.70059204101562,0.9670000672340393
-36.361548,145.376266,1,214.40289306640625,0.9820000529289246
-38.17436,146.245926,1,192.20350646972656,0.7450000643730164
-36.743613,146.955526,1,191.59661865234375,0.9920000433921814
-37.667,144.973,1,215.40316772460938,0.9650000333786011
-33.692078,150.532656,1,215.70059204101562,0.9670000672340393
-37.7405,145.067,1,213.80271911621094,0.9860000610351562
-38.158142,144.566549,1,218.7960968017578,0.9300000667572021
-34.74077,148.13092,0,215.70059204101562,0.9670000672340393
-34.1,149.9,1,215.70059204101562,0.9670000672340393
-37.805389,147.609977,1,182.20204162597656,1.1480000019073486
-34.076421,147.171468,0,193.10104370117188,1.0550000667572021
-37.262549,144.195618,1,224.79774475097656,0.9920000433921814
-37.210225,142.534388,0,224.19757080078125,0.984000027179718
-33.429718,149.819612,1,215.70059204101562,0.9670000672340393
-36.993313,145.671039,0,207.29693603515625,0.9800000190734863
-36.225,144.62004,0,222.701171875,1.0010000467300415
-35.730437,148.99689,1,215.70059204101562,0.9670000672340393
-34.242423,147.397531,0,190.1002197265625,1.0530000925064087
-37.462821,145.851316,0,200.10296630859375,0.878000020980835
-34.246726,150.975021,1,215.70059204101562,0.9670000672340393
-37.525431,146.925797,0,183.2023162841797,0.8960000276565552
-36.8562,140.845,1,240.498046875,0.9820000529289246
-33.968836,148.896339,1,215.70059204101562,0.9670000672340393
-35.571863,141.66059,0,235.6967315673828,0.9660000205039978
-35.885164,150.059384,1,215.70059204101562,0.9670000672340393
-34.8737,146.623,1,200.30300903320312,0.9180000424385071
-31.609802,148.015622,0,215.70059204101562,0.9670000672340393
-34.7915,150.153,1,215.70059204101562,0.9670000672340393
-35.246092,149.352669,1,215.70059204101562,0.9670000672340393
-35.025091,145.570551,0,215.60321044921875,0.9780000448226929
-36.932801,146.964268,0,190.1962432861328,0.984000027179718
-33.5056,150.375,1,215.70059204101562,0.9670000672340393
-35.3768,149.037,1,215.70059204101562,0.9670000672340393
-33.309309,145.43066,0,216.20338439941406,0.9520000219345093
-36.679969,144.305064,1,225.7980194091797,1.0070000886917114
-33.7734,147.781792,0,215.70059204101562,0.9670000672340393
-37.39311,144.324178,1,223.597412109375,0.9960000514984131
-37.715705,143.848831,1,221.90093994140625,0.9780000448226929
-35.705091,150.144829,0,215.70059204101562,0.9670000672340393
-34.5405,146.328,1,206.89682006835938,0.9180000424385071
-35.550586,150.234777,1,215.70059204101562,0.9670000672340393
-38.030273,140.929982,0,236.4969482421875,0.9770000576972961
-36.5847,146.377,1,203.50389099121094,0.9430000185966492
-32.297918,147.175298,0,185.89906311035156,1.1090000867843628
-32.367877,147.753366,0,215.70059204101562,0.9670000672340393
-37.971211,145.536879,1,204.09605407714844,0.9180000424385071
-38.182967,147.401555,0,215.70059204101562,0.9670000672340393
-37.356369,142.87976,0,222.701171875,1.0010000467300415
-35.7575,148.992,1,215.70059204101562,0.9670000672340393
-36.911505,142.422647,0,227.30242919921875,0.9770000576972961
-38.597678,146.16401,0,195.8010711669922,0.8410000205039978
-33.226727,150.209228,1,215.70059204101562,0.9670000672340393
-38.0836,143.083,1,217.69979858398438,0.9390000700950623
-33.7311,150.714,1,215.70059204101562,0.9670000672340393
-35.692281,144.511543,0,222.99725341796875,1.0
-36.3858,143.597,1,229.90313720703125,1.0080000162124634
-34.49657,150.776927,1,215.70059204101562,0.9670000672340393
-38.021339,145.417208,1,207.69705200195312,0.9660000205039978
-35.4384,149.932,1,215.70059204101562,0.9670000672340393
-33.4361,149.566,1,215.70059204101562,0.9670000672340393
-34.676573,150.803738,1,215.70059204101562,0.9670000672340393
-36.413902,148.617138,1,215.70059204101562,0.9670000672340393
-34.146109,148.231851,0,215.70059204101562,0.9670000672340393
-36.16771,148.34206,0,215.70059204101562,0.9670000672340393
-38.3805,142.457,1,221.59686279296875,0.940000057220459
-32.996872,150.480819,0,215.70059204101562,0.9670000672340393
-34.855714,148.006776,0,215.70059204101562,0.9670000672340393
-35.875761,146.22069,0,211.40206909179688,0.9450000524520874
-38.33348,147.095262,0,192.10076904296875,1.0850000381469727
-35.331426,149.028988,1,215.70059204101562,0.9670000672340393
-38.4253,144.945,1,213.2025604248047,0.9860000610351562
-33.9701,151.095,1,215.70059204101562,0.9670000672340393
-33.223282,147.115117,0,188.89988708496094,1.0910000801086426
-37.8637,141.808,1,227.902587890625,0.9280000329017639
-37.925104,143.460527,0,218.50001525878906,0.9450000524520874
-32.5854,149.582,1,215.70059204101562,0.9670000672340393
-33.936204,148.888653,1,215.70059204101562,0.9670000672340393
-38.247894,145.160017,1,210.2017364501953,0.9040000438690186
-37.5373,144.728,1,219.70034790039062,0.971000075340271
-34.600804,150.318657,1,215.70059204101562,0.9670000672340393
-36.059048,148.472808,0,215.70059204101562,0.9670000672340393
-35.22777,142.322505,0,237.60125732421875,0.9700000286102295
-32.25906,148.585873,1,215.70059204101562,0.9670000672340393
-37.796339,147.224576,0,182.69818115234375,1.0180000066757202
-37.122214,143.970005,0,225.90203857421875,0.9810000658035278
-38.640651,145.602982,1,202.99620056152344,0.8560000658035278
-35.001229,150.658444,0,215.70059204101562,0.9670000672340393
-37.0555,148.32573,0,215.70059204101562,0.9670000672340393
-37.7695,143.691,1,220.9967041015625,0.9670000672340393
-35.280016,149.729828,0,215.70059204101562,0.9670000672340393
-34.128131,151.131217,1,215.70059204101562,0.9670000672340393
-36.848389,145.089454,1,215.0030517578125,0.9850000739097595
-34.807696,143.078356,0,237.4011993408203,0.9660000205039978
-35.8252,148.061,1,215.70059204101562,0.9670000672340393
-35.354217,148.437938,0,215.70059204101562,0.9670000672340393
-38.165717,146.566086,1,190.29986572265625,0.9190000295639038
-36.797856,140.406691,0,243.9971466064453,0.9790000319480896
-34.580996,150.043822,0,215.70059204101562,0.9670000672340393
-38.6676,143.86,1,215.6038055419922,0.9750000238418579
-38.08724,145.93488,0,190.1002197265625,0.675000011920929
-38.2381,143.138,1,216.60348510742188,0.940000057220459
-33.755402,150.623226,1,215.70059204101562,0.9670000672340393
-36.981067,144.063613,0,226.59823608398438,0.9750000238418579
-36.930666,141.961422,0,230.59933471679688,0.9670000672340393
-35.388727,142.971506,0,236.0968475341797,0.9770000576972961
-34.482782,150.331049,1,215.70059204101562,0.9670000672340393
-35.608806,149.769667,0,215.70059204101562,0.9670000672340393
-36.2716,143.358,1,230.39927673339844,1.0240000486373901
-36.739356,140.840456,0,240.89816284179688,0.9750000238418579
-35.645264,150.134313,1,215.70059204101562,0.9670000672340393
-37.269912,145.283191,1,211.001953125,0.971000075340271
-37.1137,143.732,1,225.7980194091797,0.9830000400543213
-38.331879,144.99919,1,213.89874267578125,0.9850000739097595
-37.027475,141.751808,0,230.99945068359375,0.9570000171661377
-32.940106,146.376317,0,201.69752502441406,0.9740000367164612
-32.094565,148.512331,1,215.70059204101562,0.9670000672340393
-36.15481,146.881704,1,198.39849853515625,1.0740000009536743
-35.47498,144.166177,0,225.19784545898438,0.9830000400543213
-37.754945,145.076573,1,214.00277709960938,0.984000027179718
-37.386366,144.319884,1,223.597412109375,0.9960000514984131
-33.073618,149.141813,0,215.70059204101562,0.9670000672340393
-37.343773,144.1785,1,223.99752807617188,0.9960000514984131
-37.785,145.44,1,205.80052185058594,0.9010000228881836
-34.490879,148.340605,1,215.70059204101562,0.9670000672340393
-36.6097,144.209,1,226.39817810058594,1.0110000371932983
-36.108915,147.59696,0,215.70059204101562,0.9670000672340393
-35.296981,149.67621,0,215.70059204101562,0.9670000672340393
-36.6335,145.713,1,208.8013458251953,0.9720000624656677
-37.3713,144.011,1,225.3979034423828,0.9890000224113464
-34.536624,145.156924,0,217.69979858398438,0.9630000591278076
-35.511207,143.000737,0,235.09657287597656,0.9920000433921814
-36.143951,147.433173,1,192.10076904296875,1.1510000228881836
-35.999794,150.138219,1,215.70059204101562,0.9670000672340393
-37.025007,147.237568,1,187.09939575195312,1.0410000085830688
-36.768579,148.45533,0,215.70059204101562,0.9670000672340393
-37.7951,145.111,1,213.00250244140625,0.9850000739097595
-34.757,146.591,1,201.99948120117188,0.9320000410079956
-36.2562,144.412,1,225.10182189941406,1.0
-38.723478,146.146842,1,195.3977508544922,0.8570000529289246
-34.607844,150.618777,1,215.70059204101562,0.9670000672340393
-38.334755,143.593913,1,215.29913330078125,0.9220000505447388
-37.342414,140.891245,0,236.69700622558594,0.9300000667572021
-36.5018,142.018,1,231.79966735839844,0.9730000495910645
-35.273468,147.375269,0,192.7969512939453,1.1069999933242798
-36.03849,149.385981,0,215.70059204101562,0.9670000672340393
-38.3743,146.604,1,190.7031707763672,0.9570000171661377
-33.659937,150.133018,1,215.70059204101562,0.9670000672340393
-34.493835,150.766156,1,215.70059204101562,0.9670000672340393
-34.78454,145.819178,0,214.698974609375,0.9540000557899475
-32.10361,148.326606,1,215.70059204101562,0.9670000672340393
-33.369549,150.000034,1,215.70059204101562,0.9670000672340393
-34.9143,147.48,1,189.20396423339844,1.0390000343322754
-37.807683,145.263736,1,209.09742736816406,0.9180000424385071
-38.1178,144.637,1,218.59603881835938,0.9510000348091125
-34.04865,144.620848,0,218.00387573242188,0.9410000443458557
-33.610231,149.138702,1,215.70059204101562,0.9670000672340393
-35.735809,150.189433,1,215.70059204101562,0.9670000672340393
-38.1762,144.478,1,219.19619750976562,0.940000057220459
-37.703106,143.267672,0,220.19647216796875,0.9690000414848328
-37.7224,140.925,1,235.6967315673828,0.9470000267028809
-37.7265,141.141,1,234.60043334960938,0.9350000619888306
-33.6894,149.566,1,215.70059204101562,0.9670000672340393
-35.333316,149.481544,1,215.70059204101562,0.9670000672340393
-36.0799,145.688,1,213.49864196777344,0.971000075340271
-37.936456,142.418152,0,223.39735412597656,0.9270000457763672
-37.847511,147.637535,1,182.8982391357422,1.1470000743865967
-38.5319,145.504,1,201.50393676757812,0.8350000381469727
-34.846353,143.415819,0,234.40037536621094,0.9720000624656677
-37.774437,145.267263,1,209.00140380859375,0.9020000696182251
-38.3225,145.106,1,210.60183715820312,0.909000039100647
-36.791214,148.627619,0,215.70059204101562,0.9670000672340393
-38.409,145.479,1,203.49630737304688,0.8830000162124634
-35.3285,143.563,1,233.60015869140625,0.9750000238418579
-35.7,150.1,1,215.70059204101562,0.9670000672340393
-37.990106,145.4318,0,207.0968780517578,0.9420000314712524
-35.317,149.161,1,215.70059204101562,0.9670000672340393
-37.21136,145.429455,1,209.89764404296875,0.971000075340271
-34.835061,150.35132,0,215.70059204101562,0.9670000672340393
-38.0269,144.385,1,221.10072326660156,0.9470000267028809
-33.48736,149.431964,0,215.70059204101562,0.9670000672340393
-35.784119,150.140368,1,215.70059204101562,0.9670000672340393
-34.105652,151.079846,1,215.70059204101562,0.9670000672340393
-37.139544,144.351818,1,222.99725341796875,0.9860000610351562
-36.7025,144.26,1,225.70199584960938,1.0120000839233398
-37.567936,140.73991,0,238.40147399902344,0.9460000395774841
-35.699667,148.996865,1,215.70059204101562,0.9670000672340393
-36.4618,145.388,1,213.89874267578125,0.9740000367164612
-32.321255,148.522571,0,215.70059204101562,0.9670000672340393
-37.9541,143.373,1,217.49974060058594,0.9530000686645508
-36.800641,146.007859,1,203.39987182617188,0.9360000491142273
-33.021622,146.446454,0,200.50372314453125,0.9780000448226929
-37.940406,144.523498,0,220.9967041015625,0.9570000171661377
-37.448582,144.86009,1,217.603759765625,0.9770000576972961
-35.452639,148.608462,0,215.70059204101562,0.9670000672340393
-33.354584,147.21689,0,188.29971313476562,1.1040000915527344
-36.5529,145.988137,1,205.40042114257812,0.9540000557899475
-34.83313,148.913156,1,215.70059204101562,0.9670000672340393
-36.93631,149.659337,1,215.70059204101562,0.9670000672340393
-38.3177,142.23,1,224.10154724121094,0.937000036239624
-34.7559,149.529,1,215.70059204101562,0.9670000672340393
-34.3857,144.107081,0,221.7969207763672,0.9440000653266907
-35.727873,148.067546,0,215.70059204101562,0.9670000672340393
-35.41272,143.809864,1,230.39927673339844,0.9830000400543213
-36.219329,146.944486,1,196.10186767578125,1.0789999961853027
-37.350105,144.973914,0,216.60348510742188,0.9800000190734863
-33.9183,147.204,1,191.70065307617188,1.0670000314712524
-32.511155,150.091153,0,215.70059204101562,0.9670000672340393
-37.5451,149.452,1,215.70059204101562,0.9670000672340393
-37.864194,140.438561,0,239.49777221679688,0.971000075340271
-36.234654,149.109499,1,215.70059204101562,0.9670000672340393
-37.807562,145.263615,1,209.09742736816406,0.9180000424385071
-33.3346,148.859,1,215.70059204101562,0.9670000672340393
-33.403469,149.616381,1,215.70059204101562,0.9670000672340393
-36.003053,145.235897,0,217.40371704101562,0.9940000176429749
-37.409127,143.359775,1,223.1012725830078,0.9980000257492065
-36.3758,148.484,1,215.70059204101562,0.9670000672340393
-33.965344,149.988918,0,215.70059204101562,0.9670000672340393
-37.9164,147.71,1,215.70059204101562,0.9670000672340393
-32.627047,149.837777,1,215.70059204101562,0.9670000672340393
-36.156837,147.974401,0,215.70059204101562,0.9670000672340393
-37.7166,145.051,1,214.0988006591797,0.9830000400543213
-36.388513,148.848057,1,215.70059204101562,0.9670000672340393
-37.641573,145.085825,1,213.2025604248047,0.9750000238418579
-34.135645,144.664615,0,218.2039337158203,0.9430000185966492
-37.747592,145.286861,1,207.4969940185547,0.8840000629425049
-38.007302,145.999131,1,191.59661865234375,0.7450000643730164
-35.609193,148.615139,0,215.70059204101562,0.9670000672340393
-37.761258,142.905421,0,220.79664611816406,0.9340000152587891
-33.2809,149.065,1,215.70059204101562,0.9670000672340393
-33.9801,150.839,1,215.70059204101562,0.9670000672340393
-34.042827,150.671115,1,215.70059204101562,0.9670000672340393
-35.536993,142.057047,0,235.296630859375,0.971000075340271
-37.129981,144.332411,1,222.99725341796875,0.9860000610351562
-34.383537,143.839275,0,226.50221252441406,0.9540000557899475
-36.034513,146.98524,1,196.59799194335938,1.1160000562667847
-37.733906,141.917085,0,226.59823608398438,0.9330000281333923
-37.1002,141.05,1,236.00082397460938,0.9530000686645508
-34.328297,150.896029,1,215.70059204101562,0.9670000672340393
-34.885389,150.472865,0,215.70059204101562,0.9670000672340393
-38.459868,143.112174,0,216.40237426757812,0.9450000524520874
-36.651895,141.185067,0,236.4009246826172,0.9480000734329224
-35.9441,144.358,1,224.59768676757812,1.0049999952316284
-36.88379,148.162545,0,215.70059204101562,0.9670000672340393
-35.493705,146.580932,0,202.1995391845703,0.9490000605583191
-35.281225,150.418689,0,215.70059204101562,0.9670000672340393
-37.030548,142.799039,1,225.3979034423828,0.9720000624656677
-33.9601,150.957,1,215.70059204101562,0.9670000672340393
-38.009221,143.687321,0,217.89984130859375,0.9570000171661377
-36.849337,144.276617,1,225.50193786621094,0.9930000305175781
-32.531777,149.24586,0,215.70059204101562,0.9670000672340393
-34.531518,150.218026,1,215.70059204101562,0.9670000672340393
-37.449655,144.175774,1,224.5016632080078,0.987000048160553
-35.492385,147.56972,0,215.70059204101562,0.9670000672340393
-33.570366,144.942654,0,217.69979858398438,0.9420000314712524
-35.0951,149.352,1,215.70059204101562,0.9670000672340393
-35.230591,149.404643,1,215.70059204101562,0.9670000672340393
-36.850496,149.072877,0,215.70059204101562,0.9670000672340393
-37.598724,144.230797,1,223.39735412597656,0.9770000576972961
-36.931717,149.679422,1,215.70059204101562,0.9670000672340393
-37.493652,144.583676,1,221.30078125,0.9730000495910645
-35.0676,147.367,1,191.9007110595703,1.0670000314712524
-34.779829,150.42883,1,215.70059204101562,0.9670000672340393
-35.047863,145.377331,0,217.2996826171875,0.9740000367164612
-37.752515,145.353506,1,207.40097045898438,0.9010000228881836
-37.002608,141.55657,0,231.39955139160156,0.9530000686645508
-36.367879,146.695154,1,201.10324096679688,1.0630000829696655
-31.325044,148.913683,0,215.70059204101562,0.9670000672340393
-38.368734,144.981817,1,212.60238647460938,0.9480000734329224
-37.926147,145.615651,1,202.70367431640625,0.906000018119812
-37.3888,144.268,1,223.70144653320312,0.9900000691413879
-37.234873,142.638827,1,223.9014892578125,0.9800000190734863
-38.2357,146.055,1,193.30052185058594,0.6800000071525574
-33.842392,146.794538,0,198.5025177001953,1.0170000791549683
-34.102422,146.192129,0,210.00167846679688,0.9450000524520874
-38.4414,145.823,1,195.00250244140625,0.6850000619888306
-36.782303,141.542161,0,233.20004272460938,0.9510000348091125
-35.104042,148.585971,1,215.70059204101562,0.9670000672340393
-36.1747,146.941,1,197.1981658935547,1.0950000286102295
-33.742667,150.479481,1,215.70059204101562,0.9670000672340393
-37.986402,145.900864,0,195.50169372558594,0.8160000443458557
-36.321621,146.301203,1,206.69677734375,0.9430000185966492
-36.9452,144.681,1,222.50111389160156,0.971000075340271
-37.595223,143.220587,1,221.59686279296875,0.9900000691413879
-37.597163,143.121997,0,220.90066528320312,0.984000027179718
-36.3396,149.547,1,215.70059204101562,0.9670000672340393
-34.4042,150.504,1,215.70059204101562,0.9670000672340393
-35.8323,149.129,1,215.70059204101562,0.9670000672340393
-36.457668,142.026215,1,231.5035858154297,0.9830000400543213
-37.843882,145.314257,1,209.2974853515625,0.956000030040741
-36.1,146.8,1,200.703125,1.065000057220459
-36.798625,142.02196,1,230.7993927001953,0.9650000333786011
-38.67012,143.493423,1,214.79718017578125,0.9480000734329224
-35.01142,149.236544,1,215.70059204101562,0.9670000672340393
-36.06813,147.345583,0,189.90016174316406,1.1030000448226929
-37.148623,146.871277,0,187.8996124267578,0.9260000586509705
-36.952639,144.279394,1,225.70199584960938,0.984000027179718
-37.7612,140.653,1,238.8015899658203,0.9620000720024109
-33.780178,146.089213,0,210.99795532226562,0.9440000653266907
-36.502547,143.434568,0,228.59878540039062,1.0040000677108765
-36.438862,142.524177,0,230.39927673339844,0.9880000352859497
-38.0122,143.969,1,220.30050659179688,0.9510000348091125
-37.649087,146.447164,0,188.2036895751953,0.7280000448226929
-31.849446,147.751649,0,215.70059204101562,0.9670000672340393
-35.331233,143.155411,0,235.09657287597656,0.9740000367164612
-33.383661,147.003821,0,191.300537109375,1.0660001039505005
-36.907257,145.233503,1,212.09825134277344,0.9940000176429749
-35.5044,150.368,1,215.70059204101562,0.9670000672340393
-35.119235,142.389114,0,238.40147399902344,0.9720000624656677
-36.341863,147.039761,1,194.5014190673828,1.0880000591278076
-34.042708,150.558113,0,215.70059204101562,0.9670000672340393
-34.659011,150.224376,1,215.70059204101562,0.9670000672340393
-37.169,143.59,1,224.79774475097656,0.9850000739097595
-34.034108,151.165726,1,215.70059204101562,0.9670000672340393
-35.2,149.7,1,215.70059204101562,0.9670000672340393
-34.75746,149.664273,1,215.70059204101562,0.9670000672340393
-35.14848,145.127985,0,217.09962463378906,0.9780000448226929
-37.571,145.415,1,207.40097045898438,0.9100000262260437
-34.761926,149.874677,1,215.70059204101562,0.9670000672340393
-38.586151,146.351105,1,192.5987548828125,0.8550000190734863
-36.165036,141.785216,0,233.8002166748047,0.9890000224113464
-38.058721,141.921071,1,226.7022705078125,0.9240000247955322
-33.5067,150.496,1,215.70059204101562,0.9670000672340393
-37.711365,145.072502,1,213.80271911621094,0.9860000610351562
-37.748349,145.713607,1,198.39849853515625,0.8260000348091125
-34.6473,150.71,1,215.70059204101562,0.9670000672340393
-38.214565,141.439227,0,230.99945068359375,0.9340000152587891
-34.442737,147.600369,0,188.6998291015625,1.0670000314712524
-32.810553,148.456908,0,215.70059204101562,0.9670000672340393
-33.510494,145.676148,0,214.40289306640625,0.9500000476837158
-31.596589,149.422086,0,215.70059204101562,0.9670000672340393
-31.969818,148.731151,0,215.70059204101562,0.9670000672340393
-38.236547,146.781051,0,189.09799194335938,0.9900000691413879
-36.6361,146.833,1,194.70147705078125,0.984000027179718
-37.1146,144.428,1,224.5016632080078,0.9850000739097595
-34.416054,150.863032,1,215.70059204101562,0.9670000672340393
-37.7,142.9,1,221.50083923339844,0.9430000185966492
-33.6706,149.771,1,215.70059204101562,0.9670000672340393
-37.0612,144.308,1,225.59796142578125,0.9780000448226929
-33.114824,148.240581,0,215.70059204101562,0.9670000672340393
-35.5306,149.177,1,215.70059204101562,0.9670000672340393
-35.777591,148.802814,0,215.70059204101562,0.9670000672340393
-34.39589,150.886329,1,215.70059204101562,0.9670000672340393
-32.383747,147.419281,0,215.70059204101562,0.9670000672340393
-35.649842,145.152049,0,218.29995727539062,0.9920000433921814
-31.703917,148.764072,0,215.70059204101562,0.9670000672340393
-34.496274,150.776895,1,215.70059204101562,0.9670000672340393
-33.642839,150.802653,1,215.70059204101562,0.9670000672340393
-34.175348,148.58209,0,215.70059204101562,0.9670000672340393
-34.5693,145.814,1,215.0990753173828,0.937000036239624
-33.5254,149.242,1,215.70059204101562,0.9670000672340393
-35.660578,150.292526,1,215.70059204101562,0.9670000672340393
-33.755432,150.62324,1,215.70059204101562,0.9670000672340393
-35.242829,142.295218,0,237.29718017578125,0.9700000286102295
-35.038458,149.226524,1,215.70059204101562,0.9670000672340393
-37.3557,144.748,1,220.30050659179688,0.9770000576972961
-34.4398,150.837,1,215.70059204101562,0.9670000672340393
-38.32298,147.072457,0,191.70065307617188,1.0730000734329224
-36.975677,144.184795,1,225.99807739257812,0.9770000576972961
-36.386584,142.589972,0,230.59933471679688,0.9890000224113464
-34.8711,147.486,1,188.2036895751953,1.0120000839233398
-35.958644,145.03179,0,218.50001525878906,1.00600004196167
-34.528893,148.162995,1,215.70059204101562,0.9670000672340393
-37.734346,146.285828,0,188.49977111816406,0.7090000510215759
-37.203686,144.819377,0,219.19619750976562,0.987000048160553
-36.4228,148.625,1,215.70059204101562,0.9670000672340393
-34.689604,150.061625,0,215.70059204101562,0.9670000672340393
-36.4037,148.415,1,215.70059204101562,0.9670000672340393
-34.1368,151.114,1,215.70059204101562,0.9670000672340393
-36.251786,149.705077,0,215.70059204101562,0.9670000672340393
-36.527663,140.929697,0,239.49777221679688,0.9330000281333923
-36.873046,141.523487,0,232.90396118164062,0.9520000219345093
-33.769964,150.962461,1,215.70059204101562,0.9670000672340393
-32.760368,148.8112,0,215.70059204101562,0.9670000672340393
-36.1203,145.087,1,217.69979858398438,1.0040000677108765
-36.986627,149.82128,1,215.70059204101562,0.9670000672340393
-34.825738,149.824971,1,215.70059204101562,0.9670000672340393
-35.690733,146.954539,1,198.1024169921875,1.097000002861023
-37.4849,144.697,1,219.900390625,0.9700000286102295
-35.166725,149.593197,1,215.70059204101562,0.9670000672340393
-37.766483,145.489093,1,204.69622802734375,0.9000000357627869
-37.708754,145.139053,1,211.898193359375,0.9420000314712524
-34.77366,146.472955,0,205.29638671875,0.9290000200271606
-37.237819,144.317961,0,223.9014892578125,0.9920000433921814
-37.069938,149.893575,1,215.70059204101562,0.9670000672340393
-34.7027,149.616,1,215.70059204101562,0.9670000672340393
-37.851532,147.946518,1,215.70059204101562,0.9670000672340393
-37.015695,144.117348,1,225.50193786621094,0.9740000367164612
-34.0525,150.528,1,215.70059204101562,0.9670000672340393
-34.9403,150.554,1,215.70059204101562,0.9670000672340393
-36.867798,146.488249,0,193.90126037597656,0.7510000467300415
-38.540536,146.032476,0,198.003173828125,0.8600000143051147
-36.627053,141.342935,0,235.09657287597656,0.9540000557899475
-36.814985,149.726234,1,215.70059204101562,0.9670000672340393
-34.076071,147.143987,0,193.90126037597656,1.0530000925064087
-38.712181,143.36447,0,215.2972869873047,0.9580000638961792
-37.697573,148.085761,0,215.70059204101562,0.9670000672340393
-33.557339,147.405681,0,187.60353088378906,1.1420000791549683
-37.361916,149.950471,1,215.70059204101562,0.9670000672340393
-33.7154,150.43,1,215.70059204101562,0.9670000672340393
-36.182392,146.881229,0,198.5025177001953,1.0760000944137573
-32.908379,146.596153,0,198.5025177001953,1.003000020980835
-37.581868,146.97043,0,185.00030517578125,0.9720000624656677
-37.866903,141.006795,0,235.00054931640625,0.9460000395774841
-37.9431,145.601,1,203.7999725341797,0.9100000262260437
-32.906955,149.980437,0,215.70059204101562,0.9670000672340393
-33.226225,147.32813,0,186.60325622558594,1.1400001049041748
-34.577621,150.539841,0,215.70059204101562,0.9670000672340393
-34.069064,150.448222,1,215.70059204101562,0.9670000672340393
-37.555889,144.072932,0,223.9014892578125,0.9770000576972961
-34.942437,149.249014,1,215.70059204101562,0.9670000672340393
-32.5731,149.574,1,215.70059204101562,0.9670000672340393
-36.196254,140.834097,0,240.80213928222656,0.9320000410079956
-33.7304,150.232,1,215.70059204101562,0.9670000672340393
-35.917344,150.142512,1,215.70059204101562,0.9670000672340393
-38.075042,146.176616,1,190.5983123779297,0.7020000219345093
-36.059821,147.706574,0,215.70059204101562,0.9670000672340393
-36.1252,143.723,1,231.1034698486328,1.0110000371932983
-33.581811,150.251497,1,215.70059204101562,0.9670000672340393
-33.989015,148.448696,0,215.70059204101562,0.9670000672340393
-37.885776,145.29285,1,210.0977020263672,0.9620000720024109
-34.941133,145.956425,0,213.40261840820312,0.9570000171661377
-38.5696,143.557,1,215.6038055419922,0.9520000219345093
-36.610651,140.724723,0,243.298828125,0.9670000672340393
-35.015492,150.828594,1,215.70059204101562,0.9670000672340393
-34.820279,150.560525,1,215.70059204101562,0.9670000672340393
-37.256805,145.398687,1,209.69760131835938,0.9700000286102295
-33.7502,150.465,1,215.70059204101562,0.9670000672340393
-38.155195,142.19943,0,224.19757080078125,0.9270000457763672
-37.9476,143.313,1,218.2039337158203,0.9540000557899475
-38.053993,144.060815,1,221.19674682617188,0.9550000429153442
-38.01683,147.450943,0,184.00253295898438,1.1140000820159912
-37.144082,142.871404,0,223.39735412597656,0.9660000205039978
-35.887298,148.357818,0,215.70059204101562,0.9670000672340393
-37.596,144.424,1,222.59713745117188,0.9730000495910645
-36.943907,149.906815,1,215.70059204101562,0.9670000672340393
-36.835,149.809,1,215.70059204101562,0.9670000672340393
-34.427256,150.826331,1,215.70059204101562,0.9670000672340393
-34.572937,150.866888,1,215.70059204101562,0.9670000672340393
-35.091003,150.247102,1,215.70059204101562,0.9670000672340393
-37.712586,144.992242,1,214.60293579101562,0.9670000672340393
-37.641551,145.085822,1,213.2025604248047,0.9750000238418579
-37.141832,144.064395,1,225.59796142578125,0.9800000190734863
-35.438761,145.35642,0,217.2036590576172,0.9820000529289246
-34.299082,147.027438,0,196.59799194335938,1.0410000085830688
-35.953963,147.697794,0,215.70059204101562,0.9670000672340393
-37.46179,147.357855,0,180.00143432617188,1.00600004196167
-32.384201,148.157212,0,215.70059204101562,0.9670000672340393
-38.093315,143.140917,0,217.2996826171875,0.9380000233650208
-36.241209,149.116485,1,215.70059204101562,0.9670000672340393
-37.389812,148.836165,0,215.70059204101562,0.9670000672340393
-33.380007,149.507126,0,215.70059204101562,0.9670000672340393
-34.611969,150.58305,1,215.70059204101562,0.9670000672340393
-38.396143,146.598579,0,190.7031707763672,0.9570000171661377
-38.4613,144.894,1,209.29595947265625,0.8750000596046448
-35.602145,148.69348,0,215.70059204101562,0.9670000672340393
-38.19314,144.113561,0,220.9967041015625,0.9490000605583191
-32.533142,149.062618,0,215.70059204101562,0.9670000672340393
-38.118316,146.476882,1,190.39630126953125,0.831000030040741
-36.802547,144.260021,0,225.70199584960938,0.9980000257492065
-36.934626,145.545105,0,209.2014617919922,0.9910000562667847
-38.626135,145.606406,1,201.39907836914062,0.8190000653266907
-34.7852,147.036,1,196.30191040039062,1.0290000438690186
-33.110542,148.823715,1,215.70059204101562,0.9670000672340393
-33.628584,150.292509,1,215.70059204101562,0.9670000672340393
-31.8656,148.666,1,215.70059204101562,0.9670000672340393
-37.073394,144.502759,1,224.5016632080078,0.984000027179718
-36.964943,141.65997,0,231.70364379882812,0.9530000686645508
-36.166067,143.112651,0,231.1034698486328,1.0230000019073486
-35.19756,146.967198,0,196.39794921875,1.0180000066757202
-32.6042,149.645,1,215.70059204101562,0.9670000672340393
-36.8882,149.745,1,215.70059204101562,0.9670000672340393
-34.6977,150.241,1,215.70059204101562,0.9670000672340393
-36.1144,146.84,1,199.39877319335938,1.069000005722046
-35.914517,149.80192,0,215.70059204101562,0.9670000672340393
-32.741857,149.42384,1,215.70059204101562,0.9670000672340393
-37.9645,145.022,1,214.29885864257812,0.9780000448226929
-38.336149,146.574221,0,191.70065307617188,0.9820000529289246
-34.397941,150.375715,1,215.70059204101562,0.9670000672340393
-33.466306,148.43778,0,215.70059204101562,0.9670000672340393
-35.113403,148.215869,0,215.70059204101562,0.9670000672340393
-38.423652,145.051717,1,209.2974853515625,0.8840000629425049
-37.1464,144.063,1,225.59796142578125,0.9800000190734863
-35.089878,148.265846,0,215.70059204101562,0.9670000672340393
-33.71043,144.763001,0,218.7000732421875,0.937000036239624
-38.6335,145.745,1,199.00338745117188,0.7880000472068787
-36.6999,144.164,1,226.1020965576172,1.0130000114440918
-38.142084,143.459411,1,216.4994659423828,0.9310000538825989
-35.095433,145.9899,0,212.69842529296875,0.9390000700950623
-32.8967,149.465,1,215.70059204101562,0.9670000672340393
-37.407417,147.763143,0,182.00198364257812,1.1690000295639038
-35.8303,147.223,1,215.70059204101562,0.9670000672340393
-35.737515,146.899812,1,198.59854125976562,1.0910000801086426
-37.334839,144.184046,1,223.99752807617188,0.9960000514984131
-36.9571,144.241,1,225.90203857421875,0.984000027179718
-37.081061,144.069039,1,225.10182189941406,0.9780000448226929
-34.909454,150.724577,1,215.70059204101562,0.9670000672340393
-35.543731,146.630817,0,201.79942321777344,0.9720000624656677
-34.330841,150.678834,0,215.70059204101562,0.9670000672340393
-37.1321,143.961,1,225.90203857421875,0.9810000658035278
-34.226118,150.584999,1,215.70059204101562,0.9670000672340393
-31.629311,149.416692,0,215.70059204101562,0.9670000672340393
-34.971955,144.653359,0,217.89984130859375,0.9720000624656677
-36.490281,149.42169,0,215.70059204101562,0.9670000672340393
-37.00787,143.892164,0,226.1981201171875,0.9800000190734863
-38.844121,145.997986,1,195.69619750976562,0.7980000376701355
-32.394436,148.703456,0,215.70059204101562,0.9670000672340393
-34.839597,150.614221,1,215.70059204101562,0.9670000672340393
-35.187472,145.803401,0,214.89901733398438,0.9540000557899475
-32.024849,147.655504,0,215.70059204101562,0.9670000672340393
-34.59129,146.427704,1,205.80052185058594,0.9010000228881836
-37.3966,144.528,1,222.39707946777344,0.984000027179718
-36.9105,144.684,1,222.39707946777344,0.9720000624656677
-35.678117,150.177654,1,215.70059204101562,0.9670000672340393
-33.2797,148.747,1,215.70059204101562,0.9670000672340393
-34.711818,149.99853,1,215.70059204101562,0.9670000672340393
-38.366533,144.227119,1,219.99642944335938,0.9490000605583191
-33.788027,150.828768,1,215.70059204101562,0.9670000672340393
-37.702809,143.59338,1,221.19674682617188,0.9720000624656677
-36.7563,149.941,1,215.70059204101562,0.9670000672340393
-36.606758,148.618997,0,215.70059204101562,0.9670000672340393
-37.633607,143.444665,1,221.70089721679688,0.9640000462532043
-34.8368,149.006,1,215.70059204101562,0.9670000672340393
-35.7491,148.971,1,215.70059204101562,0.9670000672340393
-35.754384,150.19931,1,215.70059204101562,0.9670000672340393
-35.866112,148.497223,1,215.70059204101562,0.9670000672340393
-37.096604,149.474953,0,215.70059204101562,0.9670000672340393
-35.985681,141.901118,0,233.49612426757812,1.0040000677108765
-37.510605,142.923751,0,221.30078125,0.9740000367164612
-38.018719,143.46149,1,218.00387573242188,0.9360000491142273
-33.318118,148.096071,0,215.70059204101562,0.9670000672340393
-38.5952,146.5,1,190.89675903320312,0.9290000200271606
-36.127664,146.842902,1,199.302734375,1.062000036239624
-34.579224,150.772125,1,215.70059204101562,0.9670000672340393
-37.5,149.5,1,215.70059204101562,0.9670000672340393
-36.5112,145.767,1,209.09742736816406,0.9760000705718994
-36.483095,146.729482,0,201.39932250976562,1.055999994277954
-34.9973,150.718,1,215.70059204101562,0.9670000672340393
-34.43646,148.100367,0,215.70059204101562,0.9670000672340393
-34.7392,149.79,1,215.70059204101562,0.9670000672340393
-36.0737,149.154,1,215.70059204101562,0.9670000672340393
-38.362546,142.501869,1,221.19674682617188,0.937000036239624
-33.788415,150.915771,1,215.70059204101562,0.9670000672340393
-33.305776,150.359685,0,215.70059204101562,0.9670000672340393
-34.466653,150.010261,1,215.70059204101562,0.9670000672340393
-34.7522,146.548,1,203.39987182617188,0.9320000410079956
-38.154675,146.504066,1,191.50059509277344,0.9020000696182251
-37.909567,145.34675,1,207.4969940185547,0.8940000534057617
-35.3,144.3,1,223.19729614257812,0.9770000576972961
-33.931448,150.633056,1,215.70059204101562,0.9670000672340393
-37.263243,145.252282,1,211.0979766845703,0.971000075340271
-34.038075,146.877565,0,197.99838256835938,1.027000069618225
-38.248406,141.392593,0,231.39955139160156,0.9430000185966492
-33.424324,149.849076,0,215.70059204101562,0.9670000672340393
-34.0134,151.085,1,215.70059204101562,0.9670000672340393
-35.488607,144.632055,0,220.5005645751953,0.9860000610351562
-37.421301,145.077838,1,213.49864196777344,0.9670000672340393
-35.144097,146.782827,1,197.5022430419922,0.9520000219345093
-33.8388,150.958,1,215.70059204101562,0.9670000672340393
-38.083036,145.345702,1,208.4972686767578,0.9230000376701355
-34.689761,150.611235,1,215.70059204101562,0.9670000672340393
-37.8525,145.37,1,208.4012451171875,0.9360000491142273
-35.530653,143.972993,1,228.70281982421875,0.9880000352859497
-37.614603,145.041068,1,214.29885864257812,0.9810000658035278
-34.212395,146.123093,0,210.49781799316406,0.8750000596046448
-38.2,146.2,1,193.0020751953125,0.7460000514984131
-35.367181,145.322573,1,217.2036590576172,0.9810000658035278
-36.802099,144.240411,1,225.70199584960938,0.9980000257492065
-34.99464,150.396521,0,215.70059204101562,0.9670000672340393
-37.344087,144.178477,1,223.99752807617188,0.9960000514984131
-35.430161,145.208146,0,218.0998992919922,0.9900000691413879
-37.9843,147.073,1,186.4031982421875,1.0250000953674316
-37.607015,142.076526,0,226.7982940673828,0.9460000395774841
-35.2692,149.119,1,215.70059204101562,0.9670000672340393
-36.176403,144.858594,0,219.70034790039062,0.9920000433921814
-35.392055,149.11925,1,215.70059204101562,0.9670000672340393
-36.901912,145.527533,0,209.2974853515625,0.9910000562667847
-38.387696,143.622375,1,215.20310974121094,0.9140000343322754
-35.127495,149.001659,1,215.70059204101562,0.9670000672340393
-37.25494,145.391031,1,210.40179443359375,0.971000075340271
-35.812453,148.927374,1,215.70059204101562,0.9670000672340393
-35.839705,146.799004,1,199.70285034179688,1.0750000476837158
-36.0577,146.969,1,196.59799194335938,1.1019999980926514
-37.88499,144.989594,1,214.60293579101562,0.9480000734329224
-37.7329,145.161,1,211.001953125,0.9270000457763672
-36.33486,146.350671,0,205.80052185058594,0.9410000443458557
-36.76036,146.931,0,191.10049438476562,0.9600000381469727
-37.163603,146.459006,0,196.59799194335938,0.9350000619888306
-37.6764,145.121,1,211.898193359375,0.9450000524520874
-33.710864,150.623558,1,215.70059204101562,0.9670000672340393
-38.024989,145.284511,0,209.80162048339844,0.971000075340271
-36.545583,143.837704,0,228.19866943359375,1.0040000677108765
-35.4166,149.354,1,215.70059204101562,0.9670000672340393
-36.543003,140.878295,0,240.20196533203125,0.940000057220459
-37.6666,144.354,1,222.59713745117188,0.9670000672340393
-34.449359,146.902096,0,198.30245971679688,1.0140000581741333
-34.5864,150.791,1,215.70059204101562,0.9670000672340393
-36.502341,141.92595,0,231.599609375,0.9660000205039978
-34.383983,146.340331,0,207.8970947265625,0.9200000166893005
-34.377739,145.525575,0,216.29940795898438,0.9440000653266907
-38.137385,144.132848,0,220.90066528320312,0.9440000653266907
-35.179898,149.727303,1,215.70059204101562,0.9670000672340393
-37.881959,147.363546,0,181.40182495117188,1.0460000038146973
-37.696737,145.262226,1,209.40151977539062,0.9070000648498535
-35.562577,149.763873,0,215.70059204101562,0.9670000672340393
-36.342059,146.859138,0,195.7977752685547,1.0140000581741333
-33.931424,150.633363,1,215.70059204101562,0.9670000672340393
-34.280318,150.952615,1,215.70059204101562,0.9670000672340393
-34.615463,150.450586,1,215.70059204101562,0.9670000672340393
-32.160443,147.359426,0,215.70059204101562,0.9670000672340393
-33.684662,150.308395,1,215.70059204101562,0.9670000672340393
-36.0781,146.907,1,197.5022430419922,1.0860000848770142
-38.419692,142.97232,1,216.40237426757812,0.9450000524520874
-37.663785,145.52536,1,204.60018920898438,0.9130000472068787
-37.4808,144.142,1,224.5016632080078,0.9860000610351562
-35.526305,142.182534,0,234.89651489257812,0.968000054359436
-33.592859,148.616739,1,215.70059204101562,0.9670000672340393
-35.938837,143.859828,0,230.703369140625,1.002000093460083
-38.0143,146.691,1,188.50106811523438,0.9280000329017639
-36.615327,146.845045,0,196.50196838378906,1.0530000925064087
-33.698702,150.365337,1,215.70059204101562,0.9670000672340393
-33.7962,150.963,1,215.70059204101562,0.9670000672340393
-37.493593,144.583118,1,221.30078125,0.9730000495910645
-38.0478,145.374,1,207.8970947265625,0.9260000586509705
-38.1967,145.496,1,205.80052185058594,0.9390000700950623
-38.238707,145.122967,0,210.49781799316406,0.8980000615119934
-34.492829,150.768656,1,215.70059204101562,0.9670000672340393
-36.2555,146.815,1,198.5025177001953,1.062000036239624
-34.7568,146.594,1,201.99948120117188,0.9320000410079956
-36.2503,144.958,1,218.00387573242188,1.0010000467300415
-33.2832,148.744,1,215.70059204101562,0.9670000672340393
-35.598298,144.666308,0,219.900390625,0.999000072479248
-37.604746,145.146447,1,212.89846801757812,0.9670000672340393
-36.715211,142.06458,0,230.99945068359375,0.9640000462532043
-38.122972,145.917815,1,189.79612731933594,0.6530000567436218
-37.381514,149.01365,0,215.70059204101562,0.9670000672340393
-35.273891,149.145503,0,215.70059204101562,0.9670000672340393
-33.9561,149.316,1,215.70059204101562,0.9670000672340393
-36.880103,149.530838,0,215.70059204101562,0.9670000672340393
-32.857103,149.983743,1,215.70059204101562,0.9670000672340393
-36.93723,145.605475,0,208.89736938476562,0.9900000691413879
-35.108098,149.245036,0,215.70059204101562,0.9670000672340393
-36.118964,149.441059,0,215.70059204101562,0.9670000672340393
-37.598622,144.231321,1,223.597412109375,0.9720000624656677
-38.5104,143.741,1,215.99905395507812,0.9520000219345093
-37.659576,145.468944,1,206.60073852539062,0.9200000166893005
-36.154128,149.477803,0,215.70059204101562,0.9670000672340393
-37.6876,140.698,1,239.00164794921875,0.9550000429153442
-37.440828,145.812148,0,201.30328369140625,0.8910000324249268
-36.543027,146.694464,0,197.10214233398438,0.9340000152587891
-33.253094,146.685098,0,197.99838256835938,0.9960000514984131
-35.1383,147.359,1,192.90098571777344,1.0860000848770142
-34.735517,149.710346,1,215.70059204101562,0.9670000672340393
-37.2471,147.631,1,179.69735717773438,1.096000075340271
-37.7577,144.951,1,215.0030517578125,0.9450000524520874
-37.766,144.983,1,214.60293579101562,0.956000030040741
-35.405162,149.35136,0,215.70059204101562,0.9670000672340393
-35.030038,147.898184,0,215.70059204101562,0.9670000672340393
-32.6103,149.585,1,215.70059204101562,0.9670000672340393
-37.891729,143.363311,1,219.30023193359375,0.9590000510215759
-37.020998,145.805853,1,205.40042114257812,0.956000030040741
-35.105045,150.046568,0,215.70059204101562,0.9670000672340393
-32.41754,149.659982,0,215.70059204101562,0.9670000672340393
-35.09057,150.248141,1,215.70059204101562,0.9670000672340393
-35.315716,148.912112,0,215.70059204101562,0.9670000672340393
-35.951193,144.964286,1,219.99642944335938,1.00600004196167
-37.696816,140.613998,1,239.20169067382812,0.9610000252723694
-36.3167,146.37,1,205.2003631591797,0.9410000443458557
-35.346958,144.483984,0,221.19674682617188,0.9830000400543213
-35.894407,148.86612,0,215.70059204101562,0.9670000672340393
-37.1525,149.865,1,215.70059204101562,0.9670000672340393
-34.142153,151.031729,1,215.70059204101562,0.9670000672340393
-35.886,144.31,1,226.1020965576172,1.0110000371932983
-38.052244,145.126433,1,211.60211181640625,0.9280000329017639
-37.970564,142.406521,0,222.90121459960938,0.9300000667572021
-33.618371,147.489601,0,187.60353088378906,1.156000018119812
-35.9699,149.741,1,215.70059204101562,0.9670000672340393
-31.643746,149.002977,0,215.70059204101562,0.9670000672340393
-38.5557,143.948,1,214.2002716064453,0.9160000681877136
-35.13891,150.762611,1,215.70059204101562,0.9670000672340393
-38.402162,145.916518,1,198.19674682617188,0.7520000338554382
-33.687306,150.49242,1,215.70059204101562,0.9670000672340393
-38.404513,144.184846,1,219.5963134765625,0.9570000171661377
-36.292788,144.210864,0,226.7022705078125,1.0070000886917114
-33.784948,150.80242,1,215.70059204101562,0.9670000672340393
-38.827141,143.498128,1,213.79696655273438,0.9600000381469727
-35.610449,145.956663,0,214.00277709960938,0.9440000653266907
-32.003797,149.273856,0,215.70059204101562,0.9670000672340393
-34.264256,150.545702,0,215.70059204101562,0.9670000672340393
-35.05309,144.474061,0,219.79637145996094,0.9690000414848328
-33.304056,148.758534,0,215.70059204101562,0.9670000672340393
-36.1,148.6,1,215.70059204101562,0.9670000672340393
-35.582806,148.948407,0,215.70059204101562,0.9670000672340393
-34.880374,148.989349,1,215.70059204101562,0.9670000672340393
-37.4139,143.326,1,222.59713745117188,1.0049999952316284
-38.0311,145.54,1,205.49644470214844,0.9740000367164612
-34.7719,150.571,1,215.70059204101562,0.9670000672340393
-34.496719,145.624813,0,215.8992919921875,0.9490000605583191
-35.209129,149.098819,1,215.70059204101562,0.9670000672340393
-36.332784,146.837235,1,197.5982666015625,1.0329999923706055
-35.0206,149.27,1,215.70059204101562,0.9670000672340393
-36.860726,144.164062,0,226.1981201171875,0.9880000352859497
-38.236135,146.003443,0,192.89720153808594,0.6640000343322754
-38.6639,146.677,1,190.00140380859375,1.0180000066757202
-36.4188,143.614,1,228.90286254882812,1.0040000677108765
-37.3806,146.209,1,194.99755859375,0.8330000638961792
-37.815303,140.843918,0,236.80104064941406,0.9630000591278076
-37.67501,144.23134,1,223.19729614257812,0.9690000414848328
-33.989183,149.682709,1,215.70059204101562,0.9670000672340393
-33.394633,145.985648,1,210.79629516601562,0.9170000553131104
-35.577161,145.810206,0,215.4991912841797,0.9530000686645508
-34.7,146.7,1,200.10296630859375,0.9340000152587891
-32.543348,148.594544,0,215.70059204101562,0.9670000672340393
-33.755341,150.623316,1,215.70059204101562,0.9670000672340393
-33.089129,148.869087,1,215.70059204101562,0.9670000672340393
-35.020547,150.496364,1,215.70059204101562,0.9670000672340393
-35.1,150.6,1,215.70059204101562,0.9670000672340393
-36.679213,145.553354,0,210.60183715820312,0.9810000658035278
-37.0941,144.204,1,225.3979034423828,0.9800000190734863
-36.143635,144.136418,0,227.79856872558594,1.0120000839233398
-33.712777,150.453723,1,215.70059204101562,0.9670000672340393
-38.013287,143.608446,1,218.2039337158203,0.9540000557899475
-37.2038,143.041,1,223.5013885498047,0.968000054359436
-34.18018,150.99264,1,215.70059204101562,0.9670000672340393
-36.167733,143.528177,0,231.70364379882812,1.0240000486373901
-34.5278,150.543,1,215.70059204101562,0.9670000672340393
-37.4638,144.678,1,220.79664611816406,0.9730000495910645
-36.925821,145.372237,1,210.29776000976562,0.9770000576972961
-34.198932,149.468952,1,215.70059204101562,0.9670000672340393
-36.03451,146.985204,1,196.59799194335938,1.1160000562667847
-38.324211,142.757071,0,219.70034790039062,0.9290000200271606
-34.643033,148.023444,1,215.70059204101562,0.9670000672340393
-33.316257,150.269526,0,215.70059204101562,0.9670000672340393
-36.603414,145.860911,0,206.29666137695312,0.9330000281333923
-34.72,147.74,1,215.70059204101562,0.9670000672340393
-35.722415,148.543187,0,215.70059204101562,0.9670000672340393
-36.0,146.5,1,205.80052185058594,0.9750000238418579
-37.891202,143.363353,1,219.30023193359375,0.9590000510215759
-36.291495,144.79908,1,220.10044860839844,1.0
-31.476377,149.102679,0,215.70059204101562,0.9670000672340393
-34.241901,150.707768,1,215.70059204101562,0.9670000672340393
-37.1041,144.116,1,224.997802734375,0.9790000319480896
-37.843756,145.31371,1,209.49754333496094,0.9500000476837158
-34.807617,150.635214,1,215.70059204101562,0.9670000672340393
-36.4189,143.614,1,228.90286254882812,1.0040000677108765
-31.897996,147.857548,0,215.70059204101562,0.9670000672340393
-36.113291,147.882685,0,215.70059204101562,0.9670000672340393
-34.069044,150.448181,1,215.70059204101562,0.9670000672340393
-37.6,145.0,1,214.80299377441406,0.9830000400543213
-36.970191,143.560777,0,226.90231323242188,0.9890000224113464
-33.669926,150.918563,1,215.70059204101562,0.9670000672340393
-34.066755,147.142664,0,193.90126037597656,1.0530000925064087
-36.023783,147.690759,0,215.70059204101562,0.9670000672340393
-37.3145,144.336,1,223.5013885498047,0.9960000514984131
-36.94589,142.267502,0,229.19894409179688,0.9640000462532043
-36.4703,145.295,1,214.29885864257812,0.9830000400543213
-34.84226,148.928433,1,215.70059204101562,0.9670000672340393
-34.3475,150.901,1,215.70059204101562,0.9670000672340393
-38.036614,145.274108,1,210.2017364501953,0.9690000414848328
-37.175983,143.8744,0,224.79774475097656,0.9860000610351562
-34.372,149.378,1,215.70059204101562,0.9670000672340393
-36.331432,146.406422,1,205.6004638671875,0.9740000367164612
-33.860528,149.964538,0,215.70059204101562,0.9670000672340393
-35.925497,145.779302,0,214.698974609375,0.9530000686645508
-32.9836,149.757,1,215.70059204101562,0.9670000672340393
-33.244934,149.477319,0,215.70059204101562,0.9670000672340393
-36.603529,149.335128,0,215.70059204101562,0.9670000672340393
-35.12903,148.407314,0,215.70059204101562,0.9670000672340393
-35.78086,148.252364,1,215.70059204101562,0.9670000672340393
-33.6981,150.951,1,215.70059204101562,0.9670000672340393
-33.256327,150.18624,1,215.70059204101562,0.9670000672340393
-35.1923,149.05,1,215.70059204101562,0.9670000672340393
-37.534367,145.441717,1,207.69705200195312,0.9510000348091125
-36.797652,149.553393,0,215.70059204101562,0.9670000672340393
-35.206518,149.111457,1,215.70059204101562,0.9670000672340393
-36.816051,146.567572,0,193.90126037597656,0.8290000557899475
-33.3441,147.413574,0,215.70059204101562,0.9670000672340393
-34.4354,149.211,1,215.70059204101562,0.9670000672340393
-38.248206,145.088317,0,213.298583984375,0.9910000562667847
-35.286994,143.536467,1,233.4001007080078,0.9740000367164612
-35.43352,150.326289,1,215.70059204101562,0.9670000672340393
-35.732392,141.690328,0,235.09657287597656,0.9690000414848328
-34.617621,149.398471,0,215.70059204101562,0.9670000672340393
-35.263218,149.073076,1,215.70059204101562,0.9670000672340393
-35.109414,146.254492,1,209.49754333496094,0.9230000376701355
-36.262786,142.091251,0,232.90396118164062,0.9890000224113464
-38.301488,144.160318,1,220.19647216796875,0.9440000653266907
-37.732284,144.057018,1,222.99725341796875,0.9700000286102295
-38.014542,143.339862,1,217.40371704101562,0.9550000429153442
-37.6831,145.508,1,203.7999725341797,0.862000048160553
-35.2015,149.058,1,215.70059204101562,0.9670000672340393
-33.265103,147.427451,0,215.70059204101562,0.9670000672340393
-37.855224,147.562718,1,182.00198364257812,1.1130000352859497
-36.2098,149.069,1,215.70059204101562,0.9670000672340393
-38.569999,146.249731,0,194.89764404296875,0.8700000643730164
-31.910032,148.917075,0,215.70059204101562,0.9670000672340393
-37.0453,148.932,1,215.70059204101562,0.9670000672340393
-34.2584,149.886,1,215.70059204101562,0.9670000672340393
-36.10603,149.10354,0,215.70059204101562,0.9670000672340393
-37.565806,144.353489,1,222.99725341796875,0.9810000658035278
-33.761804,150.644222,1,215.70059204101562,0.9670000672340393
-36.199158,146.954189,1,197.1981658935547,1.0950000286102295
-36.015158,142.724689,0,232.5038604736328,1.0099999904632568
-37.63511,144.671648,0,220.30050659179688,0.968000054359436
-38.009,145.861,1,197.39822387695312,0.8790000677108765
-36.532947,140.629657,0,244.49725341796875,0.956000030040741
-35.147463,147.406773,1,193.1970672607422,1.1030000448226929
-34.729,146.667,1,200.99920654296875,0.9410000443458557
-36.269926,146.148995,1,208.4012451171875,0.9690000414848328
-38.687,143.77,1,216.10391235351562,0.9610000252723694
-37.5288,143.893,1,223.99752807617188,0.9790000319480896
-33.737906,144.681101,0,219.19619750976562,0.9350000619888306
-37.8428,145.147,1,213.00250244140625,0.9880000352859497
-36.879783,146.078509,0,202.59963989257812,0.9390000700950623
-34.972235,149.907561,1,215.70059204101562,0.9670000672340393
-37.914062,147.098664,1,186.09912109375,1.0250000953674316
-33.256199,149.099674,1,215.70059204101562,0.9670000672340393
-35.891267,148.449092,1,215.70059204101562,0.9670000672340393
-37.786361,145.829932,0,199.9029083251953,0.9160000681877136
-33.643219,150.658674,1,215.70059204101562,0.9670000672340393
-34.44751,150.447156,1,215.70059204101562,0.9670000672340393
-35.559092,150.315512,0,215.70059204101562,0.9670000672340393
-35.246084,149.352598,1,215.70059204101562,0.9670000672340393
-33.407544,149.310235,1,215.70059204101562,0.9670000672340393
-35.599724,149.844482,1,215.70059204101562,0.9670000672340393
-34.386933,144.438783,0,218.0998992919922,0.9420000314712524
-33.635137,146.56942,0,202.103515625,0.9880000352859497
-33.482518,150.033453,1,215.70059204101562,0.9670000672340393
-35.75,146.906,1,198.9986572265625,1.096000075340271
-34.182498,144.863532,0,217.603759765625,0.9490000605583191
-38.2163,144.561,1,218.7000732421875,0.9420000314712524
-35.87103,145.822825,0,214.49891662597656,0.9630000591278076
-38.336068,143.600245,1,215.29913330078125,0.9220000505447388
-32.683374,149.520737,0,215.70059204101562,0.9670000672340393
-36.5619,146.723,1,197.10214233398438,0.9340000152587891
-35.369324,149.772964,1,215.70059204101562,0.9670000672340393
-36.805206,145.420287,1,210.49781799316406,0.9930000305175781
-33.996436,145.339098,0,217.09962463378906,0.9490000605583191
-33.491864,150.529472,1,215.70059204101562,0.9670000672340393
-35.386047,150.450959,1,215.70059204101562,0.9670000672340393
-36.908943,142.83921,0,225.7980194091797,0.9810000658035278
-35.259914,147.478793,0,215.70059204101562,0.9670000672340393
-32.513367,149.076598,0,215.70059204101562,0.9670000672340393
-33.7518,150.679812,1,215.70059204101562,0.9670000672340393
-37.7942,144.911,1,216.20338439941406,0.9630000591278076
-37.9857,145.703,1,199.70285034179688,0.8440000414848328
-34.8236,147.208,1,194.5014190673828,1.0470000505447388
-33.18044,146.488121,0,200.00360107421875,0.9360000491142273
-36.549404,144.927775,1,219.1001739501953,0.9860000610351562
-34.4328,150.82,1,215.70059204101562,0.9670000672340393
-33.972565,148.158009,0,215.70059204101562,0.9670000672340393
-35.811275,141.489111,0,236.4009246826172,0.9730000495910645
-37.955425,145.554734,1,204.09605407714844,0.9180000424385071
-35.7758,147.277,1,215.70059204101562,0.9670000672340393
-37.6155,140.716,1,239.00164794921875,0.9510000348091125
-38.0,144.5,1,220.5005645751953,0.9480000734329224
-36.247868,145.466139,1,214.29885864257812,0.9780000448226929
-34.583649,150.868367,1,215.70059204101562,0.9670000672340393
-34.326939,150.513654,0,215.70059204101562,0.9670000672340393
-33.469344,149.325893,1,215.70059204101562,0.9670000672340393
-37.471178,149.646283,0,215.70059204101562,0.9670000672340393
-34.6459,150.701,1,215.70059204101562,0.9670000672340393
-33.912085,148.829586,0,215.70059204101562,0.9670000672340393
-37.75412,144.872442,1,217.09962463378906,0.9630000591278076
-36.83627,149.638466,0,215.70059204101562,0.9670000672340393
-38.5696,143.539,1,215.6038055419922,0.9520000219345093
-31.153524,149.101342,1,215.70059204101562,0.9670000672340393
-35.446716,149.788921,1,215.70059204101562,0.9670000672340393
-34.572078,146.589725,0,203.59991455078125,0.9470000267028809
-37.63085,148.113071,0,215.70059204101562,0.9670000672340393
-33.756042,150.623334,1,215.70059204101562,0.9670000672340393
-34.368628,146.819948,0,199.50279235839844,0.9970000386238098
-35.222661,143.343505,0,234.49639892578125,0.9630000591278076
-34.356483,150.166417,0,215.70059204101562,0.9670000672340393
-36.670686,145.86553,1,204.69622802734375,0.921000063419342
-37.807458,145.263728,1,209.09742736816406,0.9180000424385071
-36.0177,147.028,1,215.70059204101562,0.9670000672340393
-38.532778,145.658974,0,200.10040283203125,0.8330000638961792
-32.651141,149.885259,0,215.70059204101562,0.9670000672340393
-34.161923,146.544695,0,204.29611206054688,0.9640000462532043
-36.062788,144.827951,0,220.70062255859375,0.9970000386238098
-38.6798,143.392,1,215.6038055419922,0.9520000219345093
-38.011879,145.126327,1,212.4983673095703,0.968000054359436
-32.241743,148.652894,1,215.70059204101562,0.9670000672340393
-36.765655,149.694112,1,215.70059204101562,0.9670000672340393
-35.384388,144.882347,1,220.30050659179688,0.9880000352859497
-37.509374,145.177006,1,212.29830932617188,0.9580000638961792
-34.626551,148.091495,1,215.70059204101562,0.9670000672340393
-36.991605,146.203016,0,201.39932250976562,0.9450000524520874
-33.5491,150.125,1,215.70059204101562,0.9670000672340393
-37.721784,144.911386,1,216.20338439941406,0.9620000720024109
-38.170309,144.510627,1,219.1001739501953,0.9350000619888306
-34.790958,150.707809,1,215.70059204101562,0.9670000672340393
-33.7255,150.697,1,215.70059204101562,0.9670000672340393
-37.722248,145.133128,1,211.898193359375,0.9420000314712524
-35.800477,143.881868,0,230.30325317382812,0.999000072479248
-36.36387,149.823781,1,215.70059204101562,0.9670000672340393
-33.828549,150.906387,1,215.70059204101562,0.9670000672340393
-35.2517,149.115,1,215.70059204101562,0.9670000672340393
-32.833024,150.205023,1,215.70059204101562,0.9670000672340393
-38.3066,144.339,1,218.59603881835938,0.9260000586509705
-38.3502,146.124,1,195.69619750976562,0.7480000257492065
-34.647941,143.181628,0,237.29718017578125,0.971000075340271
-33.141871,146.944739,0,190.9004364013672,1.0509999990463257
-37.853462,143.339154,1,219.5002899169922,0.956000030040741
-35.0917,147.378,1,192.7969512939453,1.0860000848770142
-33.5652,148.669,1,215.70059204101562,0.9670000672340393
-37.6644,140.673,1,239.49777221679688,0.9610000252723694
-34.546172,144.751106,0,218.0998992919922,0.956000030040741
-32.788491,149.202233,0,215.70059204101562,0.9670000672340393
-37.537153,141.556304,0,230.50331115722656,0.9200000166893005
-32.881231,147.531721,1,215.70059204101562,0.9670000672340393
-38.179832,146.147023,1,193.50216674804688,0.7430000305175781
-33.7848,150.76,1,215.70059204101562,0.9670000672340393
-34.950702,149.705824,0,215.70059204101562,0.9670000672340393
-36.8609,147.314,1,187.00335693359375,1.0430001020431519
-34.476239,148.955899,0,215.70059204101562,0.9670000672340393
-38.486405,143.527189,0,215.4021453857422,0.9300000667572021
-37.47573,147.01123,0,183.802490234375,0.9700000286102295
-38.431613,145.64561,0,199.80194091796875,0.8130000233650208
-38.1348,145.86,1,189.79612731933594,0.6430000066757202
-36.511148,141.679248,0,233.0960235595703,0.9610000252723694
-33.701857,150.371143,1,215.70059204101562,0.9670000672340393
-37.0924,145.625,1,207.0008544921875,0.9590000510215759
-34.346891,145.955756,0,213.80271911621094,0.9460000395774841
-36.505274,150.054259,1,215.70059204101562,0.9670000672340393
-35.792073,148.022766,0,215.70059204101562,0.9670000672340393
-34.566113,145.871439,0,213.09852600097656,0.9490000605583191
-35.666867,148.287232,0,215.70059204101562,0.9670000672340393
-34.2583,149.886,1,215.70059204101562,0.9670000672340393
-35.241097,149.168773,1,215.70059204101562,0.9670000672340393
-33.6894,150.945,1,215.70059204101562,0.9670000672340393
-36.527283,146.215498,1,206.00057983398438,0.9550000429153442
-35.529551,144.968916,1,218.7960968017578,0.9900000691413879
-35.969257,146.997804,1,196.7020263671875,1.1140000820159912
-35.65741,145.805642,1,215.4991912841797,0.9470000267028809
-34.320254,150.570133,1,215.70059204101562,0.9670000672340393
-35.439214,150.171033,0,215.70059204101562,0.9670000672340393
-38.083228,145.751963,0,200.7991485595703,0.9180000424385071
-38.208923,145.080135,1,211.8021697998047,0.9350000619888306
-33.3923,149.556,1,215.70059204101562,0.9670000672340393
-38.4814,146.288,1,192.00184631347656,0.7690000534057617
-37.070054,149.895215,1,215.70059204101562,0.9670000672340393
-38.669712,145.969394,1,198.80172729492188,0.8470000624656677
-37.117809,145.534339,0,207.60101318359375,0.9690000414848328
-34.928299,149.236984,1,215.70059204101562,0.9670000672340393
-35.8516,150.127,1,215.70059204101562,0.9670000672340393
-37.470664,145.263385,1,210.2017364501953,0.9140000343322754
-33.877698,151.035298,1,215.70059204101562,0.9670000672340393
-36.025731,143.713658,0,230.99945068359375,1.0110000371932983
-37.746554,144.726709,1,219.99642944335938,0.9780000448226929
-37.835703,145.092009,1,213.40261840820312,0.968000054359436
-35.087189,149.82695,1,215.70059204101562,0.9670000672340393
-36.32634,145.019051,0,217.89984130859375,0.9910000562667847
-37.345722,144.136068,1,224.5016632080078,0.9950000643730164
-37.6664,144.984,1,214.40289306640625,0.9720000624656677
-35.004762,148.111148,1,215.70059204101562,0.9670000672340393
-38.3696,146.446,1,191.39688110351562,0.9080000519752502
-34.774354,150.690425,1,215.70059204101562,0.9670000672340393
-35.587625,149.804521,0,215.70059204101562,0.9670000672340393
-38.079239,147.067874,1,188.00363159179688,1.037000060081482
-37.807,147.63,1,182.20204162597656,1.1480000019073486
-31.245,149.29,1,215.70059204101562,0.9670000672340393
-37.824588,141.82538,0,228.10264587402344,0.9300000667572021
-36.509206,141.09009,0,237.4011993408203,0.9470000267028809
-31.274796,148.821551,0,215.70059204101562,0.9670000672340393
-35.801643,148.88864,0,215.70059204101562,0.9670000672340393
-34.551941,150.634809,1,215.70059204101562,0.9670000672340393
-36.826212,140.995383,1,237.69728088378906,0.968000054359436
-37.2511,144.459,1,223.70144653320312,0.9980000257492065
-37.8153,147.612,1,182.20204162597656,1.1480000019073486
-37.87561,145.28677,1,210.0977020263672,0.9620000720024109
-37.280308,144.148302,1,224.59768676757812,0.9910000562667847
-37.496584,145.181744,1,212.29830932617188,0.9580000638961792
-35.352898,143.552436,1,233.60015869140625,0.9830000400543213
-37.048107,141.766682,0,230.99945068359375,0.9510000348091125
-36.5779,146.749,1,196.7020263671875,0.9660000205039978
-36.9116,149.234,1,215.70059204101562,0.9670000672340393
-34.496237,150.762611,1,215.70059204101562,0.9670000672340393
-34.053775,148.620419,0,215.70059204101562,0.9670000672340393
-35.430874,150.397094,0,215.70059204101562,0.9670000672340393
-36.795533,148.171917,1,215.70059204101562,0.9670000672340393
-38.5089,146.172,1,195.50262451171875,0.8110000491142273
-35.032763,149.675257,0,215.70059204101562,0.9670000672340393
-37.1,144.3,1,225.50193786621094,0.9820000529289246
-35.051087,149.547825,1,215.70059204101562,0.9670000672340393
-35.384783,142.482505,0,237.29718017578125,0.9700000286102295
-32.128111,148.700735,0,215.70059204101562,0.9670000672340393
-34.187625,146.919484,0,198.1984405517578,1.0230000019073486
-37.7143,145.055,1,214.0988006591797,0.9830000400543213
-34.326375,146.192152,0,209.09742736816406,0.9280000329017639
-33.6758,150.547,1,215.70059204101562,0.9670000672340393
-37.641579,145.085831,1,213.2025604248047,0.9750000238418579
-32.859219,147.512267,0,215.70059204101562,0.9670000672340393
-37.265138,144.859199,1,218.0998992919922,0.984000027179718
-33.835125,150.566868,0,215.70059204101562,0.9670000672340393
-33.517,149.355,1,215.70059204101562,0.9670000672340393
-38.341963,145.18652,1,210.0977020263672,0.9220000505447388
-33.587609,150.855088,1,215.70059204101562,0.9670000672340393
-32.827238,147.600133,0,215.70059204101562,0.9670000672340393
-34.017618,148.27088,0,215.70059204101562,0.9670000672340393
-37.4356,144.542,1,222.197021484375,0.9830000400543213
-33.8892,150.827,1,215.70059204101562,0.9670000672340393
-33.698748,150.365406,1,215.70059204101562,0.9670000672340393
-37.421008,148.483212,0,215.70059204101562,0.9670000672340393
-37.7633,145.287,1,207.4969940185547,0.8840000629425049
-36.164804,150.123277,1,215.70059204101562,0.9670000672340393
-34.957672,149.04026,1,215.70059204101562,0.9670000672340393
-37.5524,145.079,1,212.89846801757812,0.968000054359436
-35.836043,143.526439,1,232.59988403320312,1.0049999952316284
-35.463265,148.96963,1,215.70059204101562,0.9670000672340393
-31.787487,149.443518,0,215.70059204101562,0.9670000672340393
-35.025229,147.662039,0,215.70059204101562,0.9670000672340393
-36.129674,147.22334,0,192.90098571777344,1.1080000400543213
-37.850312,143.103657,0,219.30023193359375,0.956000030040741
-34.675678,145.171532,0,218.0998992919922,0.9650000333786011
-32.881904,146.127088,0,205.6016082763672,0.9760000705718994
-35.970199,142.431781,0,232.90396118164062,1.0049999952316284
-34.149988,146.788715,0,199.7988739013672,1.00600004196167
-35.72376,149.952076,1,215.70059204101562,0.9670000672340393
-37.062078,144.372172,1,225.3018798828125,0.9810000658035278
-33.28004,146.77399,0,194.99755859375,1.0260000228881836
-37.384775,145.380606,0,209.69760131835938,0.9690000414848328
-38.1998,146.049,1,190.5983123779297,0.6530000567436218
-35.827045,149.696138,0,215.70059204101562,0.9670000672340393
-37.491983,147.986165,0,215.70059204101562,0.9670000672340393
-38.46454,145.183013,1,207.400390625,0.8700000643730164
-35.967597,146.979131,0,197.10214233398438,1.1060000658035278
-37.075381,144.501337,1,224.5016632080078,0.984000027179718
-37.406544,140.740882,0,238.49749755859375,0.9330000281333923
-37.598719,145.51492,0,207.0008544921875,0.9470000267028809
-36.446219,149.304317,0,215.70059204101562,0.9670000672340393
-37.871429,143.197597,1,219.5002899169922,0.940000057220459
-34.38385,149.620492,0,215.70059204101562,0.9670000672340393
-37.680511,144.745078,1,219.39625549316406,0.9830000400543213
-37.4621,149.612,1,215.70059204101562,0.9670000672340393
-37.3593,144.461,1,223.19729614257812,0.9920000433921814
-33.720988,150.461488,1,215.70059204101562,0.9670000672340393
-32.610433,147.670059,0,215.70059204101562,0.9670000672340393
-37.9191,145.291,1,208.60128784179688,0.909000039100647
-33.5875,150.251,1,215.70059204101562,0.9670000672340393
-38.6649,143.434,1,215.10369873046875,0.9550000429153442
-35.885427,148.4516,1,215.70059204101562,0.9670000672340393
-36.481198,143.815759,0,228.79884338378906,1.0040000677108765
-34.33952,144.212217,0,221.59686279296875,0.9440000653266907
-37.251346,146.642054,0,189.20396423339844,0.8110000491142273
-37.8223,144.972,1,215.4991912841797,0.9570000171661377
-37.9481,145.247,1,211.001953125,0.9750000238418579
-38.021881,143.485084,1,217.89984130859375,0.9440000653266907
-32.276611,148.534734,1,215.70059204101562,0.9670000672340393
-37.29441,140.556756,0,241.002197265625,0.9510000348091125
-38.6662,146.264,1,196.19631958007812,0.9490000605583191
-35.440007,145.977474,0,213.69869995117188,0.9390000700950623
-31.651738,149.279986,0,215.70059204101562,0.9670000672340393
-37.9511,144.432,1,221.3968048095703,0.9570000171661377
-34.718328,145.124527,0,218.2039337158203,0.9650000333786011
-36.864698,148.685166,0,215.70059204101562,0.9670000672340393
-36.024527,148.45104,0,215.70059204101562,0.9670000672340393
-35.461876,148.967566,1,215.70059204101562,0.9670000672340393
-34.6146,150.32,1,215.70059204101562,0.9670000672340393
-35.276815,147.399305,1,215.70059204101562,0.9670000672340393
-37.05454,147.454894,0,183.09829711914062,1.058000087738037
-37.789693,140.650207,0,238.00137329101562,0.9690000414848328
-33.814192,150.251401,1,215.70059204101562,0.9670000672340393
-35.778846,149.694094,0,215.70059204101562,0.9670000672340393
-36.1745,144.273129,1,226.1020965576172,1.003000020980835
-38.263075,145.057403,1,212.8024444580078,0.9460000395774841
-36.1134,146.57,1,204.400146484375,1.0170000791549683
-36.757487,145.662325,0,208.4012451171875,0.9800000190734863
-38.338877,144.196764,0,219.99642944335938,0.9490000605583191
-38.372,144.845,1,212.29830932617188,0.9330000281333923
-36.145812,146.963131,1,196.7980499267578,1.0940001010894775
-35.338128,149.111275,1,215.70059204101562,0.9670000672340393
-36.039571,150.007086,1,215.70059204101562,0.9670000672340393
-36.009155,146.26184,1,210.40179443359375,0.9500000476837158
-37.746181,145.214751,1,210.2017364501953,0.9130000472068787
-38.563968,145.963031,1,200.00360107421875,0.8580000400543213
-35.6245,149.421,1,215.70059204101562,0.9670000672340393
-34.6095,146.372,1,207.0968780517578,0.9190000295639038
-36.532427,142.827497,1,228.9989013671875,0.9950000643730164
-33.061793,148.604181,0,215.70059204101562,0.9670000672340393
-32.55865,149.651246,1,215.70059204101562,0.9670000672340393
-35.25073,146.171132,0,209.49754333496094,0.8960000276565552
-37.7154,140.721,1,238.8015899658203,0.9530000686645508
-35.7593,149.288,1,215.70059204101562,0.9670000672340393
-38.193743,143.828092,0,217.69979858398438,0.9380000233650208
-34.8991,146.602,1,201.5033416748047,0.9100000262260437
-37.6713,145.157,1,211.40206909179688,0.9580000638961792
-36.054425,146.981295,1,196.7020263671875,1.1180000305175781
-35.122131,149.346487,1,215.70059204101562,0.9670000672340393
-36.305602,140.682086,1,243.09877014160156,0.9440000653266907
-34.900856,149.944879,0,215.70059204101562,0.9670000672340393
-37.939865,145.173702,1,212.89846801757812,0.987000048160553
-37.2136,143.33,1,223.79747009277344,1.0
-35.16606,148.889371,1,215.70059204101562,0.9670000672340393
-36.8404,145.758,1,205.6004638671875,0.9200000166893005
-37.156153,141.763881,0,230.703369140625,0.937000036239624
-38.600189,145.871322,1,200.30206298828125,0.8710000514984131
-37.401194,141.17248,0,234.8004913330078,0.9230000376701355
-37.7499,148.338,1,215.70059204101562,0.9670000672340393
-38.24304,145.139981,1,212.20228576660156,0.9630000591278076
-34.407423,148.102439,0,215.70059204101562,0.9670000672340393
-38.731258,145.986122,1,197.3013916015625,0.8270000219345093
-38.417847,144.171304,1,219.19619750976562,0.9570000171661377
-34.417026,145.72214,0,215.60321044921875,0.9530000686645508
-36.250987,145.452498,1,214.29885864257812,0.9780000448226929
-33.3204,148.861,1,215.70059204101562,0.9670000672340393
-36.541143,141.449321,0,234.29635620117188,0.9490000605583191
-33.225927,149.26569,0,215.70059204101562,0.9670000672340393
-34.9517,150.528,1,215.70059204101562,0.9670000672340393
-36.558041,145.387915,0,212.69842529296875,0.9760000705718994
-34.653485,147.289853,0,193.70120239257812,1.0480000972747803
-33.826304,150.997428,1,215.70059204101562,0.9670000672340393
-35.359497,143.969655,1,227.70254516601562,0.9790000319480896
-37.364629,148.038299,0,177.20066833496094,1.1100000143051147
-36.196097,146.912807,0,197.70230102539062,1.0880000591278076
-38.042267,141.528502,1,230.1031951904297,0.9160000681877136
-35.537749,146.993326,0,196.30191040039062,1.097000002861023
-32.194147,148.900248,1,215.70059204101562,0.9670000672340393
-36.5389,147.053,1,193.10104370117188,1.0830000638961792
-35.150929,150.498653,0,215.70059204101562,0.9670000672340393
-34.700955,147.426297,0,191.7966766357422,1.0410000085830688
-38.431979,144.000082,0,216.69952392578125,0.9380000233650208
-34.572766,150.75475,1,215.70059204101562,0.9670000672340393
-35.698515,147.739066,0,215.70059204101562,0.9670000672340393
-35.743,148.859,1,215.70059204101562,0.9670000672340393
-35.922996,146.404341,0,206.0966033935547,0.9360000491142273
-35.5849,149.436,1,215.70059204101562,0.9670000672340393
-36.147568,146.877193,1,198.39849853515625,1.0740000009536743
-37.759081,145.369795,1,206.89682006835938,0.9010000228881836
-37.5772,144.782,1,218.50001525878906,0.9750000238418579
-38.5325,143.565,1,215.4021453857422,0.9360000491142273
-35.89231,148.935623,0,215.70059204101562,0.9670000672340393
-36.5351,148.275,1,215.70059204101562,0.9670000672340393
-36.189588,141.345658,0,235.80076599121094,0.9650000333786011
-36.088038,146.926902,1,197.5022430419922,1.0800000429153442
-36.4866,146.559,1,199.19871520996094,0.8850000500679016
-34.42659,149.446842,0,215.70059204101562,0.9670000672340393
-35.9195,150.086,1,215.70059204101562,0.9670000672340393
-33.574961,148.403946,0,215.70059204101562,0.9670000672340393
-38.3952,144.253,1,219.1001739501953,0.937000036239624
-33.523308,147.664892,0,215.70059204101562,0.9670000672340393
-37.521139,145.964898,1,198.39849853515625,0.8890000581741333
-36.65422,143.063585,0,227.5024871826172,0.9930000305175781
-37.924411,145.333011,1,207.4969940185547,0.8940000534057617
-31.2306,149.246,1,215.70059204101562,0.9670000672340393
-33.047905,149.923494,0,215.70059204101562,0.9670000672340393
-35.413409,147.81234,0,215.70059204101562,0.9670000672340393
-34.077811,150.632821,0,215.70059204101562,0.9670000672340393
-33.036492,147.906326,0,215.70059204101562,0.9670000672340393
-33.786927,150.978909,1,215.70059204101562,0.9670000672340393
-33.454328,146.79101,0,196.50196838378906,1.0150001049041748
-34.244331,149.333613,0,215.70059204101562,0.9670000672340393
-34.0917,151.036,1,215.70059204101562,0.9670000672340393
-36.6954,146.241,1,205.00030517578125,0.9910000562667847
-32.664459,149.090054,1,215.70059204101562,0.9670000672340393
-34.0758,150.72,1,215.70059204101562,0.9670000672340393
-33.560348,147.968644,0,215.70059204101562,0.9670000672340393
-37.3148,144.135,1,224.30160522460938,0.9930000305175781
-35.583215,146.134142,0,211.0979766845703,0.9000000357627869
-33.96975,148.155654,0,215.70059204101562,0.9670000672340393
-36.7653,149.435,1,215.70059204101562,0.9670000672340393
-33.098214,149.470843,0,215.70059204101562,0.9670000672340393
-36.302079,144.555196,1,223.5013885498047,1.0
-38.153413,144.308297,1,220.79664611816406,0.9450000524520874
-36.448522,145.209499,0,215.0990753173828,0.987000048160553
-36.578049,142.146645,0,231.39955139160156,0.9720000624656677
-37.6,141.2,1,233.69618225097656,0.9310000538825989
-33.715199,149.023074,0,215.70059204101562,0.9670000672340393
-37.547911,149.457402,1,215.70059204101562,0.9670000672340393
-34.095467,150.370774,0,215.70059204101562,0.9670000672340393
-34.4551,150.83,1,215.70059204101562,0.9670000672340393
-35.429686,149.128623,1,215.70059204101562,0.9670000672340393
-38.483621,145.961583,1,197.3013916015625,0.7250000238418579
-37.969454,143.480078,0,218.2039337158203,0.9390000700950623
-34.029775,150.809434,1,215.70059204101562,0.9670000672340393
-39.043468,146.465355,1,190.5983123779297,0.9550000429153442
-37.843757,145.314129,1,209.49754333496094,0.9500000476837158
-36.575509,149.893798,1,215.70059204101562,0.9670000672340393
-34.945487,144.956186,0,217.69979858398438,0.9750000238418579
-36.458495,140.896758,0,240.4020233154297,0.9410000443458557
-33.756262,150.623306,1,215.70059204101562,0.9670000672340393
-32.1797,148.628,1,215.70059204101562,0.9670000672340393
-36.951936,147.209588,0,189.20396423339844,1.0700000524520874
-36.477427,147.749995,0,215.70059204101562,0.9670000672340393
-34.944179,149.247679,1,215.70059204101562,0.9670000672340393
-36.330557,149.381793,0,215.70059204101562,0.9670000672340393
-36.82316,144.348445,1,225.19784545898438,0.9900000691413879
-37.277554,142.410023,0,224.79774475097656,0.968000054359436
-34.825628,149.825095,1,215.70059204101562,0.9670000672340393
-38.351125,145.371727,1,206.00057983398438,0.9110000729560852
-33.1478,148.799,1,215.70059204101562,0.9670000672340393
-36.106227,146.730818,0,201.599365234375,1.0670000314712524
-33.4451,149.529,1,215.70059204101562,0.9670000672340393
-38.075714,143.800432,1,218.40399169921875,0.9490000605583191
-34.216416,150.401013,0,215.70059204101562,0.9670000672340393
-35.682436,150.233596,1,215.70059204101562,0.9670000672340393
-35.5128,149.215,1,215.70059204101562,0.9670000672340393
-38.37489,144.775068,1,213.80271911621094,0.968000054359436
-33.767582,150.175218,0,215.70059204101562,0.9670000672340393
-36.042656,146.927808,0,197.5022430419922,1.0860000848770142
-37.025827,142.707577,1,225.3018798828125,0.987000048160553
-33.806684,150.218895,1,215.70059204101562,0.9670000672340393
-38.763031,143.543127,1,214.49871826171875,0.9390000700950623
-36.687,149.849,1,215.70059204101562,0.9670000672340393
-36.499,148.608,1,215.70059204101562,0.9670000672340393
-30.993946,149.067769,0,215.70059204101562,0.9670000672340393
-37.770913,145.557464,1,204.60018920898438,0.9110000729560852
-34.934392,149.026696,0,215.70059204101562,0.9670000672340393
-36.9686,144.276,1,225.70199584960938,0.984000027179718
-35.612291,149.459021,1,215.70059204101562,0.9670000672340393
-37.798385,148.565145,1,215.70059204101562,0.9670000672340393
-37.752075,143.957702,1,222.30105590820312,0.968000054359436
-38.130951,144.706483,1,217.89984130859375,0.9800000190734863
-37.031493,145.887635,0,202.1995391845703,0.8800000548362732
-36.225394,146.273172,0,207.8970947265625,0.9540000557899475
-34.854234,143.828079,0,228.90286254882812,0.9610000252723694
-36.106455,142.545733,0,231.9036865234375,1.0010000467300415
-33.757577,150.802611,1,215.70059204101562,0.9670000672340393
-36.665278,149.82457,1,215.70059204101562,0.9670000672340393
-36.239127,144.753471,0,220.79664611816406,1.0010000467300415
-34.074689,147.250339,0,190.9004364013672,1.0570000410079956
-36.862591,147.341322,1,187.00335693359375,1.0430001020431519
-38.3924,145.084,1,208.60128784179688,0.8550000190734863
-36.338115,149.938205,0,215.70059204101562,0.9670000672340393
-36.8,141.8,1,231.1034698486328,0.9480000734329224
-34.071124,150.766272,1,215.70059204101562,0.9670000672340393
-38.097741,143.23891,1,217.2036590576172,0.9460000395774841
-38.523477,145.887972,0,196.39797973632812,0.7400000095367432
-38.583474,146.263523,1,195.50262451171875,0.8790000677108765
-38.4038,144.184,1,219.5963134765625,0.9570000171661377
-38.175449,144.651122,1,217.89984130859375,0.9770000576972961
-35.962143,147.580175,0,215.70059204101562,0.9670000672340393
-33.3008,149.016,1,215.70059204101562,0.9670000672340393
-37.313136,141.125857,0,235.09657287597656,0.9320000410079956
-38.936401,146.257257,1,192.89720153808594,0.796000063419342
-32.492606,149.130862,0,215.70059204101562,0.9670000672340393
-38.388807,142.478569,1,221.59686279296875,0.940000057220459
-36.858131,146.407485,0,196.39794921875,0.7880000472068787
-37.9185,147.284,1,183.00225830078125,1.0329999923706055
-36.848063,142.859924,0,225.99807739257812,0.9780000448226929
-36.944864,143.344227,1,224.997802734375,0.999000072479248
-36.474864,147.348243,0,190.5003204345703,1.162000060081482
-37.179471,141.760327,0,230.19921875,0.9270000457763672
-37.6,149.7,1,215.70059204101562,0.9670000672340393
-36.930863,140.803153,0,240.498046875,0.9760000705718994
-33.143,148.172,1,215.70059204101562,0.9670000672340393
-36.645971,149.77768,1,215.70059204101562,0.9670000672340393
-33.392238,146.040762,1,208.9975128173828,0.8870000243186951
-37.345224,140.524447,0,240.80213928222656,0.9450000524520874
-36.7951,145.481,1,209.89764404296875,0.9920000433921814
-35.775,147.105137,0,215.70059204101562,0.9670000672340393
-33.915392,146.352819,0,206.69862365722656,0.9430000185966492
-36.1779,146.896,1,198.5025177001953,1.0760000944137573
-32.272749,148.207426,0,215.70059204101562,0.9670000672340393
-38.9364,146.256,1,192.89720153808594,0.796000063419342
-36.457432,143.220523,0,229.59906005859375,1.0080000162124634
-37.576637,141.115317,0,235.09657287597656,0.937000036239624
-37.523369,143.862354,0,223.99752807617188,0.9790000319480896
-38.006714,143.273552,1,217.49974060058594,0.9550000429153442
-37.612603,143.804811,0,223.30133056640625,0.9800000190734863
-36.834648,142.98532,0,225.7980194091797,0.9790000319480896
-37.757897,145.182154,1,211.20201110839844,0.9350000619888306
-37.083777,148.670455,0,215.70059204101562,0.9670000672340393
-34.579233,150.346271,1,215.70059204101562,0.9670000672340393
-36.3209,148.467,1,215.70059204101562,0.9670000672340393
-37.222784,147.78723,0,215.70059204101562,0.9670000672340393
-37.493195,144.582977,1,221.7969207763672,0.9810000658035278
-35.785869,142.332049,0,234.6964569091797,1.002000093460083
-36.280679,141.698809,1,234.2003173828125,1.003000020980835
-32.619488,148.806932,0,215.70059204101562,0.9670000672340393
-34.3679,146.568227,0,203.9040069580078,0.956000030040741
-38.389427,144.93007,1,212.29830932617188,0.9280000329017639
-32.470873,148.709698,0,215.70059204101562,0.9670000672340393
-36.5132,149.284,1,215.70059204101562,0.9670000672340393
-36.010301,148.395628,0,215.70059204101562,0.9670000672340393
-36.44,146.975,1,194.70147705078125,1.0490000247955322
-35.1113,146.245,1,209.49754333496094,0.9230000376701355
-32.596039,147.995205,0,215.70059204101562,0.9670000672340393
-35.122613,143.755824,0,230.50331115722656,0.9770000576972961
-34.23,146.031,1,212.89846801757812,0.9150000214576721
-37.717618,148.389295,0,215.70059204101562,0.9670000672340393
-36.553711,148.837685,1,215.70059204101562,0.9670000672340393
-37.201636,150.017592,1,215.70059204101562,0.9670000672340393
-36.892004,148.362456,0,215.70059204101562,0.9670000672340393
-32.292384,148.717153,1,215.70059204101562,0.9670000672340393
-33.846348,145.96004,0,213.00250244140625,0.9480000734329224
-37.70858,147.704527,1,181.09774780273438,1.1640000343322754
-36.156692,143.909918,0,229.7991180419922,1.0
-32.766233,146.746256,0,194.5014190673828,1.0430001020431519
-32.062362,149.607455,0,215.70059204101562,0.9670000672340393
-35.342132,144.898747,0,220.10044860839844,0.9850000739097595
-34.417926,150.852763,1,215.70059204101562,0.9670000672340393
-37.376264,148.091533,0,179.2012176513672,1.1440000534057617
-33.6066,148.881,1,215.70059204101562,0.9670000672340393
-36.234549,148.144877,0,215.70059204101562,0.9670000672340393
-34.539233,150.38699,1,215.70059204101562,0.9670000672340393
-34.762772,148.818799,1,215.70059204101562,0.9670000672340393
-37.6087,143.588,1,222.39707946777344,0.9600000381469727
-35.966597,144.763711,0,221.19674682617188,1.0040000677108765
-36.894442,149.904114,1,215.70059204101562,0.9670000672340393
-36.5188,148.546,1,215.70059204101562,0.9670000672340393
-33.204088,148.115244,0,215.70059204101562,0.9670000672340393
-37.825993,145.650391,1,203.70394897460938,0.9580000638961792
-34.40203,149.528429,1,215.70059204101562,0.9670000672340393
-35.968141,143.85083,0,231.19949340820312,1.003000020980835
-32.347288,148.240359,0,215.70059204101562,0.9670000672340393
-34.443138,150.288696,1,215.70059204101562,0.9670000672340393
-37.99335,142.551067,0,221.70089721679688,0.9350000619888306
-37.144671,142.821387,1,223.5013885498047,0.9590000510215759
-36.462525,149.892383,1,215.70059204101562,0.9670000672340393
-37.776262,140.759887,0,238.6975555419922,0.9590000510215759
-33.756348,150.623362,1,215.70059204101562,0.9670000672340393
-34.3908,150.164,1,215.70059204101562,0.9670000672340393
-38.173584,146.246452,1,192.20350646972656,0.7450000643730164
-32.9618,149.856,1,215.70059204101562,0.9670000672340393
-37.470151,143.939603,1,224.90176391601562,0.9820000529289246
-35.7631,150.152,1,215.70059204101562,0.9670000672340393
-38.434084,146.380569,1,191.00161743164062,0.7990000247955322
-34.4713,150.373,1,215.70059204101562,0.9670000672340393
-34.676535,150.803491,1,215.70059204101562,0.9670000672340393
-37.535148,142.452391,0,223.1012725830078,0.9580000638961792
-34.050543,151.085609,1,215.70059204101562,0.9670000672340393
-36.322334,149.426946,0,215.70059204101562,0.9670000672340393
-35.644684,150.095736,1,215.70059204101562,0.9670000672340393
-36.229259,147.119806,0,194.1973419189453,1.1090000867843628
-35.01393,150.623344,1,215.70059204101562,0.9670000672340393
-33.3345,148.673,1,215.70059204101562,0.9670000672340393
-38.359012,144.249017,1,218.99615478515625,0.9270000457763672
-34.756337,149.848336,1,215.70059204101562,0.9670000672340393
-37.6937,144.041,1,222.99725341796875,0.971000075340271
-37.057111,140.969942,0,237.60125732421875,0.9510000348091125
-36.863178,146.273992,0,201.70339965820312,0.9490000605583191
-37.596,144.423,1,222.59713745117188,0.9730000495910645
-38.047679,142.115288,0,225.3979034423828,0.9330000281333923
-33.247874,150.377978,0,215.70059204101562,0.9670000672340393
-34.730723,145.995689,0,213.40261840820312,0.9590000510215759
-37.692474,145.331964,1,207.8970947265625,0.9000000357627869
-37.8789,145.251,1,210.2017364501953,0.9460000395774841
-33.8617,150.794,1,215.70059204101562,0.9670000672340393
-38.2233,146.429,1,193.30052185058594,0.9150000214576721
-37.160591,141.000425,0,236.20086669921875,0.9490000605583191
-37.117398,143.336281,0,224.30160522460938,0.9890000224113464
-37.9996,146.968,1,187.00335693359375,1.0140000581741333
-36.869071,145.029205,0,215.69924926757812,0.9810000658035278
-36.838673,144.154321,1,226.1981201171875,0.9880000352859497
-38.6194,146.151,1,195.69619750976562,0.8220000267028809
-34.5434,150.362,1,215.70059204101562,0.9670000672340393
-37.9132,145.094,1,213.80271911621094,0.9880000352859497
-36.015441,149.583354,0,215.70059204101562,0.9670000672340393
-33.7,149.7,1,215.70059204101562,0.9670000672340393
-38.02465,145.182178,0,212.40234375,0.9810000658035278
-36.555969,148.565971,1,215.70059204101562,0.9670000672340393
-32.106977,148.278871,0,215.70059204101562,0.9670000672340393
-37.783508,145.036369,1,214.0988006591797,0.9650000333786011
-38.502978,146.918418,0,189.5000457763672,1.068000078201294
-37.9324,144.747,1,218.59603881835938,0.9830000400543213
-37.474594,145.394608,1,209.00140380859375,0.9510000348091125
-33.750366,150.858785,1,215.70059204101562,0.9670000672340393
-34.749088,144.629468,0,218.40399169921875,0.9670000672340393
-36.862545,144.493078,0,224.59768676757812,0.984000027179718
-37.471591,142.30454,0,224.90176391601562,0.9420000314712524
-34.051147,151.025699,1,215.70059204101562,0.9670000672340393
-33.816968,146.302553,0,207.19873046875,0.9280000329017639
-38.4108,145.874,1,198.39840698242188,0.7630000114440918
-33.878357,150.833147,1,215.70059204101562,0.9670000672340393
-37.5363,143.85,1,223.99752807617188,0.9820000529289246
-36.905959,149.869805,1,215.70059204101562,0.9670000672340393
-33.1871,149.52,1,215.70059204101562,0.9670000672340393
-37.684773,141.653768,0,228.5027618408203,0.9230000376701355
-33.7629,150.891,1,215.70059204101562,0.9670000672340393
-34.8917,150.61,1,215.70059204101562,0.9670000672340393
-33.97661,145.651084,0,215.4991912841797,0.9500000476837158
-37.369234,144.153928,1,224.19757080078125,0.9890000224113464
-37.896573,145.118636,0,213.298583984375,0.9860000610351562
-38.104496,142.434415,0,222.50111389160156,0.9350000619888306
-37.441993,148.26794,0,215.70059204101562,0.9670000672340393
-36.471931,144.855184,0,219.5963134765625,0.9880000352859497
-33.905632,149.122581,0,215.70059204101562,0.9670000672340393
-36.496363,145.007617,0,217.69979858398438,0.987000048160553
-34.801665,149.707971,0,215.70059204101562,0.9670000672340393
-35.54429,147.444427,0,215.70059204101562,0.9670000672340393
-33.983283,144.86719,0,218.40399169921875,0.9450000524520874
-36.616568,141.230631,0,235.80076599121094,0.9360000491142273
-38.461547,146.655284,0,189.5012969970703,0.9720000624656677
-36.4422,146.387,1,206.2006378173828,0.9820000529289246
-35.666467,150.291105,1,215.70059204101562,0.9670000672340393
-37.595126,144.822319,1,218.2039337158203,0.9800000190734863
-34.5486,144.492,1,218.59603881835938,0.9490000605583191
-35.427571,150.358215,1,215.70059204101562,0.9670000672340393
-33.830632,148.708773,1,215.70059204101562,0.9670000672340393
-34.473283,147.553451,0,190.1962432861328,1.0700000524520874
-36.614949,148.968765,0,215.70059204101562,0.9670000672340393
-35.93649,142.300437,0,233.20004272460938,1.00600004196167
-32.9969,149.73,1,215.70059204101562,0.9670000672340393
-38.151191,143.113398,0,217.09962463378906,0.9390000700950623
-37.891684,143.363338,1,219.30023193359375,0.9590000510215759
-34.078,150.702,1,215.70059204101562,0.9670000672340393
-33.942747,150.97891,1,215.70059204101562,0.9670000672340393
-37.2038,145.505,1,208.29721069335938,0.971000075340271
-38.579915,146.198231,1,195.30096435546875,0.862000048160553
-38.683717,146.219214,0,196.59963989257812,0.9420000314712524
-37.55627,142.702906,0,221.10072326660156,0.9660000205039978
-37.343885,144.178783,1,223.99752807617188,0.9960000514984131
-35.421151,149.240612,1,215.70059204101562,0.9670000672340393
-37.0558,144.448,1,224.3976287841797,0.9830000400543213
-33.153708,145.860818,0,211.29641723632812,0.9620000720024109
-33.626091,148.96231,0,215.70059204101562,0.9670000672340393
-35.2011,149.214,1,215.70059204101562,0.9670000672340393
-36.493443,147.794065,0,215.70059204101562,0.9670000672340393
-36.3806,145.357,1,214.00277709960938,0.9760000705718994
-37.001066,141.027348,0,237.0010986328125,0.9650000333786011
-35.997618,147.143693,1,215.70059204101562,0.9670000672340393
-38.36792,146.437301,1,191.59854125976562,0.9070000648498535
-33.6925,150.715,1,215.70059204101562,0.9670000672340393
-34.480213,150.896094,1,215.70059204101562,0.9670000672340393
-34.732942,149.701772,1,215.70059204101562,0.9670000672340393
-34.306293,148.52279,1,215.70059204101562,0.9670000672340393
-38.191204,147.320089,0,187.49949645996094,1.1110000610351562
-37.058192,146.113427,1,200.703125,0.9220000505447388
-36.776926,149.956099,1,215.70059204101562,0.9670000672340393
-37.391186,149.217185,0,215.70059204101562,0.9670000672340393
-37.5522,143.9,1,223.70144653320312,0.9830000400543213
-38.22526,143.93965,1,218.2039337158203,0.9390000700950623
-34.658173,149.556423,1,215.70059204101562,0.9670000672340393
-34.8198,146.468,1,205.49644470214844,0.9270000457763672
-34.496064,150.774883,1,215.70059204101562,0.9670000672340393
-34.719037,149.330013,0,215.70059204101562,0.9670000672340393
-37.59783,144.233125,1,223.597412109375,0.9720000624656677
-33.966238,150.369474,0,215.70059204101562,0.9670000672340393
-37.8798,145.183,1,212.00222778320312,0.9740000367164612
-35.946277,148.626597,1,215.70059204101562,0.9670000672340393
-33.70148,150.935354,1,215.70059204101562,0.9670000672340393
-37.548218,144.737982,1,219.30023193359375,0.9630000591278076
-36.2506,144.958,1,218.00387573242188,1.0010000467300415
-33.286229,149.069593,1,215.70059204101562,0.9670000672340393
-37.732677,147.672859,1,181.4978485107422,1.1570000648498535
-35.155594,148.899806,0,215.70059204101562,0.9670000672340393
-32.4835,149.745453,0,215.70059204101562,0.9670000672340393
-36.675594,145.097665,0,216.00332641601562,0.9750000238418579
-33.65009,148.258303,0,215.70059204101562,0.9670000672340393
-36.492446,148.27412,1,215.70059204101562,0.9670000672340393
-38.0274,146.808,1,188.79953002929688,0.9660000205039978
-36.03808,146.992581,1,196.7020263671875,1.1180000305175781
-34.326056,145.684396,0,215.60321044921875,0.9450000524520874
-35.820469,144.950463,0,218.7000732421875,1.003000020980835
-34.070536,150.840262,1,215.70059204101562,0.9670000672340393
-37.221634,147.612377,1,179.49729919433594,1.099000096321106
-36.469534,144.794683,0,219.30023193359375,0.9960000514984131
-31.601843,149.539764,0,215.70059204101562,0.9670000672340393
-36.185625,146.982207,0,196.39794921875,1.1050000190734863
-33.769164,144.936943,0,218.29995727539062,0.9420000314712524
-36.735744,146.807344,1,195.19761657714844,1.0
-36.273491,144.420754,0,225.10182189941406,1.0
-37.175364,142.418959,1,225.3979034423828,0.9490000605583191
-36.838623,141.561818,0,232.5038604736328,0.9450000524520874
-34.614944,144.44378,0,218.7960968017578,0.9540000557899475
-37.815001,144.076695,0,222.7971954345703,0.9660000205039978
-32.2841,149.753,1,215.70059204101562,0.9670000672340393
-35.768758,148.890561,0,215.70059204101562,0.9670000672340393
-37.807554,145.263729,1,209.09742736816406,0.9180000424385071
-33.832577,147.931652,0,215.70059204101562,0.9670000672340393
-33.251192,150.194997,1,215.70059204101562,0.9670000672340393
-32.442642,146.889366,0,190.59634399414062,1.0520000457763672
-37.092,142.432,1,225.19784545898438,0.9660000205039978
-37.2,141.9,1,228.3987274169922,0.9380000233650208
-33.455018,149.153332,1,215.70059204101562,0.9670000672340393
-35.429802,146.1661,0,210.0977020263672,0.9040000438690186
-36.953971,143.058377,0,223.79747009277344,0.984000027179718
-33.723612,150.371252,1,215.70059204101562,0.9670000672340393
-35.1794,149.115,1,215.70059204101562,0.9670000672340393
-38.6486,145.689,1,200.50372314453125,0.8050000667572021
-37.7007,140.648,1,239.20169067382812,0.9610000252723694
-33.746321,150.465081,1,215.70059204101562,0.9670000672340393
-35.331196,143.563494,1,233.60015869140625,0.9830000400543213
-33.574239,150.594583,0,215.70059204101562,0.9670000672340393
-37.0584,149.907,1,215.70059204101562,0.9670000672340393
-32.627984,147.979531,0,215.70059204101562,0.9670000672340393
-37.785877,148.570798,1,215.70059204101562,0.9670000672340393
-37.6859,145.09,1,213.49864196777344,0.9810000658035278
-37.071828,143.745146,1,226.1020965576172,0.9800000190734863
-37.102713,146.001995,1,201.79942321777344,0.9290000200271606
-32.57494,149.810355,1,215.70059204101562,0.9670000672340393
-34.912098,149.523705,0,215.70059204101562,0.9670000672340393
-36.039987,146.984819,1,196.7020263671875,1.1180000305175781
-38.5896,146.187,1,195.8010711669922,0.8410000205039978
-34.557202,150.849656,1,215.70059204101562,0.9670000672340393
-37.6414,145.188,1,211.898193359375,0.9570000171661377
-33.016491,148.666705,0,215.70059204101562,0.9670000672340393
-31.799185,148.927213,0,215.70059204101562,0.9670000672340393
-37.9532,143.374,1,217.49974060058594,0.9530000686645508
-35.205962,146.891316,0,197.30218505859375,0.9890000224113464
-36.89374,143.92384,0,227.39845275878906,0.9850000739097595
-36.324784,149.330862,0,215.70059204101562,0.9670000672340393
-37.778554,144.011381,0,222.59713745117188,0.968000054359436
-34.5542,150.265,1,215.70059204101562,0.9670000672340393
-36.81701,145.162481,0,213.89874267578125,0.987000048160553
-35.6475,145.573,1,216.4034423828125,0.9690000414848328
-34.4274,150.88,1,215.70059204101562,0.9670000672340393
-35.196401,149.12529,1,215.70059204101562,0.9670000672340393
-35.686443,147.783451,0,215.70059204101562,0.9670000672340393
-35.798049,147.569276,0,215.70059204101562,0.9670000672340393
-34.059223,151.129939,1,215.70059204101562,0.9670000672340393
-33.08026,149.6877,1,215.70059204101562,0.9670000672340393
-32.141763,147.228411,0,215.70059204101562,0.9670000672340393
-31.9279,149.614,1,215.70059204101562,0.9670000672340393
-32.220112,149.755871,0,215.70059204101562,0.9670000672340393
-32.55937,146.511389,0,198.60006713867188,0.9800000190734863
-34.944088,149.247691,1,215.70059204101562,0.9670000672340393
-36.079,146.916,1,197.5022430419922,1.0800000429153442
-38.3694,144.784,1,213.80271911621094,0.968000054359436
-38.137195,146.334709,1,189.00119018554688,0.7320000529289246
-37.386791,146.975886,0,183.60243225097656,0.9290000200271606
-34.878216,148.992457,1,215.70059204101562,0.9670000672340393
-38.271638,145.152583,0,210.2017364501953,0.9040000438690186
-38.251166,146.132309,0,194.69598388671875,0.7200000286102295
-34.0765,150.725,1,215.70059204101562,0.9670000672340393
-37.542053,143.825308,1,223.99752807617188,0.9820000529289246
-36.209312,142.499824,0,230.90341186523438,0.9900000691413879
-34.825719,149.825154,1,215.70059204101562,0.9670000672340393
-35.707105,150.244894,1,215.70059204101562,0.9670000672340393
-38.24165,146.9078,0,189.39602661132812,1.0230000019073486
-38.018397,143.394365,1,217.09962463378906,0.9460000395774841
-35.514916,148.922275,1,215.70059204101562,0.9670000672340393
-37.806533,143.170437,0,219.79637145996094,0.9620000720024109
-37.437624,144.553433,0,222.197021484375,0.9830000400543213
-37.792812,142.677855,0,221.90093994140625,0.9440000653266907
-34.8688,148.811,1,215.70059204101562,0.9670000672340393
-34.8499,150.576,1,215.70059204101562,0.9670000672340393
-35.354003,150.375798,1,215.70059204101562,0.9670000672340393
-35.1927,143.395,1,234.2003173828125,0.9640000462532043
-32.019296,147.713458,0,215.70059204101562,0.9670000672340393
-36.199658,149.766728,1,215.70059204101562,0.9670000672340393
-37.302713,147.751844,1,215.70059204101562,0.9670000672340393
-34.0182,151.07,1,215.70059204101562,0.9670000672340393
-33.482749,148.415483,0,215.70059204101562,0.9670000672340393
-37.148982,145.276147,1,210.80189514160156,0.9410000443458557
-37.777287,149.16058,0,215.70059204101562,0.9670000672340393
-38.099412,143.801679,1,218.00387573242188,0.9480000734329224
-35.452955,149.116509,1,215.70059204101562,0.9670000672340393
-36.6263,143.485,1,228.59878540039062,0.9920000433921814
-36.998126,148.203921,0,215.70059204101562,0.9670000672340393
-33.026516,146.549922,0,200.10040283203125,1.0
-38.445776,143.92623,0,216.29940795898438,0.937000036239624
-38.044352,145.374923,1,207.8970947265625,0.9260000586509705
-37.11288,141.687529,0,231.39955139160156,0.9430000185966492
-36.291378,144.798742,1,220.10044860839844,1.0
-36.408647,149.212939,0,215.70059204101562,0.9670000672340393
-38.108782,144.075563,0,220.9967041015625,0.9480000734329224
-37.394109,143.78561,0,224.90176391601562,0.9860000610351562
-38.7021,145.864,1,198.39840698242188,0.7910000085830688
-33.548045,150.640637,0,215.70059204101562,0.9670000672340393
-37.664429,144.76206,0,219.39625549316406,0.9830000400543213
-37.891767,143.363298,1,219.30023193359375,0.9590000510215759
-37.139712,142.824687,0,223.5013885498047,0.9590000510215759
-37.286163,144.777255,1,219.30023193359375,0.984000027179718
-34.2911,149.73607,1,215.70059204101562,0.9670000672340393
-36.140453,148.934777,0,215.70059204101562,0.9670000672340393
-35.239609,150.302898,1,215.70059204101562,0.9670000672340393
-37.730797,149.333753,0,215.70059204101562,0.9670000672340393
-35.37298,148.258302,1,215.70059204101562,0.9670000672340393
-37.725284,142.717823,0,221.19674682617188,0.9470000267028809
-33.782837,151.017019,1,215.70059204101562,0.9670000672340393
-37.7367,145.56743,0,204.20008850097656,0.9180000424385071
-37.5084,144.562,1,221.99697875976562,0.9720000624656677
-36.1139,150.055,1,215.70059204101562,0.9670000672340393
-35.4,150.4,1,215.70059204101562,0.9670000672340393
-35.9081,150.066,1,215.70059204101562,0.9670000672340393
-37.491965,148.929876,0,215.70059204101562,0.9670000672340393
-38.129059,147.080975,1,188.80386352539062,1.040000081062317
-38.420384,144.843241,0,211.4980926513672,0.9240000247955322
-36.712252,145.719429,0,207.60101318359375,0.968000054359436
-36.280765,143.09214,0,230.90341186523438,1.0140000581741333
-38.457259,145.199967,1,206.49696350097656,0.8490000367164612
-38.2193,145.074,1,211.8021697998047,0.9350000619888306
-37.596797,144.237937,1,223.597412109375,0.9720000624656677
-37.069043,143.471923,0,225.10182189941406,0.9910000562667847
-37.88844,141.152688,0,233.896240234375,0.9360000491142273
-32.733993,146.586261,0,197.39822387695312,1.0140000581741333
-37.947898,143.307536,1,218.2039337158203,0.9540000557899475
-35.171927,144.045145,1,226.30215454101562,0.9760000705718994
-38.368816,144.251473,1,219.1001739501953,0.937000036239624
-37.215885,143.277289,0,223.9014892578125,1.002000093460083
-35.576,149.137,1,215.70059204101562,0.9670000672340393
-34.385446,146.31245,0,208.29721069335938,0.9140000343322754
-38.374933,145.985948,1,197.89830017089844,0.7630000114440918
-37.893215,145.32474,1,208.60128784179688,0.9260000586509705
-36.8947,145.896,1,204.400146484375,0.9130000472068787
-34.723452,145.969292,0,213.49864196777344,0.9630000591278076
-35.730644,146.56378,0,204.00003051757812,0.9660000205039978
-33.098993,147.190345,0,187.09939575195312,1.1060000658035278
-35.358558,143.504035,0,233.4001007080078,0.9860000610351562
-37.6699,140.948,1,236.0968475341797,0.9420000314712524
-37.748742,145.257802,1,209.00140380859375,0.9020000696182251
-37.357452,144.640764,1,221.99697875976562,0.984000027179718
-35.4004,149.199,1,215.70059204101562,0.9670000672340393
-37.554795,143.823174,1,223.99752807617188,0.9820000529289246
-35.264221,150.333121,1,215.70059204101562,0.9670000672340393
-36.159912,140.752365,0,242.09849548339844,0.9300000667572021
-38.099333,143.801554,1,218.00387573242188,0.9480000734329224
-37.753547,145.350866,1,207.40097045898438,0.9010000228881836
-38.212047,143.156767,1,216.59596252441406,0.9360000491142273
-37.968497,143.331329,1,217.69979858398438,0.9540000557899475
-37.665154,142.841664,0,221.30078125,0.9480000734329224
-38.653389,146.211096,1,196.19631958007812,0.906000018119812
-32.175076,148.745023,0,215.70059204101562,0.9670000672340393
-37.589638,144.702886,1,219.70034790039062,0.9730000495910645
-34.371376,150.7248,0,215.70059204101562,0.9670000672340393
-33.5384,149.723,1,215.70059204101562,0.9670000672340393
-37.7325,145.161,1,211.001953125,0.9270000457763672
-36.86613,148.943819,0,215.70059204101562,0.9670000672340393
-34.496622,150.435882,1,215.70059204101562,0.9670000672340393
-34.250457,150.578525,1,215.70059204101562,0.9670000672340393
-34.801743,146.671662,0,200.19898986816406,0.940000057220459
-33.726631,150.341906,1,215.70059204101562,0.9670000672340393
-35.977661,141.603607,0,235.49667358398438,0.9720000624656677
-37.43177,144.034022,0,225.10182189941406,0.987000048160553
-37.520188,143.818705,0,224.3976287841797,0.9820000529289246
-37.226349,144.705158,1,221.19674682617188,0.9900000691413879
-33.6731,148.534,1,215.70059204101562,0.9670000672340393
-34.1574,150.799,1,215.70059204101562,0.9670000672340393
-33.755,150.74,1,215.70059204101562,0.9670000672340393
-37.7093,145.026,1,214.0988006591797,0.9830000400543213
-33.843479,148.025105,0,215.70059204101562,0.9670000672340393
-37.4858,145.083,1,213.298583984375,0.9690000414848328
-36.790465,142.516641,0,227.19839477539062,0.9580000638961792
-37.879902,147.887747,1,215.70059204101562,0.9670000672340393
-38.163114,146.023047,0,190.5983123779297,0.6530000567436218
-38.078433,143.267019,1,217.2036590576172,0.9460000395774841
-36.719574,146.945932,1,191.59661865234375,0.9920000433921814
-35.715609,148.81538,0,215.70059204101562,0.9670000672340393
-37.371829,142.131847,0,226.59823608398438,0.9690000414848328
-35.723018,149.237948,0,215.70059204101562,0.9670000672340393
-35.541376,150.376943,1,215.70059204101562,0.9670000672340393
-35.708259,148.888982,1,215.70059204101562,0.9670000672340393
-37.088872,145.727853,0,205.80052185058594,0.9440000653266907
-34.0179,150.838,1,215.70059204101562,0.9670000672340393
-35.293172,150.416357,1,215.70059204101562,0.9670000672340393
-34.7642,149.762,1,215.70059204101562,0.9670000672340393
-32.259002,148.584989,1,215.70059204101562,0.9670000672340393
-38.5288,143.54,1,215.4989471435547,0.9390000700950623
-35.681341,148.469934,0,215.70059204101562,0.9670000672340393
-33.556678,149.995378,0,215.70059204101562,0.9670000672340393
-34.496574,150.776935,1,215.70059204101562,0.9670000672340393
-35.0375,150.668,1,215.70059204101562,0.9670000672340393
-37.2221,144.374,1,223.70144653320312,0.9930000305175781
-34.007182,149.809261,0,215.70059204101562,0.9670000672340393
-38.0812,145.723,1,202.1995391845703,0.9540000557899475
-34.719226,146.703298,0,200.30300903320312,0.9410000443458557
-37.472868,144.31994,1,223.39735412597656,0.984000027179718
-34.54,150.299,1,215.70059204101562,0.9670000672340393
-33.7573,148.416,1,215.70059204101562,0.9670000672340393
-36.001573,146.115132,0,211.8021697998047,0.9580000638961792
-34.555201,148.426632,1,215.70059204101562,0.9670000672340393
-38.481704,145.220223,1,206.49696350097656,0.8490000367164612
-36.692172,148.841518,0,215.70059204101562,0.9670000672340393
-35.336041,149.261119,1,215.70059204101562,0.9670000672340393
-37.108001,142.401148,1,225.19784545898438,0.9660000205039978
-34.462298,146.000878,0,212.60238647460938,0.9580000638961792
-37.838659,145.222666,1,211.29803466796875,0.9610000252723694
-36.480356,141.253695,0,236.00082397460938,0.9570000171661377
-35.9,150.0,1,215.70059204101562,0.9670000672340393
-33.442868,150.640739,1,215.70059204101562,0.9670000672340393
-31.4365,149.054,1,215.70059204101562,0.9670000672340393
-33.52771,150.21084,1,215.70059204101562,0.9670000672340393
-33.262628,147.22979,0,188.40374755859375,1.1090000867843628
-32.177,149.795,1,215.70059204101562,0.9670000672340393
-33.613267,148.354662,0,215.70059204101562,0.9670000672340393
-37.3935,144.112,1,224.997802734375,0.9890000224113464
-36.559534,147.640751,0,187.49949645996094,1.152000069618225
-38.6818,146.479,1,192.501953125,0.9390000700950623
-33.713967,150.90762,1,215.70059204101562,0.9670000672340393
-37.895991,140.616575,0,238.29745483398438,0.9800000190734863
-37.4034,144.453,1,223.1012725830078,0.9850000739097595
-36.370936,147.11809,1,193.70120239257812,1.1260000467300415
-37.913879,144.747857,1,218.59603881835938,0.9830000400543213
-37.128778,148.94358,0,215.70059204101562,0.9670000672340393
-33.974378,145.150853,0,217.89984130859375,0.9420000314712524
-33.7289,148.941,1,215.70059204101562,0.9670000672340393
-36.337705,145.936818,0,208.4972686767578,0.9130000472068787
-36.933466,144.927673,0,218.00387573242188,0.9830000400543213
-33.71051,150.623676,1,215.70059204101562,0.9670000672340393
-38.4373,145.956,1,199.1969757080078,0.8080000281333923
-34.082029,147.484476,0,187.8035888671875,1.0870000123977661
-37.590467,143.265227,0,221.59686279296875,0.9890000224113464
-33.669198,148.897468,1,215.70059204101562,0.9670000672340393
-37.8262,145.145,1,213.00250244140625,0.9850000739097595
-37.052266,144.479369,0,224.3976287841797,0.9830000400543213
-35.433905,149.325047,0,215.70059204101562,0.9670000672340393
-34.269529,149.162283,0,215.70059204101562,0.9670000672340393
-37.330706,145.736724,0,203.9040069580078,0.940000057220459
-37.80789,145.450732,1,205.80052185058594,0.9010000228881836
-38.5521,143.538,1,215.6038055419922,0.9520000219345093
-35.720484,146.377633,0,205.89654541015625,0.9070000648498535
-34.495368,150.774851,1,215.70059204101562,0.9670000672340393
-34.374544,144.433228,0,218.0998992919922,0.9420000314712524
-37.90213,145.266208,1,210.2017364501953,0.9460000395774841
-34.579212,150.772206,1,215.70059204101562,0.9670000672340393
-36.80734,145.312834,1,212.20228576660156,0.9890000224113464
-34.108166,151.038436,1,215.70059204101562,0.9670000672340393
-32.468161,150.047691,0,215.70059204101562,0.9670000672340393
-33.674994,149.766228,1,215.70059204101562,0.9670000672340393
-35.1101,150.232,1,215.70059204101562,0.9670000672340393
-36.305448,142.328694,0,230.50331115722656,0.9800000190734863
-36.295027,142.342477,0,230.50331115722656,0.9800000190734863
-37.952079,145.36704,1,208.09715270996094,0.9610000252723694
-33.670802,146.377926,0,205.10150146484375,0.9490000605583191
-37.6961,140.73,1,239.00164794921875,0.9550000429153442
-33.4286,150.085,1,215.70059204101562,0.9670000672340393
-34.0587,151.012,1,215.70059204101562,0.9670000672340393
-37.91783,143.343926,1,218.0998992919922,0.9550000429153442
-36.867776,147.264999,1,189.5000457763672,1.0730000734329224
-34.481506,150.489724,1,215.70059204101562,0.9670000672340393
-33.814,151.02,1,215.70059204101562,0.9670000672340393
-33.512719,145.308862,0,216.20338439941406,0.9440000653266907
-37.801727,145.280029,1,207.29693603515625,0.8750000596046448
-37.9502,145.504,1,203.3038330078125,0.8760000467300415
-33.930512,150.832156,1,215.70059204101562,0.9670000672340393
-37.205547,144.48067,1,223.9014892578125,0.9950000643730164
-36.401427,142.042105,0,232.19976806640625,0.9820000529289246
-36.143313,140.811158,0,241.29827880859375,0.9290000200271606
-36.15248,145.992828,0,211.898193359375,0.9510000348091125
-37.4035,144.453,1,223.1012725830078,0.9850000739097595
-35.765931,143.494222,0,232.10374450683594,1.00600004196167
-37.5809,145.216,1,211.40206909179688,0.9480000734329224
-37.476819,144.293167,1,223.70144653320312,0.9850000739097595
-37.80241,148.122267,0,215.70059204101562,0.9670000672340393
-36.840979,144.939491,0,217.49974060058594,0.9750000238418579
-37.1,143.7,1,225.50193786621094,0.9830000400543213
-37.7962,145.112,1,213.00250244140625,0.9850000739097595
-34.655004,146.264468,0,209.6015625,0.9460000395774841
-35.1794,149.116,1,215.70059204101562,0.9670000672340393
-34.6177,148.402,1,215.70059204101562,0.9670000672340393
-35.406,149.496,1,215.70059204101562,0.9670000672340393
-36.665603,144.407205,0,224.3976287841797,0.9860000610351562
-36.127703,143.532705,0,231.70364379882812,1.0240000486373901
-32.670443,149.103051,0,215.70059204101562,0.9670000672340393
-37.184621,144.915351,0,217.09962463378906,0.9880000352859497
-37.899841,145.205975,1,211.001953125,0.9510000348091125
-33.1278,147.561,1,215.70059204101562,0.9670000672340393
-37.145303,144.169713,1,224.90176391601562,0.9830000400543213
-31.28424,148.606331,0,215.70059204101562,0.9670000672340393
-36.625881,143.929531,0,227.70254516601562,1.0049999952316284
-34.9922,150.61,1,215.70059204101562,0.9670000672340393
-35.344579,149.858595,1,215.70059204101562,0.9670000672340393
-35.599191,146.82676,0,198.9986572265625,1.0460000038146973
-33.0328,150.035,1,215.70059204101562,0.9670000672340393
-32.513906,147.497034,0,215.70059204101562,0.9670000672340393
-38.441643,143.577826,0,215.6038055419922,0.9160000681877136
-38.3426,145.082,1,212.09825134277344,0.9550000429153442
-34.695344,145.733815,0,215.20310974121094,0.9530000686645508
-38.017972,143.456542,1,218.00387573242188,0.9360000491142273
-37.9251,147.217,1,184.2025909423828,1.0170000791549683
-37.807688,145.263711,1,209.09742736816406,0.9180000424385071
-33.7911,148.418,1,215.70059204101562,0.9670000672340393
-36.005982,144.443353,0,224.70172119140625,1.0
-33.3249,149.097,1,215.70059204101562,0.9670000672340393
-37.8648,144.883,1,216.29940795898438,0.9530000686645508
-37.0484,143.811,1,225.99807739257812,0.9800000190734863
-37.734988,145.065961,1,213.80271911621094,0.9860000610351562
-38.504854,145.616992,0,201.60073852539062,0.8580000400543213
-36.8628,147.309,1,187.8035888671875,1.0550000667572021
-34.8,150.6,1,215.70059204101562,0.9670000672340393
-37.387278,144.320304,1,223.597412109375,0.9960000514984131
-38.3409,146.323,1,193.80062866210938,0.8710000514984131
-36.121429,147.092737,1,195.70175170898438,1.1220000982284546
-38.087756,145.739321,1,200.7991485595703,0.9180000424385071
-37.6052,141.697,1,227.5985107421875,0.9260000586509705
-35.309081,148.772293,0,215.70059204101562,0.9670000672340393
-32.732208,148.970771,0,215.70059204101562,0.9670000672340393
-34.122551,145.343333,0,216.89956665039062,0.9420000314712524
-35.378113,149.283045,1,215.70059204101562,0.9670000672340393
-33.9545,150.998,1,215.70059204101562,0.9670000672340393
-36.54777,149.667813,0,215.70059204101562,0.9670000672340393
-34.2,150.9,1,215.70059204101562,0.9670000672340393
-35.610672,143.590357,0,232.70391845703125,0.9980000257492065
-35.292,150.2,1,215.70059204101562,0.9670000672340393
-37.597475,144.234512,1,223.597412109375,0.9720000624656677
-36.03259,146.910583,1,197.5982666015625,1.0940001010894775
-35.882646,145.492443,1,215.8992919921875,0.9830000400543213
-32.945467,149.730047,0,215.70059204101562,0.9670000672340393
-37.527123,141.840711,0,228.5027618408203,0.940000057220459
-36.859042,143.53145,0,227.5024871826172,0.9910000562667847
-35.8105,146.459,1,205.09632873535156,0.9530000686645508
-34.496401,150.762648,1,215.70059204101562,0.9670000672340393
-37.786415,145.190836,0,210.0977020263672,0.9270000457763672
-35.691101,149.040478,0,215.70059204101562,0.9670000672340393
-36.965586,145.166215,0,213.298583984375,0.9940000176429749
-36.681763,144.309884,1,225.7980194091797,1.0070000886917114
-33.354772,149.996075,1,215.70059204101562,0.9670000672340393
-33.937716,150.987592,1,215.70059204101562,0.9670000672340393
-34.738159,150.609965,1,215.70059204101562,0.9670000672340393
-34.186785,150.70965,1,215.70059204101562,0.9670000672340393
-33.7365,150.797,1,215.70059204101562,0.9670000672340393
-33.227091,147.652913,0,215.70059204101562,0.9670000672340393
-36.717124,148.888127,0,215.70059204101562,0.9670000672340393
-36.19992,148.141698,0,215.70059204101562,0.9670000672340393
-37.952106,147.054522,1,186.8993377685547,1.0190000534057617
-36.87681,149.224469,0,215.70059204101562,0.9670000672340393
-36.762654,147.088073,0,191.50059509277344,1.0890001058578491
-34.808284,146.13872,0,211.60211181640625,0.9570000171661377
-32.77403,146.239902,0,203.19784545898438,0.9700000286102295
-36.669548,149.792239,1,215.70059204101562,0.9670000672340393
-34.495447,150.774952,1,215.70059204101562,0.9670000672340393
-38.368781,144.981651,1,212.60238647460938,0.9480000734329224
-36.040975,150.009425,1,215.70059204101562,0.9670000672340393
-36.822415,146.169876,0,203.9040069580078,0.9480000734329224
-38.765991,143.463285,0,214.49871826171875,0.9600000381469727
-36.846,149.908,1,215.70059204101562,0.9670000672340393
-36.7922,144.614,1,222.30105590820312,0.984000027179718
-36.508026,147.412927,1,188.6038055419922,1.1430000066757202
-36.983828,144.500527,0,224.79774475097656,0.9780000448226929
-37.407013,144.594586,1,221.7969207763672,0.9830000400543213
-37.5344,145.268,1,210.0977020263672,0.9050000309944153
-37.073779,141.62558,0,231.99972534179688,0.9470000267028809
-37.557402,146.668179,0,189.00390625,0.9240000247955322
-32.74123,150.042673,1,215.70059204101562,0.9670000672340393
-35.402793,150.273321,0,215.70059204101562,0.9670000672340393
-35.249482,144.138062,1,224.70172119140625,0.9780000448226929
-35.461761,149.089367,1,215.70059204101562,0.9670000672340393
-37.794,148.529,1,215.70059204101562,0.9670000672340393
-32.917896,148.546506,0,215.70059204101562,0.9670000672340393
-36.443831,148.548664,1,215.70059204101562,0.9670000672340393
-37.0933,148.413,1,215.70059204101562,0.9670000672340393
-32.634777,149.055038,0,215.70059204101562,0.9670000672340393
-36.970517,147.413248,0,185.6029815673828,1.0720000267028809
-33.617949,150.893597,1,215.70059204101562,0.9670000672340393
-38.078374,146.3955,0,190.79640197753906,0.7910000085830688
-36.991221,146.576199,0,195.3016357421875,0.8950000405311584
-37.8017,144.864,1,216.69952392578125,0.956000030040741
-37.4241,144.043,1,225.10182189941406,0.987000048160553
-38.007249,145.99932,1,191.59661865234375,0.7450000643730164
-34.65111,149.390664,0,215.70059204101562,0.9670000672340393
-35.7523,143.934,1,230.19921875,1.0010000467300415
-37.524687,144.74717,0,219.39625549316406,0.9720000624656677
-37.212898,149.489568,0,215.70059204101562,0.9670000672340393
-36.69626,146.915676,1,191.9007110595703,0.9670000672340393
-34.9954,149.303,1,215.70059204101562,0.9670000672340393
-33.040272,149.37257,0,215.70059204101562,0.9670000672340393
-35.663751,145.768013,0,215.29913330078125,0.9430000185966492
-35.363216,148.942611,0,215.70059204101562,0.9670000672340393
-33.909,150.622,1,215.70059204101562,0.9670000672340393
-35.536797,142.442321,0,235.09657287597656,0.9810000658035278
-33.415903,150.07206,1,215.70059204101562,0.9670000672340393
-38.4076,144.842,1,212.29830932617188,0.9330000281333923
-36.779711,143.092034,0,226.1981201171875,0.9910000562667847
-37.7926,145.387,1,208.00112915039062,0.9320000410079956
-32.504557,150.032613,0,215.70059204101562,0.9670000672340393
-33.949756,150.985591,0,215.70059204101562,0.9670000672340393
-33.1507,145.6381,0,214.60293579101562,0.9610000252723694
-36.7443,149.815,1,215.70059204101562,0.9670000672340393
-37.7909,145.597,1,204.4961700439453,0.9230000376701355
-34.128488,148.350918,0,215.70059204101562,0.9670000672340393
-37.731923,147.677014,1,181.4978485107422,1.1570000648498535
-35.712208,143.669093,0,231.30352783203125,1.00600004196167
-35.019189,145.230096,0,217.603759765625,0.9780000448226929
-36.219074,146.944411,1,196.10186767578125,1.0789999961853027
-38.214165,143.001878,0,217.69979858398438,0.9480000734329224
-33.896669,151.038926,0,215.70059204101562,0.9670000672340393
-37.984,146.276,1,193.59716796875,0.8680000305175781
-36.102111,144.82064,1,220.19647216796875,0.999000072479248
-38.3376,144.263587,1,218.99615478515625,0.9270000457763672
-37.452756,143.437818,0,222.7971954345703,0.9830000400543213
-37.596259,144.239586,1,223.597412109375,0.9720000624656677
-33.7071,150.909,1,215.70059204101562,0.9670000672340393
-32.888166,149.235117,1,215.70059204101562,0.9670000672340393
-37.922683,144.666411,1,219.900390625,0.9730000495910645
-36.768233,148.15795,0,215.70059204101562,0.9670000672340393
-33.668611,150.828054,0,215.70059204101562,0.9670000672340393
-37.005,143.754,1,226.30215454101562,0.9790000319480896
-37.3538,140.695,1,239.20169067382812,0.937000036239624
-35.3141,149.191,1,215.70059204101562,0.9670000672340393
-36.975651,146.937162,0,190.9964599609375,1.002000093460083
-35.337868,149.111483,1,215.70059204101562,0.9670000672340393
-38.442403,146.202906,1,193.39730834960938,0.7210000157356262
-35.105459,142.501936,0,238.89761352539062,0.971000075340271
-33.8802,150.743,1,215.70059204101562,0.9670000672340393
-32.273205,148.584885,1,215.70059204101562,0.9670000672340393
-37.210157,146.648665,1,189.70010375976562,0.8630000352859497
-36.792729,147.644904,0,184.80276489257812,1.158000111579895
-37.13523,141.075011,0,235.296630859375,0.9540000557899475
-36.979614,145.912089,1,204.60018920898438,0.956000030040741
-36.168412,147.840979,0,215.70059204101562,0.9670000672340393
-38.15597,141.984319,0,225.70199584960938,0.9190000295639038
-33.755432,150.623371,1,215.70059204101562,0.9670000672340393
-37.636682,143.871086,1,222.99725341796875,0.9810000658035278
-35.038697,149.053075,0,215.70059204101562,0.9670000672340393
-37.2254,144.316,1,223.9014892578125,0.9920000433921814
-33.892376,147.992648,0,215.70059204101562,0.9670000672340393
-35.3362,149.167,1,215.70059204101562,0.9670000672340393
-37.3143,144.135,1,224.30160522460938,0.9930000305175781
-37.598406,144.232888,1,223.597412109375,0.9720000624656677
-36.2177,147.172,1,193.5011444091797,1.1130000352859497
-34.947068,149.258197,1,215.70059204101562,0.9670000672340393
-34.514631,150.732789,0,215.70059204101562,0.9670000672340393
-34.961938,146.416292,0,205.00030517578125,0.8960000276565552
-36.493356,144.414694,0,224.3976287841797,0.9890000224113464
-37.8863,146.216,1,191.7966766357422,0.7830000519752502
-36.194,146.506203,0,203.50389099121094,0.9380000233650208
-37.70668,145.531566,0,205.2003631591797,0.9350000619888306
-38.179783,146.146881,1,193.50216674804688,0.7430000305175781
-37.312759,144.273441,0,223.9014892578125,0.9960000514984131
-35.858908,147.599251,0,215.70059204101562,0.9670000672340393
-34.695868,150.852916,1,215.70059204101562,0.9670000672340393
-37.71255,149.373346,0,215.70059204101562,0.9670000672340393
-37.421259,140.906317,0,237.20114135742188,0.9420000314712524
-35.2481,149.658,1,215.70059204101562,0.9670000672340393
-38.385068,143.228948,0,217.0960693359375,0.9520000219345093
-33.6405,150.803,1,215.70059204101562,0.9670000672340393
-33.61,150.808,1,215.70059204101562,0.9670000672340393
-31.935433,149.215828,0,215.70059204101562,0.9670000672340393
-38.372467,143.285151,1,215.90225219726562,0.9500000476837158
-34.04741,150.733956,1,215.70059204101562,0.9670000672340393
-37.466124,147.434081,0,179.49729919433594,0.9960000514984131
-37.811244,143.378135,1,219.900390625,0.9620000720024109
-32.83278,150.196889,1,215.70059204101562,0.9670000672340393
-35.60553,145.529126,0,216.60348510742188,0.9720000624656677
-38.020749,143.351351,1,217.40371704101562,0.9550000429153442
-38.490251,145.18939,0,206.49696350097656,0.8490000367164612
-35.363728,145.111777,0,218.29995727539062,0.9900000691413879
-36.1648,147.224,1,192.700927734375,1.125
-36.26379,149.515468,1,215.70059204101562,0.9670000672340393
-35.013745,150.623201,1,215.70059204101562,0.9670000672340393
-36.866924,143.150228,0,225.59796142578125,0.9910000562667847
-37.8322,147.608,1,182.8982391357422,1.1470000743865967
-37.4885,145.197,1,210.60183715820312,0.9350000619888306
-37.089946,144.600553,0,223.597412109375,0.9810000658035278
-37.937378,145.42805,1,203.50389099121094,0.8250000476837158
-32.961166,146.650969,0,196.99810791015625,1.0110000371932983
-37.2217,147.61263,1,179.49729919433594,1.099000096321106
-37.506151,146.348295,0,190.1002197265625,0.753000020980835
-32.529831,149.523242,0,215.70059204101562,0.9670000672340393
-33.532257,150.191206,1,215.70059204101562,0.9670000672340393
-33.653019,145.113436,0,217.40371704101562,0.940000057220459
-35.199796,145.174766,0,217.89984130859375,0.971000075340271
-34.1985,150.576,1,215.70059204101562,0.9670000672340393
-38.041565,143.246644,1,217.49974060058594,0.9460000395774841
-38.369252,144.980028,1,213.80271911621094,0.987000048160553
-35.224512,149.975786,1,215.70059204101562,0.9670000672340393
-35.614475,143.620304,0,231.9036865234375,1.002000093460083
-38.122555,145.586545,0,201.70339965820312,0.8700000643730164
-33.70751,150.57451,1,215.70059204101562,0.9670000672340393
-33.929785,150.634186,1,215.70059204101562,0.9670000672340393
-33.7013,150.58625,1,215.70059204101562,0.9670000672340393
-34.893149,145.492357,0,216.60348510742188,0.971000075340271
-36.869507,144.018922,1,227.39845275878906,0.9820000529289246
-35.913209,150.155544,1,215.70059204101562,0.9670000672340393
-35.690615,146.954924,1,198.1024169921875,1.097000002861023
-37.9845,147.074,1,186.4031982421875,1.0250000953674316
-34.7443,146.537,1,203.70394897460938,0.9340000152587891
-33.723328,150.865101,1,215.70059204101562,0.9670000672340393
-36.324692,145.052609,0,217.80381774902344,0.9910000562667847
-32.650749,147.419194,0,215.70059204101562,0.9670000672340393
-37.112015,142.356804,0,225.99807739257812,0.9690000414848328
-38.135912,144.340642,0,220.3965301513672,0.9460000395774841
-36.9168,147.278,1,187.00335693359375,1.0150001049041748
-35.2092,146.753,1,198.59854125976562,0.9580000638961792
-37.2,143.7,1,225.19784545898438,0.9880000352859497
-33.468171,145.125169,0,216.69952392578125,0.9420000314712524
-36.802411,149.259501,1,215.70059204101562,0.9670000672340393
-37.729,140.644,1,239.00164794921875,0.9620000720024109
-37.579151,147.730293,0,182.0980224609375,1.1640000343322754
-36.247861,145.465703,1,214.29885864257812,0.9780000448226929
-33.5093,148.582,1,215.70059204101562,0.9670000672340393
-35.156664,143.430278,1,234.2003173828125,0.9660000205039978
-38.4685,146.203,1,195.09930419921875,0.7990000247955322
-31.70016,148.856372,0,215.70059204101562,0.9670000672340393
-36.034337,146.985536,1,196.59799194335938,1.1160000562667847
-37.6891,144.437,1,221.90093994140625,0.9650000333786011
-34.387955,147.833114,0,185.6029815673828,1.1370000839233398
-33.960022,150.968223,1,215.70059204101562,0.9670000672340393
-38.635163,145.714458,1,200.3988494873047,0.8090000152587891
-37.069471,145.993019,1,202.1995391845703,0.9480000734329224
-34.062209,144.259012,0,220.3965301513672,0.9420000314712524
-36.9429,143.935,1,227.19839477539062,0.9820000529289246
-37.8319,145.435,1,206.29666137695312,0.8980000615119934
-37.5061,147.841,1,215.70059204101562,0.9670000672340393
-37.970249,143.391063,1,217.49974060058594,0.9530000686645508
-37.555234,144.636446,0,221.10072326660156,0.9670000672340393
-35.070377,145.217434,0,217.40371704101562,0.9780000448226929
-37.694086,146.084884,0,195.39767456054688,0.8380000591278076
-37.2073,145.032,1,215.40316772460938,0.984000027179718
-33.394996,149.389751,0,215.70059204101562,0.9670000672340393
-35.185829,148.13262,1,215.70059204101562,0.9670000672340393
-33.815268,150.251236,1,215.70059204101562,0.9670000672340393
-33.617,150.888,1,215.70059204101562,0.9670000672340393
-34.504888,148.052695,0,215.70059204101562,0.9670000672340393
-38.283508,144.474132,1,218.29995727539062,0.9390000700950623
-34.841336,143.942676,0,225.70199584960938,0.9610000252723694
-37.53074,149.214622,0,215.70059204101562,0.9670000672340393
-35.4092,149.093,1,215.70059204101562,0.9670000672340393
-36.849442,143.738238,1,226.99835205078125,0.9980000257492065
-32.353492,147.15631,0,185.89906311035156,1.1069999933242798
-34.313,148.292,1,215.70059204101562,0.9670000672340393
-36.04846,148.912707,1,215.70059204101562,0.9670000672340393
-35.617519,143.692616,0,231.19949340820312,1.0
-38.391937,143.344986,1,215.79739379882812,0.9450000524520874
-38.667351,143.578882,1,215.10369873046875,0.9390000700950623
-33.806004,146.322583,0,205.90005493164062,0.9270000457763672
-32.512331,147.376709,0,185.4989471435547,1.1450001001358032
-37.057351,147.126434,0,188.2036895751953,1.0480000972747803
-33.502488,149.207152,0,215.70059204101562,0.9670000672340393
-37.6688,144.899,1,216.4994659423828,0.9740000367164612
-34.8918,149.687,1,215.70059204101562,0.9670000672340393
-35.180506,149.729412,1,215.70059204101562,0.9670000672340393
-34.200081,148.901358,0,215.70059204101562,0.9670000672340393
-37.147833,140.932631,0,237.4011993408203,0.9480000734329224
-37.7484,143.784,1,221.3968048095703,0.9740000367164612
-38.413912,145.953449,0,199.1969757080078,0.8080000281333923
-33.750084,146.672277,0,200.703125,0.9960000514984131
-35.27795,149.170456,1,215.70059204101562,0.9670000672340393
-34.799377,144.445931,0,218.59603881835938,0.9650000333786011
-33.842414,145.78452,0,214.49891662597656,0.9470000267028809
-37.8153,147.432,1,181.001708984375,1.0430001020431519
-37.325058,144.524456,1,223.5013885498047,0.9920000433921814
-38.6665,146.182,1,195.09930419921875,0.815000057220459
-37.967987,144.11187,1,221.90093994140625,0.956000030040741
-37.800627,145.714914,0,201.90345764160156,0.937000036239624
-34.5409,150.276,1,215.70059204101562,0.9670000672340393
-37.644756,145.471657,0,206.60073852539062,0.9200000166893005
-31.945083,147.509648,0,215.70059204101562,0.9670000672340393
-32.7769,147.490018,0,215.70059204101562,0.9670000672340393
-33.396422,150.713016,0,215.70059204101562,0.9670000672340393
-33.081545,147.115103,0,188.29971313476562,1.0920000076293945
-38.1836,145.946,1,188.09967041015625,0.6170000433921814
-36.064712,144.387305,0,225.3979034423828,0.9980000257492065
-34.476763,145.638439,0,215.8992919921875,0.9490000605583191
-36.662445,146.86908,1,194.101318359375,1.0180000066757202
-37.278069,140.508009,0,241.60235595703125,0.9550000429153442
-32.347205,149.53105,1,215.70059204101562,0.9670000672340393
-33.394273,145.948363,0,212.4014892578125,0.9320000410079956
-33.9121,149.359,1,215.70059204101562,0.9670000672340393
-37.308412,143.739742,0,224.90176391601562,0.987000048160553
-36.748138,148.327402,0,215.70059204101562,0.9670000672340393
-38.547787,145.459163,1,202.100830078125,0.8440000414848328
-37.596863,144.236696,1,223.597412109375,0.9720000624656677
-36.749503,149.69949,1,215.70059204101562,0.9670000672340393
-33.2802,148.746,1,215.70059204101562,0.9670000672340393
-34.034135,151.165704,1,215.70059204101562,0.9670000672340393
-33.5502,150.242,1,215.70059204101562,0.9670000672340393
-36.6459,145.853,1,205.89654541015625,0.9200000166893005
-37.643,143.963,1,223.70144653320312,0.9810000658035278
-35.27845,149.110061,1,215.70059204101562,0.9670000672340393
-35.593121,142.346325,0,234.89651489257812,0.9850000739097595
-37.807245,145.263564,1,209.09742736816406,0.9180000424385071
-37.400645,145.573123,0,207.29693603515625,0.9660000205039978
-35.0555,149.024,1,215.70059204101562,0.9670000672340393
-33.529476,146.482679,0,202.69775390625,0.9780000448226929
-36.7392,143.407,1,227.5024871826172,0.9980000257492065
-36.308751,148.748134,0,215.70059204101562,0.9670000672340393
-37.111315,141.771884,0,230.90341186523438,0.9420000314712524
-33.785484,150.978769,1,215.70059204101562,0.9670000672340393
-37.784703,145.015612,1,214.40289306640625,0.9510000348091125
-36.882385,142.566301,0,226.7982940673828,0.9660000205039978
-37.086579,143.470614,1,224.79774475097656,0.9910000562667847
-34.749187,143.897408,0,226.99835205078125,0.9590000510215759
-33.669184,148.897498,1,215.70059204101562,0.9670000672340393
-37.863007,148.035502,1,215.70059204101562,0.9670000672340393
-37.568351,147.246807,0,182.402099609375,1.0460000038146973
-37.9328,146.449,1,187.00335693359375,0.7260000109672546
-36.9791,146.185,1,202.1995391845703,0.9500000476837158
-36.909062,149.76259,0,215.70059204101562,0.9670000672340393
-33.384308,148.011317,1,215.70059204101562,0.9670000672340393
-35.967758,146.351822,0,209.2014617919922,0.9330000281333923
-35.666688,150.292357,1,215.70059204101562,0.9670000672340393
-34.756046,149.555774,1,215.70059204101562,0.9670000672340393
-34.648906,149.183133,1,215.70059204101562,0.9670000672340393
-38.0418,144.173,1,221.3968048095703,0.9480000734329224
-38.037095,140.838648,1,236.60098266601562,0.9790000319480896
-37.493652,144.583439,1,221.30078125,0.9730000495910645
-34.045202,151.084274,1,215.70059204101562,0.9670000672340393
-32.1454,148.71,1,215.70059204101562,0.9670000672340393
-34.586,150.081,1,215.70059204101562,0.9670000672340393
-33.127318,146.195191,0,206.40017700195312,0.9630000591278076
-33.488687,149.980088,0,215.70059204101562,0.9670000672340393
-34.9918,149.126,1,215.70059204101562,0.9670000672340393
-32.630934,147.044306,0,188.00363159179688,1.0830000638961792
-35.943985,146.964894,1,197.30218505859375,1.1140000820159912
-33.4732,150.172,1,215.70059204101562,0.9670000672340393
-37.33036,142.385171,0,224.59768676757812,0.9720000624656677
-34.948153,143.747392,0,230.19921875,0.9650000333786011
-33.608978,150.887119,1,215.70059204101562,0.9670000672340393
-36.473642,141.809782,0,232.10374450683594,0.9640000462532043
-34.3122,148.288,1,215.70059204101562,0.9670000672340393
-30.965717,149.017591,1,215.70059204101562,0.9670000672340393
-37.794029,145.782593,1,200.90318298339844,0.9300000667572021
-34.657364,150.832605,1,215.70059204101562,0.9670000672340393
-36.543104,147.198526,0,191.9007110595703,1.128000020980835
-37.507645,141.401573,0,231.70364379882812,0.9150000214576721
-36.8567,143.689,1,227.30242919921875,0.9980000257492065
-35.3846,150.358,1,215.70059204101562,0.9670000672340393
-37.01808,142.312964,0,227.902587890625,0.9650000333786011
-38.674381,146.693004,1,189.79974365234375,1.027999997138977
-34.4922,150.76,1,215.70059204101562,0.9670000672340393
-33.785217,150.983883,1,215.70059204101562,0.9670000672340393
-38.23388,143.139092,1,216.60348510742188,0.940000057220459
-31.506287,148.559216,0,215.70059204101562,0.9670000672340393
-37.05,146.078,1,201.90345764160156,0.9480000734329224
-34.56314,147.784391,0,185.29888916015625,1.1019999980926514
-38.711937,143.745974,1,215.90225219726562,0.9700000286102295
-36.0822,145.69,1,213.40261840820312,0.971000075340271
-35.572682,145.385433,0,216.89956665039062,0.9820000529289246
-33.749898,150.953516,1,215.70059204101562,0.9670000672340393
-38.3179,142.338,1,223.79747009277344,0.9300000667572021
-33.051046,149.676073,0,215.70059204101562,0.9670000672340393
-34.042,151.158,1,215.70059204101562,0.9670000672340393
-38.393696,143.856171,1,216.29751586914062,0.9170000553131104
-33.321655,149.198071,1,215.70059204101562,0.9670000672340393
-36.082752,150.129574,1,215.70059204101562,0.9670000672340393
-37.668,140.761,1,238.60153198242188,0.9510000348091125
-38.140747,145.272243,1,209.49754333496094,0.9300000667572021
-35.971462,145.452085,0,215.60321044921875,0.9860000610351562
-34.75932,147.507454,0,189.90016174316406,1.0420000553131104
-37.175235,140.545095,0,240.89816284179688,0.9520000219345093
-35.87686,148.90844,0,215.70059204101562,0.9670000672340393
-38.391724,143.34929,1,215.79739379882812,0.9450000524520874
-32.690946,147.912784,0,215.70059204101562,0.9670000672340393
-35.2599,149.282,1,215.70059204101562,0.9670000672340393
-37.037263,148.330235,0,215.70059204101562,0.9670000672340393
-36.066244,145.802635,0,213.80271911621094,0.9700000286102295
-34.429462,145.454702,0,216.29940795898438,0.937000036239624
-36.5988,146.69,1,195.19761657714844,0.859000027179718
-34.983389,150.626748,0,215.70059204101562,0.9670000672340393
-36.993661,142.426331,0,226.99835205078125,0.9780000448226929
-35.950619,145.713537,1,215.0990753173828,0.9630000591278076
-35.2288,149.696,1,215.70059204101562,0.9670000672340393
-33.7173,150.951,1,215.70059204101562,0.9670000672340393
-37.773437,145.223613,1,210.2017364501953,0.9130000472068787
-37.594931,140.960285,0,236.60098266601562,0.9350000619888306
-36.074507,143.802917,1,231.19949340820312,1.0049999952316284
-33.669273,148.897392,1,215.70059204101562,0.9670000672340393
-37.571413,143.99392,1,223.5013885498047,0.9740000367164612
-35.3166,149.159,1,215.70059204101562,0.9670000672340393
-38.256012,144.171383,1,220.10044860839844,0.9380000233650208
-30.9476,149.061,1,215.70059204101562,0.9670000672340393
-38.470339,145.004356,1,212.29830932617188,0.9860000610351562
-37.828998,144.817526,1,217.2036590576172,0.9640000462532043
-34.331837,147.374218,0,191.19651794433594,1.0500000715255737
-37.063041,146.972999,0,189.09994506835938,0.9750000238418579
-33.843279,147.484073,0,187.2034149169922,1.1170001029968262
-35.169311,149.152622,1,215.70059204101562,0.9670000672340393
-33.103229,146.31824,0,203.69796752929688,0.9740000367164612
-37.358321,144.644177,1,221.99697875976562,0.984000027179718
-37.880744,147.890974,0,215.70059204101562,0.9670000672340393
-36.4195,148.404,1,215.70059204101562,0.9670000672340393
-36.641409,141.340423,0,235.09657287597656,0.9540000557899475
-36.200305,148.032674,0,215.70059204101562,0.9670000672340393
-37.732077,144.057824,1,222.99725341796875,0.9700000286102295
-37.228588,141.103818,0,235.6007080078125,0.9410000443458557
-35.111384,149.095346,1,215.70059204101562,0.9670000672340393
-37.646886,145.24738,1,210.29776000976562,0.9290000200271606
-35.853,148.198165,0,215.70059204101562,0.9670000672340393
-33.8775,150.998,1,215.70059204101562,0.9670000672340393
-36.960914,144.164784,0,225.99807739257812,0.9770000576972961
-33.700922,150.483466,1,215.70059204101562,0.9670000672340393
-38.116725,146.175055,0,189.2996368408203,0.6780000329017639
-31.370636,148.678002,1,215.70059204101562,0.9670000672340393
-39.044876,146.34959,0,191.39688110351562,0.8820000290870667
-34.125137,150.749283,1,215.70059204101562,0.9670000672340393
-34.532072,150.218037,1,215.70059204101562,0.9670000672340393
-33.575679,147.33589,0,187.09939575195312,1.1200000047683716
-35.665872,149.069129,0,215.70059204101562,0.9670000672340393
-37.253815,145.456726,1,209.00140380859375,0.9700000286102295
-37.029744,146.389624,0,199.70285034179688,0.9510000348091125
-37.803148,145.179505,1,211.8021697998047,0.9640000462532043
-36.4631,146.224,1,207.0968780517578,0.9640000462532043
-38.108151,145.331134,0,208.4972686767578,0.9230000376701355
-36.4496,148.329,1,215.70059204101562,0.9670000672340393
-34.4993,150.481,1,215.70059204101562,0.9670000672340393
-36.230639,150.094178,1,215.70059204101562,0.9670000672340393
-37.498021,144.60204,0,221.30078125,0.9730000495910645
-38.060873,145.483283,1,203.3038330078125,0.8530000448226929
-37.0842,144.029,1,225.3979034423828,0.9780000448226929
-35.680598,145.530024,0,216.29940795898438,0.9640000462532043
-34.534135,144.188077,1,221.3968048095703,0.9490000605583191
-34.654619,150.312731,1,215.70059204101562,0.9670000672340393
-37.02663,142.709256,1,225.3018798828125,0.987000048160553
-38.4973,145.784,1,198.39840698242188,0.7950000166893005
-34.7417,146.584,1,202.39959716796875,0.9380000233650208
-35.26777,147.100957,1,194.99755859375,1.0730000734329224
-38.388275,143.622302,1,215.20310974121094,0.9140000343322754
-33.413301,150.076035,1,215.70059204101562,0.9670000672340393
-34.902139,145.735977,0,214.89901733398438,0.971000075340271
-34.365852,148.092522,0,215.70059204101562,0.9670000672340393
-35.0347,149.377,1,215.70059204101562,0.9670000672340393
-34.7784,150.688,1,215.70059204101562,0.9670000672340393
-34.014014,150.835996,1,215.70059204101562,0.9670000672340393
-36.7807,144.401,1,224.70172119140625,0.9850000739097595
-36.643307,147.85149,0,215.70059204101562,0.9670000672340393
-35.617439,147.756291,0,215.70059204101562,0.9670000672340393
-36.537171,146.368329,0,202.5036163330078,0.8760000467300415
-37.876302,143.489072,1,219.30023193359375,0.9490000605583191
-36.6967,149.976,1,215.70059204101562,0.9670000672340393
-37.7909,145.596,1,204.4961700439453,0.9230000376701355
-35.652242,147.418862,0,215.70059204101562,0.9670000672340393
-35.850597,142.089523,0,234.00027465820312,1.0110000371932983
-38.6814,146.48,1,192.501953125,0.9390000700950623
-37.418498,149.373814,0,215.70059204101562,0.9670000672340393
-36.846052,149.930148,1,215.70059204101562,0.9670000672340393
-35.122097,149.348371,1,215.70059204101562,0.9670000672340393
-32.349594,148.051636,0,215.70059204101562,0.9670000672340393
-36.127609,146.590505,1,204.20008850097656,1.0200001001358032
-34.968035,149.363045,0,215.70059204101562,0.9670000672340393
-37.951414,146.949031,0,186.69927978515625,1.0110000371932983
-36.598576,141.56068,0,233.60015869140625,0.9440000653266907
-37.390377,149.629953,0,215.70059204101562,0.9670000672340393
-33.8011,150.932,1,215.70059204101562,0.9670000672340393
-33.9022,150.905,1,215.70059204101562,0.9670000672340393
-33.483068,145.84205,0,213.298583984375,0.9520000219345093
-36.330501,144.015156,0,228.59878540039062,1.0090000629425049
-35.2317,149.721,1,215.70059204101562,0.9670000672340393
-37.126678,142.515537,1,224.5016632080078,0.9850000739097595
-36.815995,141.009376,1,237.69728088378906,0.968000054359436
-37.343866,144.178125,1,223.99752807617188,0.9960000514984131
-33.691047,150.667468,1,215.70059204101562,0.9670000672340393
-32.861764,147.913422,0,215.70059204101562,0.9670000672340393
-35.260001,150.496674,1,215.70059204101562,0.9670000672340393
-36.7018,149.972,1,215.70059204101562,0.9670000672340393
-34.212241,148.500521,0,215.70059204101562,0.9670000672340393
-37.454204,149.04941,0,215.70059204101562,0.9670000672340393
-35.43852,143.658404,1,231.9036865234375,0.9890000224113464
-34.477807,145.717197,0,215.8032684326172,0.9510000348091125
-36.905746,147.990218,0,215.70059204101562,0.9670000672340393
-32.165668,148.823532,0,215.70059204101562,0.9670000672340393
-34.4464,150.843,1,215.70059204101562,0.9670000672340393
-36.9006,144.327,1,225.70199584960938,0.9850000739097595
-37.694,144.011,1,223.5013885498047,0.9720000624656677
-37.0824,144.335,1,224.79774475097656,0.9830000400543213
-33.168778,148.027261,0,215.70059204101562,0.9670000672340393
-37.203059,143.999116,1,225.70199584960938,0.9860000610351562
-37.328646,149.042822,0,215.70059204101562,0.9670000672340393
-34.4421,150.839,1,215.70059204101562,0.9670000672340393
-36.226856,144.949038,0,218.2039337158203,1.002000093460083
-37.597706,144.233173,1,223.597412109375,0.9720000624656677
-34.630446,145.942761,0,212.60238647460938,0.9580000638961792
-32.381255,149.883613,0,215.70059204101562,0.9670000672340393
-35.835052,149.981773,1,215.70059204101562,0.9670000672340393
-36.201151,142.674476,0,231.5035858154297,1.003000020980835
-33.295165,147.754781,0,215.70059204101562,0.9670000672340393
-33.321354,149.407318,1,215.70059204101562,0.9670000672340393
-36.724483,146.363668,0,202.1995391845703,0.9410000443458557
-33.134504,149.82579,0,215.70059204101562,0.9670000672340393
-36.123692,147.099467,1,195.70175170898438,1.1220000982284546
-34.697727,150.851537,1,215.70059204101562,0.9670000672340393
-34.946596,146.104904,0,211.69815063476562,0.9580000638961792
-33.699614,150.384699,1,215.70059204101562,0.9670000672340393
-38.173523,146.246694,1,192.20350646972656,0.7450000643730164
-36.4136,148.607,1,215.70059204101562,0.9670000672340393
-37.149995,148.522053,0,215.70059204101562,0.9670000672340393
-33.345228,149.042609,1,215.70059204101562,0.9670000672340393
-37.535492,144.200232,1,223.79747009277344,0.9830000400543213
-36.787097,145.145814,1,214.60293579101562,0.9830000400543213
-36.049346,148.184564,0,215.70059204101562,0.9670000672340393
-35.648292,144.950249,0,218.59603881835938,1.0010000467300415
-35.777961,148.001044,1,215.70059204101562,0.9670000672340393
-33.384799,148.984585,0,215.70059204101562,0.9670000672340393
-35.666355,145.585137,0,216.20338439941406,0.9600000381469727
-37.729611,144.052603,1,222.99725341796875,0.9700000286102295
-38.002143,143.343448,0,217.40371704101562,0.9550000429153442
-35.835065,148.29696,0,215.70059204101562,0.9670000672340393
-38.004029,145.419884,1,207.69705200195312,0.9660000205039978
-37.345345,144.009119,0,225.3979034423828,0.9930000305175781
-37.966,146.943,1,186.69927978515625,1.0110000371932983
-34.251179,144.723774,0,217.603759765625,0.9470000267028809
-34.278118,146.080395,1,212.00222778320312,0.9080000519752502
-33.799124,148.758258,1,215.70059204101562,0.9670000672340393
-36.844593,145.502768,1,209.69760131835938,0.9910000562667847
-36.904494,147.598589,0,185.20286560058594,1.1290000677108765
-37.6,144.5,1,221.99697875976562,0.9640000462532043
-33.240045,149.477014,0,215.70059204101562,0.9670000672340393
-32.638362,147.892072,0,215.70059204101562,0.9670000672340393
-36.092497,148.814115,0,215.70059204101562,0.9670000672340393
-35.145369,150.591448,1,215.70059204101562,0.9670000672340393
-37.677387,141.835085,1,226.99835205078125,0.9300000667572021
-36.101717,144.819631,1,220.19647216796875,0.999000072479248
-35.534,144.965,1,218.7960968017578,0.9900000691413879
-37.835315,142.171908,0,225.19784545898438,0.9310000538825989
-35.320762,144.844528,0,219.900390625,0.984000027179718
-34.359963,143.764288,0,227.99862670898438,0.956000030040741
-34.297327,148.299552,1,215.70059204101562,0.9670000672340393
-32.234982,148.652903,1,215.70059204101562,0.9670000672340393
-33.706544,150.37851,1,215.70059204101562,0.9670000672340393
-37.781318,145.348912,1,207.40097045898438,0.9010000228881836
-37.734424,147.671936,1,181.4978485107422,1.1570000648498535
-38.017406,145.959238,1,194.39739990234375,0.800000011920929
-33.625124,145.157617,0,217.2036590576172,0.940000057220459
-33.389481,149.534807,1,215.70059204101562,0.9670000672340393
-32.410787,148.34489,0,215.70059204101562,0.9670000672340393
-37.450958,144.600041,1,221.90093994140625,0.9820000529289246
-34.6732,150.809,1,215.70059204101562,0.9670000672340393
-31.768934,148.259562,0,215.70059204101562,0.9670000672340393
-35.209681,145.268027,0,216.69952392578125,0.9880000352859497
-38.303806,145.826635,1,189.20285034179688,0.6450000405311584
-33.9476,151.124,1,215.70059204101562,0.9670000672340393
-35.682712,150.233524,1,215.70059204101562,0.9670000672340393
-36.1765,146.942,1,197.1981658935547,1.0950000286102295
-36.719692,149.862517,1,215.70059204101562,0.9670000672340393
-37.9262,147.704,1,215.70059204101562,0.9670000672340393
-35.3192,150.464,1,215.70059204101562,0.9670000672340393
-37.962238,144.13498,1,221.90093994140625,0.956000030040741
-37.169011,147.830411,0,182.00198364257812,1.1770000457763672
-34.8899,150.615,1,215.70059204101562,0.9670000672340393
-35.477364,144.263953,0,224.30160522460938,0.9860000610351562
-34.090937,144.156333,0,221.99697875976562,0.9430000185966492
-35.80059,142.160822,0,233.896240234375,1.002000093460083
-38.209351,146.844554,1,188.80386352539062,1.0040000677108765
-35.990915,144.290809,0,225.59796142578125,1.0090000629425049
-35.832656,144.949431,1,218.7960968017578,1.003000020980835
-37.0193,146.066,1,201.99948120117188,0.9510000348091125
-37.065694,142.793149,1,224.59768676757812,0.9630000591278076
-37.555403,143.903925,1,223.70144653320312,0.9830000400543213
-36.493162,150.020376,1,215.70059204101562,0.9670000672340393
-34.504209,150.88264,1,215.70059204101562,0.9670000672340393
-34.210942,149.289364,0,215.70059204101562,0.9670000672340393
-36.239021,143.223871,0,230.7993927001953,1.0260000228881836
-36.420374,148.281683,0,215.70059204101562,0.9670000672340393
-35.2893,149.068,1,215.70059204101562,0.9670000672340393
-37.838795,143.553387,0,219.5963134765625,0.9590000510215759
-37.134859,148.760161,0,215.70059204101562,0.9670000672340393
-35.193759,146.401198,0,203.7999725341797,0.8500000238418579
-37.643411,145.295962,1,208.89736938476562,0.9040000438690186
-36.003161,143.875091,0,230.59933471679688,1.002000093460083
-32.61265,149.831118,0,215.70059204101562,0.9670000672340393
-36.26307,144.893296,0,219.70034790039062,0.9920000433921814
-33.88272,151.07649,1,215.70059204101562,0.9670000672340393
-38.498,145.647,1,201.60073852539062,0.8580000400543213
-37.607373,145.148733,1,212.29830932617188,0.9480000734329224
-37.4813,149.569,1,215.70059204101562,0.9670000672340393
-37.0432,148.943,1,215.70059204101562,0.9670000672340393
-37.609236,143.94014,1,223.79747009277344,0.9780000448226929
-38.182685,144.360126,1,219.70034790039062,0.9440000653266907
-35.02605,146.693787,0,198.5025177001953,0.9270000457763672
-36.600128,149.84252,1,215.70059204101562,0.9670000672340393
-32.725284,149.991332,1,215.70059204101562,0.9670000672340393
-37.799802,145.34112,0,208.60128784179688,0.9360000491142273
-35.149851,149.15957,1,215.70059204101562,0.9670000672340393
-38.376721,144.920281,0,212.29830932617188,0.9280000329017639
-37.276734,145.229778,1,212.00222778320312,0.9720000624656677
-33.5183,150.831,1,215.70059204101562,0.9670000672340393
-35.982635,143.946003,0,230.39927673339844,1.002000093460083
-37.281619,148.544385,0,215.70059204101562,0.9670000672340393
-35.30827,147.353992,0,193.10104370117188,1.1110000610351562
-37.765,145.344,1,207.40097045898438,0.9010000228881836
-33.497554,147.052064,0,191.19651794433594,1.0740000009536743
-36.551792,145.027904,1,217.00360107421875,0.9860000610351562
-36.934629,146.309342,0,201.10324096679688,0.9540000557899475
-36.6804,149.849,1,215.70059204101562,0.9670000672340393
-38.3512,147.195,1,191.19651794433594,1.1060000658035278
-36.831848,146.382316,0,197.5022430419922,0.8130000233650208
-34.247007,146.725816,0,201.5033416748047,0.9860000610351562
-35.346096,142.627532,0,237.0010986328125,0.9720000624656677
-36.282829,147.535337,0,189.70010375976562,1.1630001068115234
-35.543705,150.363679,1,215.70059204101562,0.9670000672340393
-37.469362,148.33575,0,215.70059204101562,0.9670000672340393
-33.666825,149.740933,0,215.70059204101562,0.9670000672340393
-37.965615,145.254075,1,210.89791870117188,0.971000075340271
-34.446133,150.452087,1,215.70059204101562,0.9670000672340393
-38.042534,147.387056,0,184.69873046875,1.0920000076293945
-36.312856,150.075307,1,215.70059204101562,0.9670000672340393
-36.055357,146.980762,1,196.7020263671875,1.1180000305175781
-37.723994,142.122116,0,224.90176391601562,0.9330000281333923
-31.663602,147.936172,0,215.70059204101562,0.9670000672340393
-33.349437,148.606886,0,215.70059204101562,0.9670000672340393
-33.686824,145.836846,0,214.0988006591797,0.9480000734329224
-37.297073,144.642432,1,222.30105590820312,0.9860000610351562
-34.528288,148.815922,0,215.70059204101562,0.9670000672340393
-37.696656,145.38936,0,205.49644470214844,0.8440000414848328
-37.806794,142.902798,0,220.3965301513672,0.9340000152587891
-32.7598,148.979,1,215.70059204101562,0.9670000672340393
-35.688306,149.080637,1,215.70059204101562,0.9670000672340393
-35.821423,144.078602,1,227.79856872558594,0.9970000386238098
-33.081998,146.921766,0,191.19651794433594,1.0500000715255737
-38.7444,146.1,1,197.5030517578125,0.8830000162124634
-37.313162,144.591947,1,222.701171875,0.9880000352859497
-34.721913,150.822204,1,215.70059204101562,0.9670000672340393
-38.3449,145.924,1,195.8010711669922,0.6910000443458557
-36.29688,140.612065,0,243.6989288330078,0.9460000395774841
-35.03405,145.921937,0,213.298583984375,0.9500000476837158
-38.0784,145.126,1,212.29830932617188,0.9580000638961792
-38.690196,146.309906,1,195.5994110107422,0.9590000510215759
-32.559444,148.957962,1,215.70059204101562,0.9670000672340393
-33.750712,150.648811,1,215.70059204101562,0.9670000672340393
-38.477799,142.969059,1,215.8032684326172,0.9430000185966492
-34.458733,150.44216,0,215.70059204101562,0.9670000672340393
-37.85576,143.140689,0,219.39625549316406,0.9510000348091125
-36.622931,147.51656,0,187.2034149169922,1.100000023841858
-34.644421,149.956994,0,215.70059204101562,0.9670000672340393
-38.071608,142.804848,1,219.30023193359375,0.9300000667572021
-34.076173,151.040147,1,215.70059204101562,0.9670000672340393
-35.158462,144.226687,0,223.39735412597656,0.9670000672340393
-33.730002,150.416686,1,215.70059204101562,0.9670000672340393
-37.789536,145.007554,1,214.40289306640625,0.9510000348091125
-36.305908,146.847741,1,197.90235900878906,1.027000069618225
-35.513719,143.58656,0,232.79994201660156,0.9910000562667847
-33.70233,150.927663,1,215.70059204101562,0.9670000672340393
-34.897267,145.630453,0,215.69924926757812,0.971000075340271
-33.930329,151.095249,1,215.70059204101562,0.9670000672340393
-35.217583,147.223691,1,194.70147705078125,1.061000108718872
-33.4556,149.004,1,215.70059204101562,0.9670000672340393
-36.037984,146.987894,1,196.7020263671875,1.1180000305175781
-36.144735,140.757085,0,242.09849548339844,0.9300000667572021
-32.522438,149.432588,0,215.70059204101562,0.9670000672340393
-37.0,141.2,1,234.29635620117188,0.9570000171661377
-36.142329,143.445177,0,232.10374450683594,1.0250000953674316
-34.193946,149.737184,1,215.70059204101562,0.9670000672340393
-35.851658,143.677755,0,230.99945068359375,1.00600004196167
-37.05355,147.483888,0,182.8982391357422,1.069000005722046
-38.017756,143.45486,1,218.00387573242188,0.9360000491142273
-37.570845,144.221976,1,223.79747009277344,0.9830000400543213
-37.3669,145.542,1,207.69705200195312,0.9730000495910645
-34.703402,149.616304,1,215.70059204101562,0.9670000672340393
-37.576361,144.264396,0,223.9014892578125,0.9810000658035278
-37.350164,144.634269,1,221.99697875976562,0.984000027179718
-34.038919,150.676457,1,215.70059204101562,0.9670000672340393
-34.393288,150.866868,1,215.70059204101562,0.9670000672340393
-36.841941,148.97391,0,215.70059204101562,0.9670000672340393
-36.316416,147.716407,0,215.70059204101562,0.9670000672340393
-37.467124,143.633487,0,223.19729614257812,0.9800000190734863
-36.230406,149.66364,0,215.70059204101562,0.9670000672340393
-37.392279,145.15813,0,212.4983673095703,0.9660000205039978
-35.888912,149.247532,0,215.70059204101562,0.9670000672340393
-34.7635,149.728,1,215.70059204101562,0.9670000672340393
-37.110483,146.549226,0,192.90098571777344,0.8160000443458557
-37.863612,144.993014,1,214.80299377441406,0.9610000252723694
-36.7595,146.093,1,202.9037322998047,0.9320000410079956
-37.452166,141.527351,0,230.50331115722656,0.921000063419342
-36.898334,146.581243,0,194.1973419189453,0.8690000176429749
-36.978686,149.564384,0,215.70059204101562,0.9670000672340393
-34.491418,149.992481,1,215.70059204101562,0.9670000672340393
-33.549792,149.033183,0,215.70059204101562,0.9670000672340393
-34.199187,145.717813,0,215.29913330078125,0.9300000667572021
-36.6645,146.698,1,193.99728393554688,0.9000000357627869
-33.686279,150.263662,1,215.70059204101562,0.9670000672340393
-36.8911,145.185,1,213.298583984375,0.9980000257492065
-36.056722,142.44899,0,231.99972534179688,1.0
-35.0004,149.723,1,215.70059204101562,0.9670000672340393
-32.640089,149.563303,0,215.70059204101562,0.9670000672340393
-37.876673,141.053461,0,234.2003173828125,0.9500000476837158
-35.2316,149.157,1,215.70059204101562,0.9670000672340393
-35.820995,146.439082,0,205.09632873535156,0.9530000686645508
-37.722746,145.467278,0,203.10379028320312,0.8220000267028809
-36.037811,146.977798,1,196.59799194335938,1.1019999980926514
-39.060582,146.354344,0,191.39688110351562,0.8820000290870667
-33.76522,150.972321,1,215.70059204101562,0.9670000672340393
-37.604042,145.297548,1,208.89736938476562,0.9050000309944153
-33.122656,147.241495,0,186.69927978515625,1.1150000095367432
-37.274963,144.226008,1,224.79774475097656,0.9920000433921814
-36.441189,148.442983,1,215.70059204101562,0.9670000672340393
-36.948021,140.635152,0,242.40257263183594,0.9740000367164612
-36.048685,142.551302,0,232.10374450683594,1.003000020980835
-37.342908,142.173189,0,225.90203857421875,0.9690000414848328
-34.760704,143.525745,0,232.79994201660156,0.9760000705718994
-37.2549,145.804,1,201.599365234375,0.8870000243186951
-35.851289,147.623929,0,215.70059204101562,0.9670000672340393
-33.6472,150.045,1,215.70059204101562,0.9670000672340393
-35.5927,144.099,1,226.90231323242188,0.9880000352859497
-33.7712,150.64,1,215.70059204101562,0.9670000672340393
-35.2805,148.976,1,215.70059204101562,0.9670000672340393
-34.500454,144.0936,1,222.39707946777344,0.9470000267028809
-34.407847,150.877959,1,215.70059204101562,0.9670000672340393
-38.082184,145.80654,1,198.9026336669922,0.8790000677108765
-31.559792,148.245636,0,215.70059204101562,0.9670000672340393
-34.886866,144.224673,0,222.197021484375,0.9620000720024109
-35.2197,149.619,1,215.70059204101562,0.9670000672340393
-37.3147,145.469,1,209.40151977539062,0.9700000286102295
-37.782567,143.929928,1,222.50111389160156,0.968000054359436
-36.307935,147.956512,0,215.70059204101562,0.9670000672340393
-38.737457,143.42173,1,214.79718017578125,0.9590000510215759
-34.302486,150.937167,1,215.70059204101562,0.9670000672340393
-37.9307,145.302,1,208.60128784179688,0.909000039100647
-38.6775,146.24,1,196.19631958007812,0.9490000605583191
-35.093877,146.455059,0,203.50389099121094,0.8740000128746033
-38.030349,143.559196,0,217.49974060058594,0.9450000524520874
-32.705858,147.791866,0,215.70059204101562,0.9670000672340393
-37.344822,144.186909,1,223.99752807617188,0.9960000514984131
-33.7077,150.301,1,215.70059204101562,0.9670000672340393
-37.4891,144.576,1,221.7969207763672,0.9810000658035278
-38.291149,144.231556,1,219.19619750976562,0.9280000329017639
-38.717896,143.508706,1,214.49871826171875,0.9490000605583191
-33.2504,148.936,1,215.70059204101562,0.9670000672340393
-36.520575,145.375654,0,213.40261840820312,0.9730000495910645
-38.400116,145.018456,1,212.60238647460938,0.9480000734329224
-34.103866,148.727794,0,215.70059204101562,0.9670000672340393
-35.209044,149.117198,1,215.70059204101562,0.9670000672340393
-36.776845,144.50511,1,224.3976287841797,0.9850000739097595
-37.82934,144.842908,0,217.2036590576172,0.9640000462532043
-33.742611,146.938754,0,195.3016357421875,1.0380001068115234
-35.076677,148.673322,1,181.4978485107422,1.1740000247955322
-35.377026,148.871736,0,215.70059204101562,0.9670000672340393
-36.907756,144.1752,0,226.39817810058594,0.9850000739097595
-36.396321,142.374121,0,230.59933471679688,0.9790000319480896
-36.561132,143.177022,0,228.70281982421875,0.999000072479248
-32.6161,149.584,1,215.70059204101562,0.9670000672340393
-37.792,145.762,1,200.50306701660156,0.9130000472068787
-35.741634,142.883112,0,234.89651489257812,1.0180000066757202
-33.8092,150.655,1,215.70059204101562,0.9670000672340393
-35.256429,146.390433,0,205.2003631591797,0.8600000143051147
-36.902284,143.432069,0,226.1981201171875,0.9960000514984131
-34.530308,148.162201,1,215.70059204101562,0.9670000672340393
-33.123599,145.748296,0,213.60336303710938,0.9700000286102295
-36.193174,147.246949,0,192.59689331054688,1.1430000066757202
-37.1338,143.965,1,225.90203857421875,0.9810000658035278
-35.696122,150.056785,0,215.70059204101562,0.9670000672340393
-33.3965,150.225,1,215.70059204101562,0.9670000672340393
-38.2911,146.361,1,192.3970947265625,0.862000048160553
-32.820621,150.058948,0,215.70059204101562,0.9670000672340393
-37.9693,144.596,1,220.3965301513672,0.9630000591278076
-34.298705,147.759093,0,184.2025909423828,1.097000002861023
-35.2132,149.62,1,215.70059204101562,0.9670000672340393
-35.349404,149.026719,1,215.70059204101562,0.9670000672340393
-38.009,145.134,1,212.4983673095703,0.968000054359436
-34.179944,145.367905,0,217.49974060058594,0.9470000267028809
-35.261567,149.284853,1,215.70059204101562,0.9670000672340393
-38.1859,144.45,1,219.19619750976562,0.940000057220459
-35.278379,147.371755,0,192.7969512939453,1.1069999933242798
-37.3195,144.987,1,215.4991912841797,0.9800000190734863
-33.187986,148.511961,1,215.70059204101562,0.9670000672340393
-32.03251,147.35909,0,215.70059204101562,0.9670000672340393
-37.170489,149.396874,0,215.70059204101562,0.9670000672340393
-35.033602,150.66768,1,215.70059204101562,0.9670000672340393
-36.7527,149.943,1,215.70059204101562,0.9670000672340393
-36.499945,149.307772,1,215.70059204101562,0.9670000672340393
-34.295412,149.17479,0,215.70059204101562,0.9670000672340393
-33.295461,148.965589,1,215.70059204101562,0.9670000672340393
-36.058441,146.976855,1,196.59799194335938,1.1019999980926514
-35.148655,145.99189,0,212.4983673095703,0.9260000586509705
-34.63006,150.040703,0,215.70059204101562,0.9670000672340393
-37.795312,145.972337,0,195.3016357421875,0.8300000429153442
-33.115889,150.188448,0,215.70059204101562,0.9670000672340393
-37.951648,143.218355,1,218.2039337158203,0.9380000233650208
-37.901416,143.519115,1,219.30023193359375,0.9490000605583191
-38.4065,144.842,1,212.29830932617188,0.9330000281333923
-37.1945,142.544,1,224.3976287841797,0.9850000739097595
-33.174356,147.339786,0,186.09912109375,1.1380000114440918
-34.9116,149.096,1,215.70059204101562,0.9670000672340393
-35.18628,147.586086,0,215.70059204101562,0.9670000672340393
-32.948833,146.630562,0,197.70230102539062,1.0120000839233398
-33.661633,150.648763,0,215.70059204101562,0.9670000672340393
-36.045677,150.099443,1,215.70059204101562,0.9670000672340393
-36.195753,146.613489,1,203.39987182617188,1.0329999923706055
-32.738388,147.867537,0,215.70059204101562,0.9670000672340393
-37.8,148.2,1,215.70059204101562,0.9670000672340393
-34.5077,149.369,1,215.70059204101562,0.9670000672340393
-32.27668,148.534874,1,215.70059204101562,0.9670000672340393
-38.6673,145.617,1,199.89874267578125,0.7920000553131104
-37.402188,140.759593,0,238.49749755859375,0.9330000281333923
-35.090057,147.35629,1,192.7969512939453,1.0860000848770142
-34.9257,149.957,1,215.70059204101562,0.9670000672340393
-36.134672,146.226992,0,207.60101318359375,0.9010000228881836
-38.557805,145.495835,1,200.50372314453125,0.7770000100135803
-37.086073,144.257558,1,225.3979034423828,0.9810000658035278
-33.3395,149.09,1,215.70059204101562,0.9670000672340393
-37.85299,145.590033,1,204.4961700439453,0.9300000667572021
-37.589282,144.70252,1,219.70034790039062,0.9730000495910645
-34.550733,150.869426,0,215.70059204101562,0.9670000672340393
-36.7218,147.147,1,191.7966766357422,1.1030000448226929
-37.6479,142.303,1,224.10154724121094,0.9270000457763672
-33.906711,150.722595,0,215.70059204101562,0.9670000672340393
-37.2448,143.785,1,224.90176391601562,0.9880000352859497
-34.680223,147.589739,0,188.6998291015625,1.0430001020431519
-35.94523,145.67139,0,215.0030517578125,0.9650000333786011
-32.910067,149.998863,0,215.70059204101562,0.9670000672340393
-33.664335,147.104283,0,192.19679260253906,1.0780000686645508
-35.457395,149.117766,1,215.70059204101562,0.9670000672340393
-38.1116,145.292,1,208.60128784179688,0.909000039100647
-37.891543,143.363366,1,219.30023193359375,0.9590000510215759
-35.699732,142.795629,1,235.40065002441406,1.0120000839233398
-38.596851,143.103492,0,215.99905395507812,0.9490000605583191
-32.494188,148.757554,0,215.70059204101562,0.9670000672340393
-38.437811,142.930246,0,216.69952392578125,0.9440000653266907
-33.755271,146.499236,0,203.60116577148438,0.9750000238418579
-37.33283,146.643746,0,186.29916381835938,0.7440000176429749
-37.648005,145.378963,1,206.60073852539062,0.8750000596046448
-36.4155,146.476,1,204.60018920898438,0.9670000672340393
-35.939505,150.140876,0,215.70059204101562,0.9670000672340393
-35.167984,148.001155,0,215.70059204101562,0.9670000672340393
-33.982278,150.064678,0,215.70059204101562,0.9670000672340393
-37.2844,142.988,1,223.1012725830078,0.9900000691413879
-35.389302,149.343797,1,215.70059204101562,0.9670000672340393
-35.1,144.0,1,226.1020965576172,0.9660000205039978
-36.4714,146.018,1,205.49644470214844,0.921000063419342
-35.002915,145.777791,1,214.0988006591797,0.9640000462532043
-33.605784,150.74722,1,215.70059204101562,0.9670000672340393
-34.643843,150.773838,1,215.70059204101562,0.9670000672340393
-34.374815,145.724315,0,215.40316772460938,0.9440000653266907
-35.2543,149.131,1,215.70059204101562,0.9670000672340393
-35.977468,144.669552,0,222.1009979248047,1.003000020980835
-37.722581,145.740612,1,195.10159301757812,0.7010000348091125
-37.669299,149.32886,0,215.70059204101562,0.9670000672340393
-33.74939,150.863423,1,215.70059204101562,0.9670000672340393
-37.344217,144.155758,1,223.99752807617188,0.9960000514984131
-34.874427,146.963546,0,196.59799194335938,1.00600004196167
-34.376438,150.885409,1,215.70059204101562,0.9670000672340393
-32.571696,147.924842,0,215.70059204101562,0.9670000672340393
-36.879473,143.868976,0,227.39845275878906,0.9860000610351562
-33.454529,149.333182,1,215.70059204101562,0.9670000672340393
-35.925904,143.46085,0,231.99972534179688,1.0170000791549683
-37.2474,149.353,1,215.70059204101562,0.9670000672340393
-36.410049,144.599351,0,222.701171875,0.999000072479248
-37.7313,145.533,1,205.2003631591797,0.9350000619888306
-35.433909,150.326206,1,215.70059204101562,0.9670000672340393
-37.9002,144.613,1,220.30050659179688,0.9620000720024109
-38.266761,147.297413,0,189.90016174316406,1.1120001077651978
-33.9372,150.894,1,215.70059204101562,0.9670000672340393
-33.685695,145.433697,0,215.69924926757812,0.9500000476837158
-38.458228,143.082482,1,216.29751586914062,0.9440000653266907
-37.1131,146.276,1,200.30300903320312,0.9670000672340393
-36.407593,148.309281,1,215.70059204101562,0.9670000672340393
-36.759,147.2,1,190.30026245117188,1.0850000381469727
-35.591416,149.224631,0,215.70059204101562,0.9670000672340393
-35.7439,146.034,1,213.09852600097656,0.9250000715255737
-35.150658,148.991541,0,215.70059204101562,0.9670000672340393
-37.124556,146.941492,0,187.8035888671875,0.9770000576972961
-38.232923,141.666265,0,228.10264587402344,0.9070000648498535
-33.635757,149.700937,0,215.70059204101562,0.9670000672340393
-37.892377,145.007611,0,214.60293579101562,0.9480000734329224
-36.3179,145.044,1,217.80381774902344,0.9910000562667847
-34.286238,148.844734,0,215.70059204101562,0.9670000672340393
-34.412676,143.636248,0,230.19921875,0.9750000238418579
-37.8958,144.461,1,221.90093994140625,0.9550000429153442
-35.337044,144.205748,0,224.30160522460938,0.9780000448226929
-31.765768,149.529818,0,215.70059204101562,0.9670000672340393
-35.916757,150.142158,1,215.70059204101562,0.9670000672340393
-34.0562,149.527,1,215.70059204101562,0.9670000672340393
-38.222229,146.166697,1,194.00228881835938,0.7410000562667847
-33.947412,149.748716,0,215.70059204101562,0.9670000672340393
-37.027307,142.797984,0,225.3979034423828,0.9720000624656677
-38.5027,142.982,1,216.10391235351562,0.9430000185966492
-36.451783,144.03175,0,227.79856872558594,1.0049999952316284
-34.9424,148.177,1,215.70059204101562,0.9670000672340393
-36.652845,148.488283,0,215.70059204101562,0.9670000672340393
-36.330818,147.097401,0,194.101318359375,1.1090000867843628
-36.0193,145.995,1,213.2025604248047,0.9600000381469727
-34.6861,149.739,1,215.70059204101562,0.9670000672340393
-37.721223,145.1529,1,211.001953125,0.9270000457763672
-34.7876,150.763,1,215.70059204101562,0.9670000672340393
-33.169752,147.131991,0,188.49977111816406,1.0870000123977661
-38.733807,145.986535,1,197.3013916015625,0.8270000219345093
-33.635597,145.936434,0,213.298583984375,0.9480000734329224
-33.3267,149.084,1,215.70059204101562,0.9670000672340393
-34.606662,150.225422,1,215.70059204101562,0.9670000672340393
-33.550732,146.965071,0,193.10104370117188,1.058000087738037
-37.8549,144.173,1,222.50111389160156,0.9570000171661377
-37.960846,145.014561,1,214.29885864257812,0.9780000448226929
-38.2,146.5,1,191.59661865234375,0.9190000295639038
-33.099692,148.915715,0,215.70059204101562,0.9670000672340393
-34.918202,143.415602,0,235.40065002441406,0.9720000624656677
-37.404459,147.835158,1,181.80194091796875,1.1570000648498535
-35.376877,149.08588,0,215.70059204101562,0.9670000672340393
-38.322489,146.56583,0,191.70065307617188,0.9830000400543213
-34.084572,151.15588,1,215.70059204101562,0.9670000672340393
-37.538,143.784,1,223.99752807617188,0.9800000190734863
-36.896522,148.592102,0,215.70059204101562,0.9670000672340393
-37.500548,141.558972,1,230.90341186523438,0.921000063419342
-32.7,150.2,1,215.70059204101562,0.9670000672340393
-36.962289,144.552764,0,224.5016632080078,0.9790000319480896
-33.2422,150.206,1,215.70059204101562,0.9670000672340393
-38.186922,141.969202,0,226.1020965576172,0.9160000681877136
-36.624876,144.557602,0,222.90121459960938,0.987000048160553
-35.0451,150.590586,1,215.70059204101562,0.9670000672340393
-37.276762,140.657233,0,239.80186462402344,0.9440000653266907
-38.478194,146.294622,0,192.00184631347656,0.7690000534057617
-38.251912,143.996742,1,218.29995727539062,0.940000057220459
-37.982814,146.941248,0,186.69927978515625,1.0110000371932983
-35.3149,150.436,1,215.70059204101562,0.9670000672340393
-32.624043,146.725313,0,194.70147705078125,1.0380001068115234
-37.554437,149.731726,1,215.70059204101562,0.9670000672340393
-34.313616,149.729663,0,215.70059204101562,0.9670000672340393
-37.105983,146.548879,1,192.90098571777344,0.8160000443458557
-33.423815,149.484594,0,215.70059204101562,0.9670000672340393
-37.058372,140.923776,0,238.29745483398438,0.9610000252723694
-37.9507,145.504,1,203.3038330078125,0.8760000467300415
-34.690643,150.852697,1,215.70059204101562,0.9670000672340393
-33.425129,149.125716,0,215.70059204101562,0.9670000672340393
-38.366542,144.227116,1,219.99642944335938,0.9490000605583191
-33.390676,149.080419,0,215.70059204101562,0.9670000672340393
-33.475654,150.052414,0,215.70059204101562,0.9670000672340393
-37.748952,142.009481,1,226.39817810058594,0.9380000233650208
-36.722722,142.209334,1,230.703369140625,0.9720000624656677
-32.559444,148.958322,1,215.70059204101562,0.9670000672340393
-36.243576,149.43531,0,215.70059204101562,0.9670000672340393
-35.8573,144.098,1,227.99862670898438,1.0040000677108765
-34.1479,150.827,1,215.70059204101562,0.9670000672340393
-34.553859,144.184521,1,221.30078125,0.9500000476837158
-35.344448,149.858799,1,215.70059204101562,0.9670000672340393
-37.9853,145.703,1,199.70285034179688,0.8440000414848328
-38.6183,142.915,1,215.70059204101562,0.9520000219345093
-37.3916,144.27,1,223.70144653320312,0.9900000691413879
-37.5853,145.25,1,210.40179443359375,0.9410000443458557
-31.679256,148.165777,0,215.70059204101562,0.9670000672340393
-34.374623,144.813941,0,217.603759765625,0.9460000395774841
-33.756523,150.623336,1,215.70059204101562,0.9670000672340393
-34.6192,148.409,1,215.70059204101562,0.9670000672340393
-37.0097,149.621,1,215.70059204101562,0.9670000672340393
-34.230904,150.971303,0,215.70059204101562,0.9670000672340393
-36.93037,142.242055,0,229.19894409179688,0.9640000462532043
-34.479336,143.822259,1,227.70254516601562,0.9550000429153442
-31.645728,149.518535,0,215.70059204101562,0.9670000672340393
-36.666826,142.253736,0,230.59933471679688,0.9720000624656677
-37.2885,144.52,1,223.5013885498047,0.9960000514984131
-33.133749,147.924889,0,215.70059204101562,0.9670000672340393
-36.359913,146.704055,1,201.10324096679688,1.0630000829696655
-36.770438,141.551808,0,233.20004272460938,0.9510000348091125
-37.145365,140.71011,0,239.6978302001953,0.9570000171661377
-38.194063,145.591725,1,201.90345764160156,0.8740000128746033
-35.010524,146.319811,1,207.40097045898438,0.909000039100647
-37.276696,145.229556,1,212.00222778320312,0.9720000624656677
-36.1975,149.132,1,215.70059204101562,0.9670000672340393
-33.5313,150.769,1,215.70059204101562,0.9670000672340393
-36.560232,150.042759,0,215.70059204101562,0.9670000672340393
-35.775648,149.698219,0,215.70059204101562,0.9670000672340393
-34.134755,150.994386,1,215.70059204101562,0.9670000672340393
-34.705764,150.69504,0,215.70059204101562,0.9670000672340393
-33.997898,144.90819,0,218.29995727539062,0.9450000524520874
-37.5476,143.348,1,222.1009979248047,0.9910000562667847
-34.1327,149.583,1,215.70059204101562,0.9670000672340393
-37.656678,145.424931,1,205.80052185058594,0.8640000224113464
-37.097619,148.519253,0,215.70059204101562,0.9670000672340393
-37.774932,145.267263,1,209.00140380859375,0.9020000696182251
-35.16631,148.080454,0,215.70059204101562,0.9670000672340393
-38.374484,142.454666,0,221.59686279296875,0.940000057220459
-34.1993,150.871,1,215.70059204101562,0.9670000672340393
-35.867039,142.508081,0,233.0,1.0160000324249268
-35.989303,145.926289,0,213.40261840820312,0.9650000333786011
-37.533934,144.175903,1,224.19757080078125,0.984000027179718
-33.6355,150.753,1,215.70059204101562,0.9670000672340393
-37.34702,144.366663,1,223.597412109375,0.9970000386238098
-37.34275,144.142716,1,224.5016632080078,0.9950000643730164
-37.612552,145.209976,1,211.40206909179688,0.9480000734329224
-33.349815,149.971407,1,215.70059204101562,0.9670000672340393
-37.893555,143.362185,1,219.30023193359375,0.9590000510215759
-33.557031,150.01591,0,215.70059204101562,0.9670000672340393
-35.908563,143.59543,0,231.79966735839844,1.0130000114440918
-35.6037,144.13,1,226.39817810058594,0.987000048160553
-37.891563,143.363344,1,219.30023193359375,0.9590000510215759
-37.230937,145.442455,1,209.2014617919922,0.971000075340271
-34.7392,150.47,1,215.70059204101562,0.9670000672340393
-32.143292,148.261949,1,215.70059204101562,0.9670000672340393
-35.476847,145.347198,0,218.0998992919922,0.9820000529289246
-38.02655,144.397635,1,221.10072326660156,0.9470000267028809
-35.963795,145.979982,0,213.49864196777344,0.9620000720024109
-37.130015,142.521023,1,224.5016632080078,0.9850000739097595
-34.821186,144.727088,0,218.59603881835938,0.9700000286102295
-32.979963,146.924704,0,190.9964599609375,1.0500000715255737
-37.608534,144.033826,0,222.99725341796875,0.971000075340271
-34.5,146.5,1,204.69622802734375,0.9430000185966492
-36.044602,145.952897,0,212.8024444580078,0.9670000672340393
-37.7961,145.111,1,213.00250244140625,0.9850000739097595
-34.762785,150.088428,1,215.70059204101562,0.9670000672340393
-36.1179,143.731,1,230.99945068359375,1.0110000371932983
-36.959139,145.01936,0,216.29940795898438,0.9920000433921814
-35.089118,148.494703,0,215.70059204101562,0.9670000672340393
-36.9324,144.824,1,219.900390625,0.9730000495910645
-34.030109,150.809093,1,215.70059204101562,0.9670000672340393
-36.3769,148.578,1,215.70059204101562,0.9670000672340393
-36.3461,148.51,1,215.70059204101562,0.9670000672340393
-37.87302,141.721418,0,228.30270385742188,0.909000039100647
-34.585507,149.811629,0,215.70059204101562,0.9670000672340393
-33.756247,150.623291,1,215.70059204101562,0.9670000672340393
-36.598505,148.082575,0,215.70059204101562,0.9670000672340393
-37.007957,148.54673,1,215.70059204101562,0.9670000672340393
-35.721187,144.893356,1,219.39625549316406,1.0010000467300415
-37.722125,145.132969,1,211.898193359375,0.9420000314712524
-36.039749,146.983677,1,196.7020263671875,1.1180000305175781
-36.700348,146.422782,1,202.5036163330078,0.9550000429153442
-34.976376,149.353773,0,215.70059204101562,0.9670000672340393
-34.7348,150.79,1,215.70059204101562,0.9670000672340393
-33.524753,148.321989,0,215.70059204101562,0.9670000672340393
-34.04498,150.117022,0,215.70059204101562,0.9670000672340393
-37.937207,141.571468,0,229.3990020751953,0.9040000438690186
-37.361084,141.7857,0,228.70281982421875,0.9310000538825989
-37.414487,142.508953,0,223.30133056640625,0.9790000319480896
-34.238926,150.918272,1,215.70059204101562,0.9670000672340393
-36.074697,146.579501,0,204.400146484375,1.0160000324249268
-33.250883,149.184203,1,215.70059204101562,0.9670000672340393
-38.353047,143.79105,0,216.10391235351562,0.9250000715255737
-37.090072,147.748637,0,181.40182495117188,1.152000069618225
-37.702034,145.213214,1,210.60183715820312,0.9310000538825989
-37.1384,146.051,1,200.99920654296875,0.9230000376701355
-35.9928,145.851,1,214.00277709960938,0.9640000462532043
-36.4994,146.394,1,204.4961700439453,0.9440000653266907
-37.27359,145.64671,0,206.0966033935547,0.9480000734329224
-33.690763,146.104551,0,211.69972229003906,0.9480000734329224
-32.817209,147.457391,0,215.70059204101562,0.9670000672340393
-37.9317,145.018,1,214.60293579101562,0.9650000333786011
-37.368791,149.198069,1,215.70059204101562,0.9670000672340393
-31.040233,149.064787,0,215.70059204101562,0.9670000672340393
-38.2894,144.612,1,216.60348510742188,0.9410000443458557
-35.556033,141.787255,0,235.6007080078125,0.9590000510215759
-32.940607,150.266981,0,215.70059204101562,0.9670000672340393
-36.897615,149.073007,0,215.70059204101562,0.9670000672340393
-34.320325,150.569798,1,215.70059204101562,0.9670000672340393
-36.078541,145.46975,1,215.29913330078125,0.984000027179718
-36.728744,148.536898,0,215.70059204101562,0.9670000672340393
-36.1401,146.91,1,197.39822387695312,1.0840001106262207
-37.386617,144.319431,1,223.597412109375,0.9960000514984131
-32.247692,149.525887,0,215.70059204101562,0.9670000672340393
-37.0703,144.226,1,225.19784545898438,0.9770000576972961
-31.748219,149.252804,0,215.70059204101562,0.9670000672340393
-37.6101,145.327,1,208.89736938476562,0.9270000457763672
-36.1408,146.956,1,196.7980499267578,1.0940001010894775
-36.973194,144.179019,1,225.99807739257812,0.9770000576972961
-35.174633,149.359551,1,215.70059204101562,0.9670000672340393
-36.955997,142.881221,0,224.79774475097656,0.9750000238418579
-36.19,146.724,1,202.103515625,1.0440000295639038
-37.6803,140.972,1,236.0968475341797,0.9420000314712524
-34.068211,150.824711,1,215.70059204101562,0.9670000672340393
-34.750431,150.821261,1,215.70059204101562,0.9670000672340393
-36.7407,144.103,1,226.7982940673828,1.0110000371932983
-37.2966,144.424,1,223.30133056640625,0.9980000257492065
-34.501323,150.812367,1,215.70059204101562,0.9670000672340393
-37.603832,142.845942,0,221.10072326660156,0.9620000720024109
-36.9578,145.729,1,206.60073852539062,0.9730000495910645
-38.3618,145.208,1,210.00167846679688,0.9520000219345093
-32.793347,149.971387,1,215.70059204101562,0.9670000672340393
-35.522804,143.819852,0,230.90341186523438,0.987000048160553
-36.9647,141.836,1,231.39955139160156,0.9590000510215759
-37.7474,148.383,1,215.70059204101562,0.9670000672340393
-36.444346,145.988615,1,205.89654541015625,0.9240000247955322
-34.506874,145.413628,1,217.00360107421875,0.9320000410079956
-36.8627,149.922,1,215.70059204101562,0.9670000672340393
-33.524716,149.424265,0,215.70059204101562,0.9670000672340393
-37.272353,143.513277,1,223.597412109375,0.9830000400543213
-36.227277,145.562674,1,214.60293579101562,0.9780000448226929
-35.913,150.155,1,215.70059204101562,0.9670000672340393
-38.408952,143.555579,1,215.4989471435547,0.9230000376701355
-36.6962,147.143,1,191.9007110595703,1.1050000190734863
-37.3939,144.262,1,223.70144653320312,0.9900000691413879
-33.437,150.222,1,215.70059204101562,0.9670000672340393
-34.41088,149.2423,0,215.70059204101562,0.9670000672340393
-36.270055,144.726641,0,221.50083923339844,1.0010000467300415
-33.3407,149.159,1,215.70059204101562,0.9670000672340393
-36.344371,149.538062,0,215.70059204101562,0.9670000672340393
-36.6669,149.843,1,215.70059204101562,0.9670000672340393
-34.493785,150.766342,1,215.70059204101562,0.9670000672340393
-36.241933,149.02141,1,215.70059204101562,0.9670000672340393
-34.085144,150.569678,1,215.70059204101562,0.9670000672340393
-32.313218,149.678433,0,215.70059204101562,0.9670000672340393
-37.634545,141.123405,0,235.09657287597656,0.9360000491142273
-37.222432,141.761028,0,230.30325317382812,0.9220000505447388
-36.709729,142.22057,1,230.703369140625,0.9720000624656677
-35.581049,149.245802,0,215.70059204101562,0.9670000672340393
-38.306627,143.761895,1,215.8992919921875,0.9250000715255737
-37.3917,145.27,1,210.49781799316406,0.9580000638961792
-33.525077,148.180977,0,215.70059204101562,0.9670000672340393
-38.196279,145.230808,1,210.6978759765625,0.9450000524520874
-35.126603,145.17535,0,217.00360107421875,0.9780000448226929
-36.452566,143.751243,1,228.70281982421875,1.0040000677108765
-33.704704,150.314687,1,215.70059204101562,0.9670000672340393
-37.637681,143.870979,1,222.99725341796875,0.9810000658035278
-35.972753,147.034903,1,215.70059204101562,0.9670000672340393
-31.412913,148.693508,0,215.70059204101562,0.9670000672340393
-35.1989,150.556,1,215.70059204101562,0.9670000672340393
-34.838804,144.881447,0,217.89984130859375,0.9730000495910645
-37.6841,145.865,1,199.302734375,0.8810000419616699
-37.8182,148.026,1,215.70059204101562,0.9670000672340393
-34.561113,150.823801,1,215.70059204101562,0.9670000672340393
-34.558375,143.633314,0,230.7993927001953,0.9770000576972961
-37.7315,144.974,1,215.20310974121094,0.9600000381469727
-37.496075,140.820942,0,238.201416015625,0.9410000443458557
-34.059303,150.800897,1,215.70059204101562,0.9670000672340393
-32.284879,148.217632,0,215.70059204101562,0.9670000672340393
-35.858238,144.181063,1,227.30242919921875,1.0090000629425049
-37.034074,141.138307,0,235.40065002441406,0.9650000333786011
-37.7486,142.062,1,225.90203857421875,0.940000057220459
-37.6676,140.68,1,239.49777221679688,0.9610000252723694
-34.619542,150.655424,1,215.70059204101562,0.9670000672340393
-32.926822,149.763816,0,215.70059204101562,0.9670000672340393
-32.258816,148.585083,1,215.70059204101562,0.9670000672340393
-34.401337,150.487694,1,215.70059204101562,0.9670000672340393
-37.0674,143.001,1,223.70144653320312,0.9880000352859497
-35.920269,141.465721,0,235.6967315673828,0.9690000414848328
-37.293603,140.758604,0,238.89761352539062,0.940000057220459
-37.905858,143.525734,1,219.30023193359375,0.9570000171661377
-36.563311,145.332026,1,212.89846801757812,0.9720000624656677
-33.970385,150.505124,0,215.70059204101562,0.9670000672340393
-35.0526,149.376,1,215.70059204101562,0.9670000672340393
-37.328242,146.750221,1,188.49977111816406,0.8810000419616699
-38.533477,143.976598,1,214.80299377441406,0.9300000667572021
-37.513705,142.678624,0,222.39707946777344,0.9750000238418579
-36.238623,147.393885,0,191.9007110595703,1.1540000438690186
-37.386749,144.319661,1,223.597412109375,0.9960000514984131
-34.398584,149.580927,0,215.70059204101562,0.9670000672340393
-34.407946,143.887528,0,225.99807739257812,0.9530000686645508
-33.5282,150.2,1,215.70059204101562,0.9670000672340393
-34.936319,146.70975,0,198.30245971679688,0.9300000667572021
-36.151982,146.70088,0,201.99948120117188,1.0490000247955322
-38.180962,144.307217,1,220.19647216796875,0.9390000700950623
-37.854702,144.162997,1,222.50111389160156,0.9570000171661377
-36.42536,141.363501,0,235.296630859375,0.971000075340271
-34.708936,147.695604,0,186.29916381835938,1.0870000123977661
-36.339,145.206,1,215.40316772460938,0.9890000224113464
-34.578317,150.345758,1,215.70059204101562,0.9670000672340393
-37.228877,145.325417,0,211.0979766845703,0.9720000624656677
-32.210404,149.119504,0,215.70059204101562,0.9670000672340393
-34.73761,149.830102,1,215.70059204101562,0.9670000672340393
-37.106049,146.007853,1,201.79942321777344,0.9290000200271606
-35.039248,150.355058,1,215.70059204101562,0.9670000672340393
-35.455239,149.402947,0,215.70059204101562,0.9670000672340393
-34.412729,149.290267,0,215.70059204101562,0.9670000672340393
-34.4558,150.447,1,215.70059204101562,0.9670000672340393
-37.1034,146.126,1,200.90318298339844,0.9410000443458557
-37.854199,143.232216,1,219.19619750976562,0.9530000686645508
-37.061908,149.048452,0,215.70059204101562,0.9670000672340393
-34.1858,150.944,1,215.70059204101562,0.9670000672340393
-36.729866,141.72283,1,231.9036865234375,0.9510000348091125
-37.3593,144.459,1,223.19729614257812,0.9920000433921814
-37.861073,145.842812,0,199.10269165039062,0.8730000257492065
-36.318719,146.669835,1,201.39932250976562,1.0329999923706055
-38.459068,145.434862,0,205.4967498779297,0.9190000295639038
-36.963101,140.902194,0,239.00164794921875,0.9720000624656677
-36.673162,148.646219,0,215.70059204101562,0.9670000672340393
-34.3755,149.191,1,215.70059204101562,0.9670000672340393
-37.421901,148.950123,0,215.70059204101562,0.9670000672340393
-37.576912,143.882043,1,223.39735412597656,0.9820000529289246
-32.969,150.109,1,215.70059204101562,0.9670000672340393
-38.48572,146.407276,0,189.20285034179688,0.7910000085830688
-33.968679,148.429538,0,215.70059204101562,0.9670000672340393
-35.48905,143.589126,0,233.29608154296875,0.9900000691413879
-35.023332,149.332184,1,215.70059204101562,0.9670000672340393
-33.35606,147.779314,0,215.70059204101562,0.9670000672340393
-36.346207,146.257703,0,207.69705200195312,0.9730000495910645
-35.252798,144.181407,0,224.19757080078125,0.9780000448226929
-34.494127,147.847332,0,185.40292358398438,1.1120001077651978
-37.197833,143.50985,1,224.59768676757812,0.9880000352859497
-33.5323,150.453,1,215.70059204101562,0.9670000672340393
-33.507239,150.371471,1,215.70059204101562,0.9670000672340393
-36.4139,143.61,1,228.90286254882812,1.0040000677108765
-34.074769,151.043488,1,215.70059204101562,0.9670000672340393
-34.463341,150.425861,1,215.70059204101562,0.9670000672340393
-34.809712,146.750506,0,198.9986572265625,0.9450000524520874
-36.49305,150.020366,1,215.70059204101562,0.9670000672340393
-37.223369,144.064856,1,224.997802734375,0.987000048160553
-35.251643,150.431094,1,215.70059204101562,0.9670000672340393
-37.5855,146.532,1,190.70037841796875,0.8850000500679016
-33.211146,148.783348,1,215.70059204101562,0.9670000672340393
-34.5713,150.752,1,215.70059204101562,0.9670000672340393
-37.5121,143.887,1,223.99752807617188,0.9790000319480896
-35.472911,144.488958,0,221.7969207763672,0.9850000739097595
-33.3659,150.182,1,215.70059204101562,0.9670000672340393
-37.754944,145.30249,1,207.4969940185547,0.8840000629425049
-37.520536,145.730468,1,202.9037322998047,0.9160000681877136
-36.719293,149.962722,1,215.70059204101562,0.9670000672340393
-37.891513,143.363346,1,219.30023193359375,0.9590000510215759
-34.473131,149.531344,0,215.70059204101562,0.9670000672340393
-37.549321,140.903176,0,237.0971221923828,0.9410000443458557
-36.845457,142.502756,0,226.99835205078125,0.9540000557899475
-32.8481,148.907,1,215.70059204101562,0.9670000672340393
-35.304638,143.379684,0,233.69618225097656,0.9730000495910645
-35.233592,148.909217,0,215.70059204101562,0.9670000672340393
-35.822799,150.126072,1,215.70059204101562,0.9670000672340393
-37.7806,147.346,1,180.2014923095703,1.0
-34.328168,149.197605,0,215.70059204101562,0.9670000672340393
-37.7619,145.489,1,204.69622802734375,0.9000000357627869
-35.302063,148.230438,1,215.70059204101562,0.9670000672340393
-35.974936,149.322144,0,215.70059204101562,0.9670000672340393
-34.5497,146.412,1,206.00057983398438,0.9040000438690186
-38.4971,145.784,1,198.39840698242188,0.7950000166893005
-37.73272,147.672998,1,181.4978485107422,1.1570000648498535
-33.297541,150.123709,1,215.70059204101562,0.9670000672340393
-36.303499,141.926032,0,232.70391845703125,0.987000048160553
-36.4448,147.067,1,193.99728393554688,1.1130000352859497
-34.8892,147.187,1,195.10159301757812,1.0450000762939453
-34.488132,150.493662,0,215.70059204101562,0.9670000672340393
-38.104991,143.303936,1,216.89956665039062,0.9470000267028809
-37.9724,147.237,1,184.00253295898438,1.0220000743865967
-32.945919,146.674965,0,196.90208435058594,1.0190000534057617
-36.928603,140.336844,0,244.3036651611328,0.9790000319480896
-33.547793,149.791803,1,215.70059204101562,0.9670000672340393
-38.437858,145.971801,0,199.1969757080078,0.8080000281333923
-35.2498,144.216,1,223.79747009277344,0.9780000448226929
-34.4236,150.877,1,215.70059204101562,0.9670000672340393
-37.5713,142.479,1,223.1012725830078,0.9580000638961792
-38.27949,145.104014,1,213.298583984375,0.9910000562667847
-38.475427,142.997029,0,215.99905395507812,0.9430000185966492
-35.031372,143.809059,1,229.10292053222656,0.9640000462532043
-36.093232,140.967172,0,239.89788818359375,0.9290000200271606
-33.768374,150.887682,1,215.70059204101562,0.9670000672340393
-35.8397,146.798935,1,199.70285034179688,1.0750000476837158
-33.756762,148.403165,0,215.70059204101562,0.9670000672340393
-37.383387,144.832701,1,218.90011596679688,0.9810000658035278
-35.4667,148.905,1,215.70059204101562,0.9670000672340393
-34.5332,146.426,1,206.49671936035156,0.9280000329017639
-38.4364,145.712,1,200.3988494873047,0.843000054359436
-33.944991,145.081551,0,218.00387573242188,0.9410000443458557
-34.4992,148.719,1,215.70059204101562,0.9670000672340393
-33.935245,149.674537,1,215.70059204101562,0.9670000672340393
-36.462934,149.035586,0,215.70059204101562,0.9670000672340393
-34.664611,145.469614,0,217.49974060058594,0.9480000734329224
-38.259343,145.183915,1,210.2017364501953,0.9040000438690186
-34.330186,149.648001,1,215.70059204101562,0.9670000672340393
-37.031414,145.870027,1,202.1995391845703,0.8800000548362732
-34.797256,149.775583,1,215.70059204101562,0.9670000672340393
-31.2782,149.281,1,215.70059204101562,0.9670000672340393
-38.546177,146.751262,0,189.59808349609375,1.0430001020431519
-37.993,147.195,1,185.69900512695312,1.03000009059906
-33.918549,150.943637,1,215.70059204101562,0.9670000672340393
-37.607429,145.224722,1,211.40206909179688,0.9480000734329224
-32.92081,150.15593,0,215.70059204101562,0.9670000672340393
-33.2,148.5,1,215.70059204101562,0.9670000672340393
-37.586899,142.318612,1,224.3976287841797,0.9380000233650208
-37.225615,146.291593,0,196.7980499267578,0.8950000405311584
-37.675201,145.543822,1,204.60018920898438,0.9130000472068787
-37.2054,143.392,1,223.597412109375,0.9960000514984131
-37.748625,145.257922,1,209.00140380859375,0.9020000696182251
-38.182149,144.36018,1,219.70034790039062,0.9440000653266907
-35.01,149.872,1,215.70059204101562,0.9670000672340393
-35.1579,149.322,1,215.70059204101562,0.9670000672340393
-38.382039,141.614711,1,229.99917602539062,0.9220000505447388
-37.1711,148.261,1,215.70059204101562,0.9670000672340393
-37.551443,147.868932,1,215.70059204101562,0.9670000672340393
-37.282722,147.051172,0,184.6027069091797,0.999000072479248
-38.1676,144.147,1,220.9967041015625,0.9490000605583191
-34.448595,149.500536,1,215.70059204101562,0.9670000672340393
-37.766067,143.671318,0,221.10072326660156,0.9640000462532043
-35.751391,145.374203,0,217.2996826171875,0.9920000433921814
-35.240364,147.067096,0,195.39767456054688,1.069000005722046
-36.291077,146.239127,1,207.69705200195312,0.9570000171661377
-33.64216,147.710765,0,215.70059204101562,0.9670000672340393
-34.4767,150.842,1,215.70059204101562,0.9670000672340393
-35.679916,148.434388,0,215.70059204101562,0.9670000672340393
-37.2341,143.285,1,223.9014892578125,1.002000093460083
-37.998899,142.362163,0,223.19729614257812,0.9270000457763672
-36.743469,144.243746,1,225.70199584960938,1.0080000162124634
-35.608,150.32,1,215.70059204101562,0.9670000672340393
-35.430322,149.234875,0,215.70059204101562,0.9670000672340393
-36.468455,148.864495,0,215.70059204101562,0.9670000672340393
-35.9991,146.382,1,207.4969940185547,0.9250000715255737
-36.113491,147.126778,1,194.99755859375,1.1299999952316284
-37.804754,140.655145,0,238.00137329101562,0.9690000414848328
-35.624468,149.714364,0,215.70059204101562,0.9670000672340393
-34.808307,148.541211,0,215.70059204101562,0.9670000672340393
-35.3334,149.321,1,215.70059204101562,0.9670000672340393
-32.58924,150.181786,0,215.70059204101562,0.9670000672340393
-33.7892,148.418,1,215.70059204101562,0.9670000672340393
-38.003174,145.88287,1,197.39822387695312,0.8790000677108765
-37.473681,143.790947,0,224.3976287841797,0.984000027179718
-36.055302,146.98081,1,196.7020263671875,1.1180000305175781
-35.160731,149.144661,1,215.70059204101562,0.9670000672340393
-35.250561,149.033917,1,215.70059204101562,0.9670000672340393
-37.794203,147.614523,0,182.20204162597656,1.1480000019073486
-35.162585,150.331275,0,215.70059204101562,0.9670000672340393
-37.239467,144.926621,0,217.40371704101562,0.9850000739097595
-35.388119,145.738401,0,216.20338439941406,0.9580000638961792
-33.882218,144.760792,0,218.2039337158203,0.9410000443458557
-38.2,144.6,1,218.7960968017578,0.9520000219345093
-34.749852,149.59415,1,215.70059204101562,0.9670000672340393
-33.695119,149.978179,0,215.70059204101562,0.9670000672340393
-35.203414,144.954202,0,218.59603881835938,0.9850000739097595
-36.97285,144.179815,1,225.99807739257812,0.9770000576972961
-33.844136,147.000766,0,194.99755859375,1.0500000715255737
-35.40397,144.42245,0,221.7969207763672,0.9820000529289246
-37.8422,145.138,1,213.00250244140625,0.9880000352859497
-37.109059,143.301152,0,224.3976287841797,0.9910000562667847
-34.367078,143.697941,0,228.19866943359375,0.9620000720024109
-37.480598,143.060842,0,220.70062255859375,0.9960000514984131
-34.992735,145.949568,0,212.69842529296875,0.9440000653266907
-37.63197,144.84352,1,218.00387573242188,0.9750000238418579
-37.1908,144.381,1,224.10154724121094,0.9900000691413879
-35.417858,148.619296,0,215.70059204101562,0.9670000672340393
-38.227255,143.048379,0,217.40371704101562,0.9500000476837158
-33.837524,151.01907,1,215.70059204101562,0.9670000672340393
-37.346525,142.713325,0,223.39735412597656,0.9880000352859497
-37.8588,144.738,1,219.1001739501953,0.9810000658035278
-34.0771,151.056,1,215.70059204101562,0.9670000672340393
-35.573224,144.192054,1,224.90176391601562,0.9860000610351562
-34.4982,149.812,1,215.70059204101562,0.9670000672340393
-36.385669,146.740485,1,199.99893188476562,1.0570000410079956
-36.688348,143.297328,0,227.30242919921875,0.9970000386238098
-36.904856,146.263431,0,202.59963989257812,0.9730000495910645
-38.3066,144.357,1,218.50001525878906,0.9140000343322754
-37.596938,144.229455,1,223.39735412597656,0.9770000576972961
-36.78601,144.23784,1,225.50193786621094,1.0010000467300415
-35.479,150.348,1,215.70059204101562,0.9670000672340393
-34.14424,146.370308,0,207.20091247558594,0.940000057220459
-37.731918,145.439433,1,203.10379028320312,0.8220000267028809
-36.215947,149.120931,1,215.70059204101562,0.9670000672340393
-36.433721,146.902551,0,195.7977752685547,1.0570000410079956
-33.9677,150.809,1,215.70059204101562,0.9670000672340393
-37.8438,145.314139,1,209.49754333496094,0.9500000476837158
-33.717179,150.69748,1,215.70059204101562,0.9670000672340393
-34.808747,150.021241,0,215.70059204101562,0.9670000672340393
-33.997729,144.925137,0,218.29995727539062,0.9450000524520874
-33.811909,149.919725,1,215.70059204101562,0.9670000672340393
-36.001425,143.563805,0,231.599609375,1.0170000791549683
-38.3874,142.609,1,220.70062255859375,0.9360000491142273
-36.754309,144.674697,0,221.3968048095703,0.984000027179718
-38.008626,145.442199,1,207.40097045898438,0.9670000672340393
-34.334096,150.899704,1,215.70059204101562,0.9670000672340393
-37.276758,145.22973,1,212.00222778320312,0.9720000624656677
-37.6665,140.641,1,239.20169067382812,0.9610000252723694
-36.007286,140.98952,0,239.09767150878906,0.9350000619888306
-38.0303,146.345,1,193.59716796875,0.8790000677108765
-34.133761,146.214748,0,210.29776000976562,0.9420000314712524
-33.9173,150.878,1,215.70059204101562,0.9670000672340393
-37.637124,149.612371,0,215.70059204101562,0.9670000672340393
-38.188269,145.077666,1,212.89846801757812,0.9660000205039978
-37.401887,144.581962,1,221.7969207763672,0.9830000400543213
-35.2042,150.051,1,215.70059204101562,0.9670000672340393
-35.69922,141.682136,0,235.80076599121094,0.9670000672340393
-37.22676,145.990001,0,198.9986572265625,0.8530000448226929
-34.349128,149.295844,0,215.70059204101562,0.9670000672340393
-33.330254,146.052356,0,209.99774169921875,0.9420000314712524
-33.766633,150.897246,0,215.70059204101562,0.9670000672340393
-34.71167,146.410096,1,206.40069580078125,0.9290000200271606
-36.1137,146.569,1,204.400146484375,1.0170000791549683
-32.21131,148.747724,1,215.70059204101562,0.9670000672340393
-38.423431,145.05169,1,209.2974853515625,0.8840000629425049
-34.456,150.447,1,215.70059204101562,0.9670000672340393
-34.678965,147.693757,0,185.40292358398438,1.059000015258789
-37.9621,144.506,1,220.70062255859375,0.9550000429153442
-35.974156,143.839383,0,231.19949340820312,1.003000020980835
-37.106349,145.581294,1,207.0008544921875,0.956000030040741
-34.050603,151.085603,1,215.70059204101562,0.9670000672340393
-32.50864,147.908447,0,215.70059204101562,0.9670000672340393
-37.8819,145.364,1,206.0966033935547,0.8740000128746033
-36.062412,148.580398,0,215.70059204101562,0.9670000672340393
-37.745611,148.606848,0,215.70059204101562,0.9670000672340393
-36.142649,148.242763,0,215.70059204101562,0.9670000672340393
-37.718,145.06,1,214.0988006591797,0.9830000400543213
-33.355893,150.086117,1,215.70059204101562,0.9670000672340393
-32.25882,148.58511,1,215.70059204101562,0.9670000672340393
-38.219615,147.275088,1,188.6998291015625,1.1060000658035278
-37.807452,145.263704,1,209.09742736816406,0.9180000424385071
-35.265054,148.28573,0,215.70059204101562,0.9670000672340393
-37.42549,140.58539,0,239.89788818359375,0.9320000410079956
-36.828081,149.927019,1,215.70059204101562,0.9670000672340393
-35.392562,146.343806,0,206.49671936035156,0.8890000581741333
-37.902693,145.675391,0,200.7991485595703,0.862000048160553
-34.727425,150.496207,0,215.70059204101562,0.9670000672340393
-37.389793,141.440742,0,230.90341186523438,0.9040000438690186
-33.75908,150.755769,1,215.70059204101562,0.9670000672340393
-36.378957,141.656477,0,233.69618225097656,0.9910000562667847
-36.715692,142.344093,0,229.302978515625,0.9730000495910645
-33.064321,147.487541,0,215.70059204101562,0.9670000672340393
-36.571779,145.697256,0,209.49754333496094,0.987000048160553
-37.16413,145.906416,0,198.70257568359375,0.8200000524520874
-34.86774,149.897712,0,215.70059204101562,0.9670000672340393
-34.255972,144.338762,0,219.79637145996094,0.940000057220459
-34.064639,150.677344,0,215.70059204101562,0.9670000672340393
-38.26004,144.090325,1,219.30023193359375,0.9470000267028809
-36.041085,146.990647,1,196.7020263671875,1.1180000305175781
-37.596303,144.239354,1,223.597412109375,0.9720000624656677
-37.97188,146.96374,0,186.69927978515625,1.0110000371932983
-37.8821,147.835,1,215.70059204101562,0.9670000672340393
-38.712171,143.746012,1,215.90225219726562,0.9700000286102295
-34.7706,148.774,1,215.70059204101562,0.9670000672340393
-37.880404,143.467585,1,218.99615478515625,0.9470000267028809
-33.4393,149.994,1,215.70059204101562,0.9670000672340393
-36.194556,145.925467,0,212.00222778320312,0.9640000462532043
-36.911198,146.330903,0,199.9029083251953,0.9220000505447388
-35.0934,150.556,1,215.70059204101562,0.9670000672340393
-38.332406,146.530844,1,191.59854125976562,0.9700000286102295
-36.01823,146.290883,0,210.2017364501953,0.9490000605583191
-32.258573,148.58518,1,215.70059204101562,0.9670000672340393
-36.26666,146.345736,0,206.49671936035156,0.9440000653266907
-37.0075,144.066,1,225.59796142578125,0.9740000367164612
-38.128601,145.272227,1,209.49754333496094,0.9300000667572021
-37.270577,145.285035,1,211.001953125,0.971000075340271
-37.233128,142.447397,0,224.10154724121094,0.9740000367164612
-37.957344,146.825998,1,188.29971313476562,0.9980000257492065
-33.2746,148.144,1,215.70059204101562,0.9670000672340393
-36.292688,148.051884,0,215.70059204101562,0.9670000672340393
-37.867324,144.896036,0,216.29940795898438,0.9530000686645508
-36.1437,146.405,1,203.9040069580078,0.8720000386238098
-38.256735,144.549042,1,217.89984130859375,0.9330000281333923
-37.5497,144.951,1,215.4991912841797,0.9820000529289246
-37.579387,146.548228,0,190.70037841796875,0.8850000500679016
-37.0,141.7,1,231.79966735839844,0.9540000557899475
-35.5468,149.442,1,215.70059204101562,0.9670000672340393
-37.343658,144.178469,1,223.99752807617188,0.9960000514984131
-33.213549,149.795049,0,215.70059204101562,0.9670000672340393
-33.795519,147.525226,0,187.00335693359375,1.1420000791549683
-36.773649,146.977855,1,190.9964599609375,0.9670000672340393
-36.994266,149.320878,0,215.70059204101562,0.9670000672340393
-38.197045,141.505396,0,229.70309448242188,0.9220000505447388
-37.033681,145.660399,1,207.40097045898438,0.9800000190734863
-37.025414,142.761957,1,225.3979034423828,0.9820000529289246
-35.803407,147.648404,0,215.70059204101562,0.9670000672340393
-38.3655,143.325009,0,215.70059204101562,0.9440000653266907
-37.1981,143.751,1,225.19784545898438,0.9880000352859497
-35.010298,148.703503,1,180.6016082763672,1.162000060081482
-33.683495,149.199717,0,215.70059204101562,0.9670000672340393
-37.0594,142.515,1,224.997802734375,0.984000027179718
-37.9,144.7,1,219.5963134765625,0.9800000190734863
-31.3,149.1,1,215.70059204101562,0.9670000672340393
-31.40655,148.704997,0,215.70059204101562,0.9670000672340393
-32.575103,149.573428,1,215.70059204101562,0.9670000672340393
-38.160169,145.929192,1,188.09967041015625,0.6190000176429749
-37.2371,145.215,1,212.40234375,0.9770000576972961
-32.27107,148.628208,1,215.70059204101562,0.9670000672340393
-36.025857,144.85794,0,220.10044860839844,1.0
-35.325087,149.246278,1,215.70059204101562,0.9670000672340393
-33.548757,146.756088,0,197.90235900878906,1.0090000629425049
-34.219896,150.235003,0,215.70059204101562,0.9670000672340393
-35.976633,149.930046,0,215.70059204101562,0.9670000672340393
-36.149511,142.098636,0,232.90396118164062,0.9970000386238098
-33.253463,150.195099,1,215.70059204101562,0.9670000672340393
-35.9204,150.085,1,215.70059204101562,0.9670000672340393
-32.03455,148.520501,0,215.70059204101562,0.9670000672340393
-33.49918,148.184864,1,215.70059204101562,0.9670000672340393
-33.691108,147.103546,0,192.10076904296875,1.0770000219345093
-35.620127,145.568645,0,216.20338439941406,0.9720000624656677
-36.792859,148.783694,0,215.70059204101562,0.9670000672340393
-37.242177,145.166186,1,213.40261840820312,0.9820000529289246
-36.861558,145.070066,0,215.0030517578125,0.9850000739097595
-35.153767,149.157316,1,215.70059204101562,0.9670000672340393
-37.784615,141.912818,0,226.50221252441406,0.9340000152587891
-35.631224,149.673759,0,215.70059204101562,0.9670000672340393
-33.749726,150.963442,1,215.70059204101562,0.9670000672340393
-36.424224,149.778297,0,215.70059204101562,0.9670000672340393
-34.964174,144.791342,0,218.0998992919922,0.9740000367164612
-38.003235,145.4222,1,207.69705200195312,0.9660000205039978
-34.031769,150.819843,1,215.70059204101562,0.9670000672340393
-35.1605,149.112,1,215.70059204101562,0.9670000672340393
-37.7886,145.044,1,213.49864196777344,0.9440000653266907
-38.102652,144.164549,1,220.70062255859375,0.9430000185966492
-36.8939,149.9,1,215.70059204101562,0.9670000672340393
-33.709549,149.753817,1,215.70059204101562,0.9670000672340393
-33.525742,149.472683,0,215.70059204101562,0.9670000672340393
-37.06888,144.222386,1,225.19784545898438,0.9770000576972961
-38.655955,145.79384,0,200.00360107421875,0.8650000691413879
-35.233,149.051,1,215.70059204101562,0.9670000672340393
-36.958539,143.352062,1,224.79774475097656,0.9960000514984131
-33.836092,150.639774,1,215.70059204101562,0.9670000672340393
-36.9928,147.457,1,185.80303955078125,1.0890001058578491
-37.493774,144.583351,1,221.30078125,0.9730000495910645
-34.113096,144.829879,0,217.69979858398438,0.9470000267028809
-36.205024,150.094257,0,215.70059204101562,0.9670000672340393
-36.594,143.936,1,228.10264587402344,1.00600004196167
-34.541152,149.381989,1,215.70059204101562,0.9670000672340393
-37.89174,143.363307,1,219.30023193359375,0.9590000510215759
-34.5009,150.313,1,215.70059204101562,0.9670000672340393
-37.053088,142.648813,0,225.70199584960938,0.9730000495910645
-35.423972,149.246317,1,215.70059204101562,0.9670000672340393
-37.3588,144.459,1,223.19729614257812,0.9920000433921814
-37.924121,145.42699,0,203.50389099121094,0.8250000476837158
-38.539491,145.438736,1,202.6009521484375,0.8440000414848328
-36.18393,146.950864,1,197.1981658935547,1.0950000286102295
-36.564014,148.762051,0,215.70059204101562,0.9670000672340393
-37.665798,148.222169,0,215.70059204101562,0.9670000672340393
-37.891578,143.363356,1,219.30023193359375,0.9590000510215759
-37.881562,144.796247,1,218.29995727539062,0.9760000705718994
-34.917228,145.998545,0,213.09852600097656,0.9590000510215759
-37.2153,143.746,1,224.79774475097656,0.9880000352859497
-33.51752,146.505353,0,202.69775390625,0.9780000448226929
-36.291105,145.022967,1,217.80381774902344,0.9910000562667847
-38.296513,143.694489,1,215.90225219726562,0.9230000376701355
-36.882857,145.896078,0,204.400146484375,0.9130000472068787
-36.029904,146.882515,1,198.59854125976562,1.0870000123977661
-36.3246,146.877,1,195.7977752685547,0.9900000691413879
-34.274505,147.325076,0,191.70065307617188,1.0460000038146973
-33.755467,150.623265,1,215.70059204101562,0.9670000672340393
-35.480453,148.294422,0,215.70059204101562,0.9670000672340393
-33.74183,150.8764,1,215.70059204101562,0.9670000672340393
-33.836173,148.071702,0,215.70059204101562,0.9670000672340393
-32.741466,146.680975,0,195.19761657714844,1.0200001001358032
-37.598846,144.230948,1,223.39735412597656,0.9770000576972961
-33.935515,149.673771,1,215.70059204101562,0.9670000672340393
-37.482003,143.538356,0,222.90121459960938,0.9640000462532043
-37.837745,140.58974,0,239.6978302001953,0.9730000495910645
-33.6941,150.555,1,215.70059204101562,0.9670000672340393
-37.938289,143.496305,1,218.7960968017578,0.9450000524520874
-33.687776,149.131189,0,215.70059204101562,0.9670000672340393
-36.502039,142.68151,0,229.59906005859375,0.9890000224113464
-33.008665,150.264621,0,215.70059204101562,0.9670000672340393
-36.444138,145.561647,0,211.69815063476562,0.9740000367164612
-33.121999,150.321249,1,215.70059204101562,0.9670000672340393
-36.390592,140.610381,0,244.00302124023438,0.9480000734329224
-34.472,150.846,1,215.70059204101562,0.9670000672340393
-36.755213,148.213587,0,215.70059204101562,0.9670000672340393
-37.6895,145.435,1,204.09605407714844,0.8210000395774841
-34.72496,145.48288,0,217.2996826171875,0.9540000557899475
-37.044816,144.677226,0,222.39707946777344,0.9780000448226929
-34.04113,148.146223,0,215.70059204101562,0.9670000672340393
-35.210735,147.394959,0,192.700927734375,1.0910000801086426
-37.883329,147.539558,0,182.80221557617188,1.121000051498413
-38.039908,146.49321,0,190.1962432861328,0.8820000290870667
-36.492187,146.593528,0,198.30245971679688,0.8990000486373901
-38.4854,142.771,1,218.00387573242188,0.9430000185966492
-36.487798,144.637209,1,222.197021484375,0.9940000176429749
-37.283681,143.786394,1,224.90176391601562,0.9880000352859497
-31.273321,149.10437,1,215.70059204101562,0.9670000672340393
-38.3288,143.078,1,216.70082092285156,0.9530000686645508
-38.370158,142.232718,1,224.30160522460938,0.9380000233650208
-37.0334,146.105,1,201.99948120117188,0.9510000348091125
-36.119189,147.186644,0,193.70120239257812,1.1220000982284546
-34.3362,150.786,1,215.70059204101562,0.9670000672340393
-36.7863,145.552,1,209.6015625,0.9910000562667847
-35.5,150.3,1,215.70059204101562,0.9670000672340393
-37.731763,140.53027,1,239.601806640625,0.9590000510215759
-32.399523,149.653692,0,215.70059204101562,0.9670000672340393
-36.513611,141.238248,1,235.80076599121094,0.9590000510215759
-35.521,150.208,1,215.70059204101562,0.9670000672340393
-34.200146,148.018443,0,215.70059204101562,0.9670000672340393
-37.277891,149.154798,0,215.70059204101562,0.9670000672340393
-37.907092,147.740422,0,215.70059204101562,0.9670000672340393
-37.647764,141.940947,0,226.90231323242188,0.9380000233650208
-36.688853,147.268981,0,190.9004364013672,1.0980000495910645
-35.5831,148.297,1,215.70059204101562,0.9670000672340393
-32.862518,146.206125,0,204.49652099609375,0.9730000495910645
-32.296781,149.305622,0,215.70059204101562,0.9670000672340393
-36.7628,144.203,1,225.99807739257812,1.0
-37.807608,145.263702,1,209.09742736816406,0.9180000424385071
-37.7795,145.351,1,207.40097045898438,0.9010000228881836
-35.627628,148.958311,1,215.70059204101562,0.9670000672340393
-38.174503,146.245771,1,192.20350646972656,0.7450000643730164
-37.70292,148.870233,0,215.70059204101562,0.9670000672340393
-35.476748,146.495782,0,202.79969787597656,0.909000039100647
-36.463416,146.023128,1,205.2003631591797,0.9170000553131104
-37.653106,144.886658,0,216.89956665039062,0.9690000414848328
-35.246625,149.352502,1,215.70059204101562,0.9670000672340393
-37.2799,144.335,1,223.39735412597656,0.9950000643730164
-34.019929,149.838614,0,215.70059204101562,0.9670000672340393
-38.546948,145.946413,1,200.00360107421875,0.8580000400543213
-35.037519,147.995568,0,215.70059204101562,0.9670000672340393
-33.7568,150.924,1,215.70059204101562,0.9670000672340393
-37.596284,144.239493,1,223.597412109375,0.9720000624656677
-36.132343,148.622435,1,215.70059204101562,0.9670000672340393
-34.938481,149.938858,0,215.70059204101562,0.9670000672340393
-36.827199,145.096922,1,215.0030517578125,0.9800000190734863
-37.107621,147.576263,1,182.00198364257812,1.1010000705718994
-35.2217,149.044,1,215.70059204101562,0.9670000672340393
-37.19535,145.337089,1,211.0979766845703,0.9630000591278076
-37.861399,144.808442,1,218.59603881835938,0.9800000190734863
-35.49374,142.180522,0,235.296630859375,0.968000054359436
-38.079376,147.070733,1,188.00363159179688,1.037000060081482
-33.717377,150.928922,1,215.70059204101562,0.9670000672340393
-36.501797,144.084826,0,227.5024871826172,1.0130000114440918
-38.8299,143.529,1,213.9986114501953,0.9600000381469727
-37.3603,144.462,1,223.19729614257812,0.9920000433921814
-35.389092,148.983933,0,215.70059204101562,0.9670000672340393
-35.14093,147.309481,0,193.5011444091797,1.0720000267028809
-37.77518,140.990306,0,235.89678955078125,0.9440000653266907
-38.322731,145.517851,1,205.69650268554688,0.968000054359436
-36.196671,147.438158,0,191.99673461914062,1.1540000438690186
-32.988679,146.874096,0,191.70065307617188,1.0500000715255737
-37.885784,142.494158,0,222.7971954345703,0.940000057220459
-36.7894,143.838,1,227.5985107421875,1.0010000467300415
-34.603835,145.941522,0,212.60238647460938,0.9540000557899475
-37.924475,145.333043,1,207.4969940185547,0.8940000534057617
-34.526756,144.13863,0,221.90093994140625,0.9480000734329224
-34.027021,150.705113,1,215.70059204101562,0.9670000672340393
-33.4232,149.647,1,215.70059204101562,0.9670000672340393
-36.416983,146.033436,0,205.80052185058594,0.9250000715255737
-37.186233,146.706642,0,189.29998779296875,0.862000048160553
-36.381028,146.318108,0,206.40069580078125,0.9660000205039978
-38.026031,144.396652,1,221.10072326660156,0.9470000267028809
-35.133815,143.129418,0,236.29690551757812,0.9670000672340393
-34.056052,151.007515,1,215.70059204101562,0.9670000672340393
-38.042764,147.02783,1,187.2994384765625,1.027000069618225
-38.0967,145.134,1,212.29830932617188,0.9580000638961792
-37.419338,143.8952,1,224.70172119140625,0.9810000658035278
-38.190662,143.598734,1,216.4994659423828,0.9320000410079956
-34.856347,150.520021,1,215.70059204101562,0.9670000672340393
-38.2159,144.306,1,219.5963134765625,0.9410000443458557
-37.769864,140.334616,0,240.00192260742188,0.9610000252723694
-35.7636,150.214,1,215.70059204101562,0.9670000672340393
-38.660191,143.836547,0,215.90225219726562,0.9730000495910645
-34.528957,144.194499,0,220.90066528320312,0.9490000605583191
-36.902113,147.242598,1,189.5000457763672,1.069000005722046
-37.909164,145.144546,1,213.298583984375,0.9860000610351562
-38.026556,144.029738,1,221.70089721679688,0.9580000638961792
-34.87975,150.524657,1,215.70059204101562,0.9670000672340393
-37.644355,142.694129,0,221.10072326660156,0.9550000429153442
-38.236084,145.729377,1,197.801513671875,0.8100000619888306
-37.5733,144.574,1,221.50083923339844,0.968000054359436
-36.749283,149.699675,1,215.70059204101562,0.9670000672340393
-33.819828,150.024975,1,215.70059204101562,0.9670000672340393
-37.788814,144.837505,1,217.2996826171875,0.9600000381469727
-33.733775,145.871174,0,213.89874267578125,0.9480000734329224
-33.1547,147.453,1,215.70059204101562,0.9670000672340393
-38.129,145.266,1,209.49754333496094,0.9300000667572021
-38.524178,143.512348,1,215.6038055419922,0.9390000700950623
-37.4825,144.607,1,221.10072326660156,0.9770000576972961
-33.5698,148.627,1,215.70059204101562,0.9670000672340393
-35.484999,150.114169,0,215.70059204101562,0.9670000672340393
-38.21827,146.841449,0,188.80386352539062,1.0040000677108765
-33.789832,150.736097,1,215.70059204101562,0.9670000672340393
-36.6108,146.682,1,196.39794921875,0.8880000710487366
-33.7686,150.971,1,215.70059204101562,0.9670000672340393
-33.560198,147.501383,0,215.70059204101562,0.9670000672340393
-38.479036,145.564328,1,202.8026123046875,0.8940000534057617
-32.861714,149.946015,0,215.70059204101562,0.9670000672340393
-36.4138,148.618,1,215.70059204101562,0.9670000672340393
-37.8267,145.145,1,213.00250244140625,0.9880000352859497
-35.328076,143.563544,1,233.60015869140625,0.9750000238418579
-33.767765,150.743781,1,215.70059204101562,0.9670000672340393
-33.92118,149.989945,0,215.70059204101562,0.9670000672340393
-37.972983,143.572981,1,218.0998992919922,0.956000030040741
-37.570838,143.676454,1,222.197021484375,0.9790000319480896
-36.8845,149.731,1,215.70059204101562,0.9670000672340393
-34.0524,150.528,1,215.70059204101562,0.9670000672340393
-33.4876,149.552,1,215.70059204101562,0.9670000672340393
-35.23214,148.931966,1,215.70059204101562,0.9670000672340393
-33.4785,150.14,1,215.70059204101562,0.9670000672340393
-36.636151,148.735247,0,215.70059204101562,0.9670000672340393
-37.392557,144.92721,0,217.40371704101562,0.9750000238418579
-36.070352,149.892822,0,215.70059204101562,0.9670000672340393
-37.767646,145.276034,1,207.4969940185547,0.8840000629425049
-36.145806,146.963074,1,196.7980499267578,1.0940001010894775
-34.302558,148.254065,1,215.70059204101562,0.9670000672340393
-32.050869,147.558678,0,215.70059204101562,0.9670000672340393
-37.812183,143.415062,1,220.10044860839844,0.9660000205039978
-37.026773,142.709085,1,225.3018798828125,0.987000048160553
-37.903395,142.861915,0,220.10044860839844,0.9320000410079956
-34.492903,150.768651,1,215.70059204101562,0.9670000672340393
-37.18432,148.395193,0,215.70059204101562,0.9670000672340393
-34.894013,149.4385,0,215.70059204101562,0.9670000672340393
-33.740189,149.230823,0,215.70059204101562,0.9670000672340393
-34.213837,151.000757,1,215.70059204101562,0.9670000672340393
-33.5632,150.204,1,215.70059204101562,0.9670000672340393
-37.7911,145.058,1,213.49864196777344,0.9440000653266907
-34.409627,145.243709,0,217.69979858398438,0.9510000348091125
-37.612885,140.593095,1,239.80186462402344,0.9510000348091125
-36.014,146.664,1,202.999755859375,1.034000039100647
-34.49285,150.768592,1,215.70059204101562,0.9670000672340393
-32.641187,148.204035,0,215.70059204101562,0.9670000672340393
-37.6,140.5,1,240.80213928222656,0.9510000348091125
-35.413837,142.603033,0,235.49667358398438,0.9770000576972961
-35.021568,148.981539,0,215.70059204101562,0.9670000672340393
-38.2076,146.53,1,191.7966766357422,0.9590000510215759
-36.00771,147.425969,0,190.1002197265625,1.124000072479248
-34.5321,150.393,1,215.70059204101562,0.9670000672340393
-34.34146,146.233487,0,208.8013458251953,0.9360000491142273
-38.410214,146.653935,1,189.7029571533203,0.9530000686645508
-33.313757,146.232671,0,206.90028381347656,0.940000057220459
-33.7386,150.715,1,215.70059204101562,0.9670000672340393
-33.781324,151.014709,1,215.70059204101562,0.9670000672340393
-34.061824,145.674173,0,215.69924926757812,0.9500000476837158
-34.4984,149.158,1,215.70059204101562,0.9670000672340393
-37.891639,143.363417,1,219.30023193359375,0.9590000510215759
-37.464714,145.399411,1,208.69732666015625,0.9590000510215759
-37.5372,145.337,1,209.6015625,0.9250000715255737
-37.610867,143.844134,1,223.70144653320312,0.9810000658035278
-35.33147,149.02906,1,215.70059204101562,0.9670000672340393
-33.310644,146.929758,0,192.3968505859375,1.0410000085830688
-37.060882,146.293533,1,199.70285034179688,0.9340000152587891
-37.180859,148.858089,1,215.70059204101562,0.9670000672340393
-37.733612,146.653241,0,186.80331420898438,0.831000030040741
-31.279471,148.988492,1,215.70059204101562,0.9670000672340393
-36.907045,141.81165,0,231.1034698486328,0.9520000219345093
-37.606414,145.213694,1,211.40206909179688,0.9480000734329224
-33.7511,150.62,1,215.70059204101562,0.9670000672340393
-31.617996,148.636066,0,215.70059204101562,0.9670000672340393
-37.418191,141.412141,0,231.70364379882812,0.9130000472068787
-38.524874,143.694705,0,216.10391235351562,0.9470000267028809
-35.986787,146.579771,0,204.400146484375,1.003000020980835
-34.5903,150.571,1,215.70059204101562,0.9670000672340393
-35.817728,148.936091,1,215.70059204101562,0.9670000672340393
-37.9933,145.518,1,206.40069580078125,0.971000075340271
-33.515198,149.523229,1,215.70059204101562,0.9670000672340393
-33.328038,148.198747,0,215.70059204101562,0.9670000672340393
-34.8353,149.573,1,215.70059204101562,0.9670000672340393
-38.192,146.469,1,192.0986328125,0.9070000648498535
-33.22385,148.499187,0,215.70059204101562,0.9670000672340393
-35.564377,149.198227,1,215.70059204101562,0.9670000672340393
-32.5719,148.985,1,215.70059204101562,0.9670000672340393
-33.801159,150.615418,1,215.70059204101562,0.9670000672340393
-32.203477,148.694312,0,215.70059204101562,0.9670000672340393
-34.396078,150.886277,1,215.70059204101562,0.9670000672340393
-33.774089,150.826451,1,215.70059204101562,0.9670000672340393
-36.544571,143.441069,0,228.79884338378906,0.9980000257492065
-36.978606,146.019306,0,203.10379028320312,0.9550000429153442
-32.264362,147.958605,0,215.70059204101562,0.9670000672340393
-37.361867,146.632931,0,186.29916381835938,0.7440000176429749
-37.0879,144.039,1,225.3979034423828,0.9780000448226929
-36.391984,145.2396,0,214.89901733398438,0.9880000352859497
-36.8618,149.021,1,215.70059204101562,0.9670000672340393
-35.95282,144.963051,1,219.99642944335938,1.00600004196167
-35.754449,150.199282,1,215.70059204101562,0.9670000672340393
-37.28034,144.148207,1,224.59768676757812,0.9910000562667847
-36.4324,146.236,1,206.49671936035156,0.9780000448226929
-33.741158,145.588285,0,215.8992919921875,0.9490000605583191
-35.149514,147.287662,1,193.5011444091797,1.0720000267028809
-34.509351,144.064069,1,223.30133056640625,0.9460000395774841
-37.409808,144.396624,1,223.5013885498047,0.9920000433921814
-36.785446,144.469792,1,224.90176391601562,0.9850000739097595
-36.1513,146.952,1,196.7980499267578,1.0940001010894775
-35.316,149.159,1,215.70059204101562,0.9670000672340393
-33.4691,145.537,1,215.0030517578125,0.9520000219345093
-35.4358,149.495,1,215.70059204101562,0.9670000672340393
-37.23377,144.094242,0,224.997802734375,0.987000048160553
-36.181233,148.519306,0,215.70059204101562,0.9670000672340393
-37.297159,143.785934,1,225.19784545898438,0.987000048160553
-35.518634,149.779265,1,215.70059204101562,0.9670000672340393
-35.528439,143.697794,0,231.19949340820312,0.9900000691413879
-34.338667,148.300612,1,215.70059204101562,0.9670000672340393
-36.691834,148.157375,0,215.70059204101562,0.9670000672340393
-36.0,146.4,1,206.2006378173828,0.9300000667572021
-38.114,146.439,1,191.300537109375,0.8380000591278076
-37.6784,144.882,1,216.8035430908203,0.9600000381469727
-35.855345,148.700789,0,215.70059204101562,0.9670000672340393
-35.7268,147.314,1,215.70059204101562,0.9670000672340393
-38.210831,145.10799,1,210.49781799316406,0.8980000615119934
-34.355606,145.287445,0,217.40371704101562,0.9490000605583191
-34.1039,150.749,1,215.70059204101562,0.9670000672340393
-37.950194,142.436332,0,223.39735412597656,0.9270000457763672
-33.699198,150.391723,1,215.70059204101562,0.9670000672340393
-37.376465,143.784168,1,224.90176391601562,0.9860000610351562
-34.931835,150.138452,0,215.70059204101562,0.9670000672340393
-35.533478,144.201753,1,224.3976287841797,0.987000048160553
-37.270953,147.483196,0,179.00115966796875,1.0410000085830688
-38.2249,144.321,1,219.30023193359375,0.9270000457763672
-36.32158,146.101838,0,208.20118713378906,0.921000063419342
-38.289027,143.216717,1,216.49916076660156,0.9540000557899475
-34.8556,149.147,1,215.70059204101562,0.9670000672340393
-33.361029,150.178786,1,215.70059204101562,0.9670000672340393
-33.1886,149.011,1,215.70059204101562,0.9670000672340393
-35.1177,147.976,1,215.70059204101562,0.9670000672340393
-36.1547,141.203766,0,237.0010986328125,0.9550000429153442
-35.947774,148.107104,0,215.70059204101562,0.9670000672340393
-34.069213,150.448232,1,215.70059204101562,0.9670000672340393
-37.050762,144.216125,1,225.19784545898438,0.9770000576972961
-37.117895,140.658632,0,240.89816284179688,0.9660000205039978
-37.684614,147.42836,0,179.69735717773438,1.0220000743865967
-34.072575,145.92831,0,213.40261840820312,0.9410000443458557
-35.4385,149.932,1,215.70059204101562,0.9670000672340393
-37.443585,149.550091,0,215.70059204101562,0.9670000672340393
-37.8694,145.455,1,205.09632873535156,0.8800000548362732
-37.27677,145.22972,1,212.00222778320312,0.9720000624656677
-32.266577,148.630859,1,215.70059204101562,0.9670000672340393
-33.702077,150.579305,1,215.70059204101562,0.9670000672340393
-35.625583,143.796123,0,230.90341186523438,0.9940000176429749
-38.491486,143.658453,1,215.70059204101562,0.9300000667572021
-35.725383,144.49989,0,222.90121459960938,1.002000093460083
-34.3327,150.563,1,215.70059204101562,0.9670000672340393
-33.718,150.968,1,215.70059204101562,0.9670000672340393
-34.564,150.833,1,215.70059204101562,0.9670000672340393
-37.493561,144.583508,1,221.30078125,0.9730000495910645
-33.4929,150.735,1,215.70059204101562,0.9670000672340393
-33.3667,150.709,1,215.70059204101562,0.9670000672340393
-34.531985,150.218016,1,215.70059204101562,0.9670000672340393
-34.29087,149.73676,1,215.70059204101562,0.9670000672340393
-34.170178,148.402451,0,215.70059204101562,0.9670000672340393
-37.286938,140.362866,0,242.40257263183594,0.9490000605583191
-34.5,150.2,1,215.70059204101562,0.9670000672340393
-35.775968,148.389791,0,215.70059204101562,0.9670000672340393
-37.887177,143.235552,1,218.99615478515625,0.9480000734329224
-36.09644,146.920894,1,197.5022430419922,1.0800000429153442
-37.6693,140.729,1,239.00164794921875,0.9550000429153442
-33.900153,149.43064,0,215.70059204101562,0.9670000672340393
-33.3,150.1,1,215.70059204101562,0.9670000672340393
-37.389138,144.320968,1,223.597412109375,0.9960000514984131
-37.538208,144.119951,1,223.70144653320312,0.9830000400543213
-37.705845,143.941053,1,223.1012725830078,0.9700000286102295
-38.06438,145.941447,1,192.3968505859375,0.7380000352859497
-33.412488,146.300719,0,206.10171508789062,0.9580000638961792
-36.3352,149.845,1,215.70059204101562,0.9670000672340393
-32.668384,148.439841,0,215.70059204101562,0.9670000672340393
-33.590861,150.169733,1,215.70059204101562,0.9670000672340393
-35.537687,149.66561,1,215.70059204101562,0.9670000672340393
-31.441584,148.681663,0,215.70059204101562,0.9670000672340393
-35.630473,145.743858,0,215.69924926757812,0.9510000348091125
-33.4559,150.722,1,215.70059204101562,0.9670000672340393
-37.170789,146.914554,0,186.80331420898438,0.940000057220459
-37.936284,145.481579,1,203.3038330078125,0.8760000467300415
-36.557726,146.077983,1,206.00057983398438,0.968000054359436
-33.8226,150.655,1,215.70059204101562,0.9670000672340393
-37.525309,140.244264,0,241.60235595703125,0.9360000491142273
-36.664052,144.245925,1,225.70199584960938,1.0120000839233398
-33.912683,151.019984,1,215.70059204101562,0.9670000672340393
-38.157001,147.084904,1,188.80386352539062,1.040000081062317
-37.825439,141.013383,0,235.80076599121094,0.9460000395774841
-36.911755,144.559807,0,224.59768676757812,0.9770000576972961
-32.450379,149.623741,0,215.70059204101562,0.9670000672340393
-38.205619,146.149931,1,194.00228881835938,0.7410000562667847
-36.8025,144.428,1,225.10182189941406,0.9850000739097595
-34.705771,149.81112,0,215.70059204101562,0.9670000672340393
-34.5762,146.814,1,199.50279235839844,0.9820000529289246
-34.792667,146.263166,0,209.40151977539062,0.9480000734329224
-35.526821,145.430012,0,217.00360107421875,0.9820000529289246
-37.731544,146.536417,0,188.80386352539062,0.8170000314712524
-38.326074,143.262759,0,216.10391235351562,0.9570000171661377
-35.2827,149.107,1,215.70059204101562,0.9670000672340393
-36.812789,141.881865,0,230.7993927001953,0.9470000267028809
-38.167671,145.543537,1,204.400146484375,0.9290000200271606
-34.65033,150.521285,1,215.70059204101562,0.9670000672340393
-34.435862,144.883076,0,217.80381774902344,0.9550000429153442
-38.23465,144.391667,1,219.1001739501953,0.940000057220459
-37.5453,143.683,1,222.197021484375,0.9790000319480896
-33.5453,150.81,1,215.70059204101562,0.9670000672340393
-36.24017,149.118777,1,215.70059204101562,0.9670000672340393
-37.812307,141.76558,0,229.10292053222656,0.9260000586509705
-37.712327,145.292288,1,207.8010711669922,0.8910000324249268
-38.1464,147.047395,1,188.80386352539062,1.034000039100647
-33.6875,150.55,1,215.70059204101562,0.9670000672340393
-37.2368,145.902,1,198.5025177001953,0.8210000395774841
-31.763543,148.486396,1,215.70059204101562,0.9670000672340393
-37.733192,147.673341,1,181.4978485107422,1.1570000648498535
-35.958076,143.178584,0,232.30380249023438,1.0290000438690186
-33.901304,151.019766,0,215.70059204101562,0.9670000672340393
-34.440704,150.82421,1,215.70059204101562,0.9670000672340393
-36.562708,144.793594,0,219.70034790039062,0.987000048160553
-38.39434,143.856399,1,216.29751586914062,0.9170000553131104
-33.780003,150.722121,1,215.70059204101562,0.9670000672340393
-34.495577,150.77499,1,215.70059204101562,0.9670000672340393
-35.8551,147.284,1,215.70059204101562,0.9670000672340393
-34.496053,150.777087,1,215.70059204101562,0.9670000672340393
-34.050573,151.085601,1,215.70059204101562,0.9670000672340393
-34.324703,149.801033,0,215.70059204101562,0.9670000672340393
-38.041144,141.004403,1,235.6967315673828,0.968000054359436
-38.373792,145.839759,0,198.003173828125,0.7520000338554382
-37.6734,144.894,1,216.8035430908203,0.9600000381469727
-35.314619,148.874214,1,215.70059204101562,0.9670000672340393
-36.8757,147.049919,0,191.300537109375,1.0470000505447388
-37.564208,144.419056,0,222.50111389160156,0.9790000319480896
-34.6817,150.212,1,215.70059204101562,0.9670000672340393
-38.0531,144.043,1,221.19674682617188,0.9550000429153442
-33.949316,144.723368,0,217.89984130859375,0.9410000443458557
-35.785202,147.955354,1,215.70059204101562,0.9670000672340393
-33.342992,149.319629,1,215.70059204101562,0.9670000672340393
-33.592879,148.616787,1,215.70059204101562,0.9670000672340393
-35.0533,146.176,1,210.49781799316406,0.9530000686645508
-37.597897,144.232943,1,223.597412109375,0.9720000624656677
-37.842924,143.307626,0,218.7000732421875,0.9490000605583191
-37.8307,144.904,1,216.20338439941406,0.968000054359436
-32.165253,147.889192,1,215.70059204101562,0.9670000672340393
-34.5331,146.427,1,206.49671936035156,0.9280000329017639
-38.4665,145.444,1,203.49630737304688,0.8970000147819519
-37.0985,140.716,1,240.4020233154297,0.9590000510215759
-33.9375,150.894,1,215.70059204101562,0.9670000672340393
-37.732117,145.43925,1,203.10379028320312,0.8220000267028809
-36.033765,146.985372,1,196.59799194335938,1.1160000562667847
-34.9386,150.769,1,215.70059204101562,0.9670000672340393
-36.9153,149.815,1,215.70059204101562,0.9670000672340393
-32.55949,148.958029,1,215.70059204101562,0.9670000672340393
-37.401613,149.036696,0,215.70059204101562,0.9670000672340393
-35.1736,149.272,1,215.70059204101562,0.9670000672340393
-36.138413,141.655788,0,234.40037536621094,0.987000048160553
-36.637203,142.0361,0,231.30352783203125,0.9700000286102295
-32.387387,147.495633,0,215.70059204101562,0.9670000672340393
-32.047109,149.252024,1,215.70059204101562,0.9670000672340393
-37.9745,147.022,1,187.00335693359375,1.0160000324249268
-37.579395,143.884097,1,223.39735412597656,0.9820000529289246
-37.597028,144.237117,1,223.597412109375,0.9720000624656677
-37.260928,146.651535,0,189.39602661132812,0.8610000610351562
-33.7472,150.448,1,215.70059204101562,0.9670000672340393
-32.772618,148.664908,0,215.70059204101562,0.9670000672340393
-37.91314,143.360271,1,218.00387573242188,0.9540000557899475
-38.361145,144.924379,1,213.09852600097656,0.9360000491142273
-37.950809,143.589598,1,218.7960968017578,0.9550000429153442
-34.611623,149.012715,0,215.70059204101562,0.9670000672340393
-31.2716,149.278,1,215.70059204101562,0.9670000672340393
-36.584235,142.718218,0,228.5027618408203,0.9920000433921814
-35.508207,143.876461,1,230.1031951904297,0.987000048160553
-36.989782,143.824413,0,226.50221252441406,0.9850000739097595
-36.6245,144.364,1,224.79774475097656,0.9910000562667847
-33.910211,144.512694,0,219.5963134765625,0.9440000653266907
-33.063874,147.723348,0,215.70059204101562,0.9670000672340393
-34.674288,150.58479,1,215.70059204101562,0.9670000672340393
-37.692668,143.925817,1,222.99725341796875,0.9770000576972961
-38.242429,146.191066,0,194.5023956298828,0.8030000329017639
-35.284438,142.419422,0,237.60125732421875,0.9740000367164612
-35.210052,147.381231,1,192.700927734375,1.0910000801086426
-37.479126,145.04763,1,214.40289306640625,0.9750000238418579
-38.216304,142.419905,0,222.59713745117188,0.921000063419342
-36.451781,143.329433,0,228.90286254882812,1.0150001049041748
-34.30351,150.933501,1,215.70059204101562,0.9670000672340393
-33.624473,146.597791,0,202.103515625,0.9880000352859497
-32.650863,149.482714,0,215.70059204101562,0.9670000672340393
-34.943857,149.250255,1,215.70059204101562,0.9670000672340393
-36.73486,149.085416,0,215.70059204101562,0.9670000672340393
-38.3982,144.846,1,212.29830932617188,0.9330000281333923
-34.4717,150.846,1,215.70059204101562,0.9670000672340393
-37.767599,143.762385,1,221.3968048095703,0.9730000495910645
-32.970044,146.419758,0,201.19741821289062,0.9740000367164612
-37.6136,144.542,1,221.70089721679688,0.9640000462532043
-32.687423,147.419898,0,215.70059204101562,0.9670000672340393
-34.736572,150.534642,1,215.70059204101562,0.9670000672340393
-33.547071,149.814733,0,215.70059204101562,0.9670000672340393
-32.951275,149.196288,0,215.70059204101562,0.9670000672340393
-36.452057,145.230445,1,215.0990753173828,0.987000048160553
-34.698454,147.954418,0,215.70059204101562,0.9670000672340393
-35.4742,149.793,1,215.70059204101562,0.9670000672340393
-33.305294,148.926012,1,215.70059204101562,0.9670000672340393
-35.471294,149.928127,1,215.70059204101562,0.9670000672340393
-37.965654,146.308104,0,193.59716796875,0.8680000305175781
-34.426918,150.509972,1,215.70059204101562,0.9670000672340393
-37.001808,144.664759,1,222.701171875,0.9750000238418579
-34.09613,150.976224,1,215.70059204101562,0.9670000672340393
-32.258827,148.58487,1,215.70059204101562,0.9670000672340393
-35.272249,147.745144,1,215.70059204101562,0.9670000672340393
-35.366607,143.572708,0,233.20004272460938,0.9830000400543213
-37.785,147.77,1,215.70059204101562,0.9670000672340393
-36.817861,147.321781,1,188.29971313476562,1.0640000104904175
-32.754886,148.922129,0,215.70059204101562,0.9670000672340393
-37.580106,141.399294,1,231.70364379882812,0.9140000343322754
-32.349875,148.766605,0,215.70059204101562,0.9670000672340393
-34.281518,143.998111,0,223.39735412597656,0.9420000314712524
-37.091156,142.737702,1,224.3976287841797,0.9810000658035278
-35.581418,144.692801,0,219.79637145996094,0.9980000257492065
-33.9414,151.038,1,215.70059204101562,0.9670000672340393
-38.402012,145.916525,1,198.19674682617188,0.7520000338554382
-33.493712,146.253708,0,204.80303955078125,0.8890000581741333
-34.223415,150.559414,1,215.70059204101562,0.9670000672340393
-33.715459,150.909579,1,215.70059204101562,0.9670000672340393
-36.031308,146.623079,1,203.70394897460938,1.0170000791549683
-33.945275,148.337256,0,215.70059204101562,0.9670000672340393
-37.228748,148.817753,0,215.70059204101562,0.9670000672340393
-33.779141,150.708837,1,215.70059204101562,0.9670000672340393
-39.024174,146.436061,0,190.7999725341797,0.9490000605583191
-34.918732,150.644281,1,215.70059204101562,0.9670000672340393
-33.65879,149.534082,0,215.70059204101562,0.9670000672340393
-37.436571,144.666422,1,220.9967041015625,0.9810000658035278
-37.790941,146.36615,0,190.30026245117188,0.8160000443458557
-37.940675,145.443539,1,205.09632873535156,0.8870000243186951
-36.8078,142.240973,1,229.7991180419922,0.971000075340271
-37.309795,142.735283,1,223.19729614257812,0.9810000658035278
-36.292137,146.902272,1,195.99783325195312,1.0200001001358032
-33.340576,148.078118,1,215.70059204101562,0.9670000672340393
-37.7149,144.586,1,220.59658813476562,0.9600000381469727
-37.608002,145.269874,1,210.40179443359375,0.9410000443458557
-32.880595,149.715417,0,215.70059204101562,0.9670000672340393
-37.014583,147.88878,0,215.70059204101562,0.9670000672340393
-34.8586,147.512,1,188.2036895751953,1.0120000839233398
-33.9189,150.909,1,215.70059204101562,0.9670000672340393
-33.037354,149.407112,1,215.70059204101562,0.9670000672340393
-36.534777,146.615804,0,198.79859924316406,0.9410000443458557
-34.493781,150.766503,1,215.70059204101562,0.9670000672340393
-38.098322,145.91638,0,190.1002197265625,0.675000011920929
-37.6419,145.205,1,211.40206909179688,0.9410000443458557
-36.798904,146.428141,1,197.70230102539062,0.8200000524520874
-35.360638,149.639181,0,215.70059204101562,0.9670000672340393
-34.945326,142.770914,0,238.60153198242188,0.9700000286102295
-36.644795,147.121404,1,192.3968505859375,1.1130000352859497
-38.372175,142.876509,0,218.0998992919922,0.9450000524520874
-35.084315,143.716772,0,230.50331115722656,0.9760000705718994
-35.030242,143.513482,0,233.60015869140625,0.9670000672340393
-37.191576,140.898267,0,236.80104064941406,0.940000057220459
-33.61222,147.883155,0,215.70059204101562,0.9670000672340393
-36.812941,140.824731,0,240.498046875,0.9810000658035278
-37.167536,143.32805,0,223.99752807617188,0.9970000386238098
-34.737,149.905,1,215.70059204101562,0.9670000672340393
-36.3752,146.329,1,206.40069580078125,0.9660000205039978
-36.95001,145.98874,0,203.3038330078125,0.9470000267028809
-32.6,149.6,1,215.70059204101562,0.9670000672340393
-36.684972,141.714062,0,232.5038604736328,0.956000030040741
-37.0571,147.782,1,181.6018829345703,1.162000060081482
-37.9203,145.453,1,205.09632873535156,0.8870000243186951
-34.1951,150.983,1,215.70059204101562,0.9670000672340393
-37.276794,145.229671,1,212.00222778320312,0.9720000624656677
-33.2876,148.741,1,215.70059204101562,0.9670000672340393
-33.131259,147.705848,0,215.70059204101562,0.9670000672340393
-35.7174,150.181,1,215.70059204101562,0.9670000672340393
-33.734123,145.665611,0,215.0030517578125,0.9480000734329224
-36.849317,143.738254,1,226.99835205078125,0.9980000257492065
-37.53,145.336,1,210.00167846679688,0.937000036239624
-33.950897,150.910347,1,215.70059204101562,0.9670000672340393
-34.53461,145.660413,1,216.09934997558594,0.9430000185966492
-38.115192,147.024559,1,188.00363159179688,1.0250000953674316
-37.182287,149.042986,0,215.70059204101562,0.9670000672340393
-33.70813,149.215745,1,215.70059204101562,0.9670000672340393
-37.639,145.186,1,211.898193359375,0.9570000171661377
-37.3234,145.861,1,200.30300903320312,0.8770000338554382
-32.775946,147.978962,0,215.70059204101562,0.9670000672340393
-37.9365,146.676,1,188.80386352539062,0.9230000376701355
-37.2258,144.316,1,223.9014892578125,0.9920000433921814
-37.648064,144.862061,1,216.89956665039062,0.9690000414848328
-34.667145,150.278465,1,215.70059204101562,0.9670000672340393
-35.55633,142.130605,0,235.09657287597656,0.9720000624656677
-36.668,142.143,1,230.90341186523438,0.971000075340271
-33.339471,148.824742,0,215.70059204101562,0.9670000672340393
-34.7126,149.755,1,215.70059204101562,0.9670000672340393
-36.7059,146.287,1,204.00003051757812,0.9820000529289246
-35.425113,150.034581,0,215.70059204101562,0.9670000672340393
-38.046417,145.178685,0,212.09825134277344,0.9530000686645508
-37.892764,144.219014,1,221.90093994140625,0.9540000557899475
-38.185217,144.426257,1,219.39625549316406,0.9440000653266907
-36.255267,144.575779,1,223.1012725830078,1.0010000467300415
-34.475742,150.834545,1,215.70059204101562,0.9670000672340393
-37.881504,144.79629,1,218.29995727539062,0.9760000705718994
-33.7914,148.418,1,215.70059204101562,0.9670000672340393
-33.683,147.536,1,186.69927978515625,1.152999997138977
-33.234237,150.028219,1,215.70059204101562,0.9670000672340393
-35.250661,149.174295,1,215.70059204101562,0.9670000672340393
-33.17457,150.238006,1,215.70059204101562,0.9670000672340393
-37.7788,145.049,1,214.0988006591797,0.9650000333786011
-36.5971,143.938,1,228.10264587402344,1.00600004196167
-38.1305,146.153,1,189.7029571533203,0.6620000600814819
-35.477423,148.819621,1,215.70059204101562,0.9670000672340393
-34.667279,148.642352,0,215.70059204101562,0.9670000672340393
-32.194038,148.900232,1,215.70059204101562,0.9670000672340393
-36.413236,147.197366,0,192.50086975097656,1.1480000019073486
-34.5153,144.84,1,218.2039337158203,0.956000030040741
-38.72817,143.697695,1,214.99884033203125,0.9580000638961792
-33.769051,150.645552,1,215.70059204101562,0.9670000672340393
-37.533109,149.186688,0,215.70059204101562,0.9670000672340393
-38.333232,145.519017,0,204.3997344970703,0.9200000166893005
-37.5921,143.713,1,221.99697875976562,0.9700000286102295
-35.074774,148.885033,0,215.70059204101562,0.9670000672340393
-33.82497,150.975309,1,215.70059204101562,0.9670000672340393
-38.257927,144.551166,1,217.89984130859375,0.9330000281333923
-33.7361,150.189,1,215.70059204101562,0.9670000672340393
-38.341166,147.173891,0,190.9964599609375,1.0940001010894775
-35.332708,150.093547,0,215.70059204101562,0.9670000672340393
-35.166584,148.889,1,215.70059204101562,0.9670000672340393
-38.3055,146.426,1,191.70339965820312,0.862000048160553
-34.826391,150.367575,0,215.70059204101562,0.9670000672340393
-32.268649,148.63095,1,215.70059204101562,0.9670000672340393
-35.613387,145.22445,0,218.2039337158203,0.9910000562667847
-37.258741,143.596972,0,224.3976287841797,0.984000027179718
-36.975776,144.184286,1,225.99807739257812,0.9770000576972961
-37.770778,145.102151,1,214.00277709960938,0.984000027179718
-34.313914,150.522311,1,215.70059204101562,0.9670000672340393
-35.858211,149.006236,1,215.70059204101562,0.9670000672340393
-37.468537,143.009414,0,220.9967041015625,0.9910000562667847
-35.5404,144.985,1,218.50001525878906,0.9900000691413879
-37.9798,145.326,1,208.60128784179688,0.940000057220459
-37.735596,144.758475,1,219.5002899169922,0.984000027179718
-36.526185,146.120193,1,204.89627075195312,0.9220000505447388
-36.784045,146.483203,0,197.1981658935547,0.831000030040741
-33.199061,149.730741,0,215.70059204101562,0.9670000672340393
-37.493681,144.583405,1,221.30078125,0.9730000495910645
-35.537613,149.66066,1,215.70059204101562,0.9670000672340393
-36.931648,145.18779,0,213.2025604248047,0.9940000176429749
-33.674057,149.044364,1,215.70059204101562,0.9670000672340393
-36.891,149.594408,1,215.70059204101562,0.9670000672340393
-37.621423,145.869964,0,200.59909057617188,0.937000036239624
-37.242439,145.162872,1,213.40261840820312,0.9820000529289246
-33.6788,150.869,1,215.70059204101562,0.9670000672340393
-33.31698,146.676682,0,198.1984405517578,0.9960000514984131
-37.287244,143.712779,0,224.70172119140625,0.9860000610351562
-35.80723,150.22403,1,215.70059204101562,0.9670000672340393
-36.073558,141.244107,0,237.0010986328125,0.9620000720024109
-34.380642,143.802094,1,226.99835205078125,0.9540000557899475
-36.888564,144.186012,0,226.39817810058594,0.9850000739097595
-37.479428,143.809308,1,224.3976287841797,0.984000027179718
-34.807617,144.50115,0,218.50001525878906,0.9660000205039978
-34.34553,146.801666,0,199.50279235839844,0.987000048160553
-34.8987,149.166,1,215.70059204101562,0.9670000672340393
-37.116952,147.322966,0,183.29833984375,1.0250000953674316
-35.3637,149.112,1,215.70059204101562,0.9670000672340393
-33.667844,144.725217,0,219.1001739501953,0.9360000491142273
-33.492481,150.148636,1,215.70059204101562,0.9670000672340393
-37.7561,144.878,1,217.09962463378906,0.9630000591278076
-37.606034,141.465348,0,231.19949340820312,0.9120000600814819
-37.491539,144.579276,1,221.7969207763672,0.9810000658035278
-35.869436,150.060743,1,215.70059204101562,0.9670000672340393
-37.10308,144.004462,0,225.59796142578125,0.9780000448226929
-35.878106,150.086919,1,215.70059204101562,0.9670000672340393
-34.0569,151.076,1,215.70059204101562,0.9670000672340393
-36.1,147.0,1,196.30191040039062,1.1120001077651978
-34.430017,147.959249,0,215.70059204101562,0.9670000672340393
-38.466571,143.298256,0,215.6038055419922,0.9350000619888306
-33.755367,147.356062,0,187.40347290039062,1.096000075340271
-38.368404,145.706126,1,200.3988494873047,0.8680000305175781
-35.192443,148.727833,0,215.70059204101562,0.9670000672340393
-34.7845,150.62,1,215.70059204101562,0.9670000672340393
-37.470184,143.713661,0,224.10154724121094,0.9800000190734863
-38.2919,145.007,1,213.2025604248047,0.9700000286102295
-34.271,144.012,1,223.39735412597656,0.9420000314712524
-36.132381,147.693056,0,215.70059204101562,0.9670000672340393
-36.1758,147.558,1,190.5003204345703,1.1500000953674316
-37.4794,143.805,1,224.3976287841797,0.984000027179718
-37.962311,140.643216,0,238.40147399902344,0.9830000400543213
-34.066971,150.76986,1,215.70059204101562,0.9670000672340393
-38.2894,143.833,1,216.29940795898438,0.9260000586509705
-36.2538,147.07,1,194.9015350341797,1.1100000143051147
-37.161926,144.214368,1,224.79774475097656,0.987000048160553
-36.0805,146.727,1,202.39959716796875,1.058000087738037
-38.4087,145.536,1,204.1980743408203,0.9270000457763672
-36.3877,149.894,1,215.70059204101562,0.9670000672340393
-33.963266,151.045498,1,215.70059204101562,0.9670000672340393
-35.218943,150.462038,1,215.70059204101562,0.9670000672340393
-33.9,149.4,1,215.70059204101562,0.9670000672340393
-37.883139,142.221346,0,224.70172119140625,0.9270000457763672
-33.5305,149.713,1,215.70059204101562,0.9670000672340393
-32.84428,148.941501,0,215.70059204101562,0.9670000672340393
-35.4461,144.715,1,219.39625549316406,0.987000048160553
-35.197878,146.260919,0,209.69760131835938,0.9180000424385071
-36.483049,147.423664,0,189.20396423339844,1.1630001068115234
-33.603812,150.730698,0,215.70059204101562,0.9670000672340393
-36.551216,143.52096,0,228.79884338378906,0.9950000643730164
-36.468012,145.038761,0,217.2996826171875,0.987000048160553
-34.5823,150.411244,1,215.70059204101562,0.9670000672340393
-32.30729,149.572282,1,215.70059204101562,0.9670000672340393
-35.648709,143.377158,0,234.40037536621094,1.002000093460083
-33.6075,150.741,1,215.70059204101562,0.9670000672340393
-34.712132,149.548478,1,215.70059204101562,0.9670000672340393
-37.809878,145.09097,1,213.80271911621094,0.9740000367164612
-31.707572,148.679105,1,215.70059204101562,0.9670000672340393
-35.437127,146.096141,0,211.60211181640625,0.9230000376701355
-35.3166,149.396,1,215.70059204101562,0.9670000672340393
-34.796947,144.294672,0,220.90066528320312,0.9590000510215759
-35.740355,145.1567,0,217.80381774902344,0.9940000176429749
-38.111445,144.041439,0,220.59658813476562,0.9490000605583191
-33.674432,148.90903,1,215.70059204101562,0.9670000672340393
-38.384026,145.140669,1,208.60128784179688,0.8730000257492065
-38.187261,144.421053,0,219.39625549316406,0.9440000653266907
-37.0185,144.784,1,219.99642944335938,0.9800000190734863
-33.702204,150.579288,1,215.70059204101562,0.9670000672340393
-37.9584,145.029,1,214.40289306640625,0.9810000658035278
-38.214613,147.227272,0,188.00363159179688,1.0820000171661377
-32.297026,149.129037,0,215.70059204101562,0.9670000672340393
-37.857582,141.500679,0,230.59933471679688,0.9130000472068787
-37.514171,144.689234,0,220.79664611816406,0.9690000414848328
-38.256847,144.548946,1,217.89984130859375,0.9330000281333923
-38.037811,143.134725,1,217.80381774902344,0.9330000281333923
-37.9504,147.09,1,186.09912109375,1.0250000953674316
-36.052856,146.982562,1,196.7020263671875,1.1180000305175781
-33.052119,147.349045,0,186.80331420898438,1.1420000791549683
-36.154831,144.02378,0,228.70281982421875,1.0120000839233398
-37.5819,140.318,1,240.4020233154297,0.9410000443458557
-35.030643,149.007263,1,215.70059204101562,0.9670000672340393
-36.0,146.3,1,210.2017364501953,0.9490000605583191
-38.1824,145.948,1,188.09967041015625,0.6170000433921814
-34.621582,149.966214,1,215.70059204101562,0.9670000672340393
-36.337,144.013,1,228.59878540039062,1.0090000629425049
-37.5178,145.115,1,212.29830932617188,0.9590000510215759
-34.6168,147.711,1,185.4989471435547,1.058000087738037
-37.5732,144.716,1,219.70034790039062,0.971000075340271
-36.273827,145.434573,1,214.698974609375,0.9780000448226929
-33.7176,150.348,1,215.70059204101562,0.9670000672340393
-37.743696,149.074383,0,215.70059204101562,0.9670000672340393
-35.761133,148.575794,1,215.70059204101562,0.9670000672340393
-36.6906,149.884,1,215.70059204101562,0.9670000672340393
-36.446257,141.876178,0,231.9036865234375,0.9670000672340393
-38.195128,144.686678,1,217.89984130859375,0.9770000576972961
-36.423351,149.934831,1,215.70059204101562,0.9670000672340393
-35.5467,144.965,1,219.1001739501953,0.9900000691413879
-32.242676,148.296144,1,215.70059204101562,0.9670000672340393
-33.839418,150.922917,1,215.70059204101562,0.9670000672340393
-33.314334,149.869425,1,215.70059204101562,0.9670000672340393
-37.573197,143.980092,0,223.70144653320312,0.9810000658035278
-36.347409,149.212348,1,215.70059204101562,0.9670000672340393
-33.658608,149.755066,0,215.70059204101562,0.9670000672340393
-34.683635,149.075905,1,215.70059204101562,0.9670000672340393
-34.1766,151.056,1,215.70059204101562,0.9670000672340393
-34.103242,148.880089,1,215.70059204101562,0.9670000672340393
-37.124678,148.178308,0,215.70059204101562,0.9670000672340393
-34.418669,147.425941,0,190.79640197753906,1.0390000343322754
-38.2259,144.518,1,218.7000732421875,0.937000036239624
-33.335212,147.531745,0,215.70059204101562,0.9670000672340393
-34.6293,150.351,1,215.70059204101562,0.9670000672340393
-37.855932,145.811684,1,201.10324096679688,0.9260000586509705
-34.341,148.317,1,215.70059204101562,0.9670000672340393
-37.770289,141.375257,0,231.99972534179688,0.9270000457763672
-37.8885,145.381,1,206.0966033935547,0.8740000128746033
-37.046527,149.914319,1,215.70059204101562,0.9670000672340393
-37.386497,144.3204,1,223.597412109375,0.9960000514984131
-37.836918,145.329378,1,209.2974853515625,0.956000030040741
-33.524261,150.624139,1,215.70059204101562,0.9670000672340393
-36.438549,141.390146,0,235.296630859375,0.971000075340271
-35.272423,147.739756,0,215.70059204101562,0.9670000672340393
-32.301182,149.649821,0,215.70059204101562,0.9670000672340393
-37.861722,145.523611,1,204.29611206054688,0.8980000615119934
-34.550036,149.33799,0,215.70059204101562,0.9670000672340393
-36.09946,146.949225,1,196.50196838378906,1.0980000495910645
-38.041228,146.214764,0,191.30007934570312,0.7450000643730164
-35.210897,149.080897,1,215.70059204101562,0.9670000672340393
-37.19351,146.335223,0,197.5022430419922,0.9150000214576721
-32.9034,148.894,1,215.70059204101562,0.9670000672340393
-37.275752,144.7373,1,220.3965301513672,0.9890000224113464
-34.857,149.944,1,215.70059204101562,0.9670000672340393
-34.831747,149.295606,0,215.70059204101562,0.9670000672340393
-33.917133,150.315888,0,215.70059204101562,0.9670000672340393
-36.5977,150.017,1,215.70059204101562,0.9670000672340393
-33.697303,150.908792,1,215.70059204101562,0.9670000672340393
-38.209384,145.418697,0,207.40097045898438,0.9580000638961792
-35.106379,148.702671,0,215.70059204101562,0.9670000672340393
-36.3191,141.705,1,233.896240234375,0.9980000257492065
-38.22729,146.396579,1,193.0020751953125,0.8560000658035278
-34.2559,150.869,1,215.70059204101562,0.9670000672340393
-36.936377,142.468156,0,226.59823608398438,0.9780000448226929
-37.150566,142.848665,1,223.5013885498047,0.9590000510215759
-37.3612,144.463,1,223.19729614257812,0.9920000433921814
-36.890389,149.596381,1,215.70059204101562,0.9670000672340393
-38.3,144.2,1,220.10044860839844,0.9470000267028809
-37.772797,145.255216,1,209.00140380859375,0.9020000696182251
-36.456818,149.853912,1,215.70059204101562,0.9670000672340393
-36.987481,142.432752,1,226.99835205078125,0.9780000448226929
-38.099,145.72,1,202.1995391845703,0.9540000557899475
-38.547,143.106,1,216.29751586914062,0.9480000734329224
-37.155459,146.309126,0,198.79859924316406,0.9330000281333923
-35.0391,150.465,1,215.70059204101562,0.9670000672340393
-34.405971,150.819005,1,215.70059204101562,0.9670000672340393
-35.374522,143.648406,0,231.70364379882812,0.987000048160553
-33.755438,150.623279,1,215.70059204101562,0.9670000672340393
-35.192039,144.890267,0,218.7960968017578,0.984000027179718
-32.715834,146.252903,0,202.99620056152344,0.9690000414848328
-33.9599,150.957,1,215.70059204101562,0.9670000672340393
-33.767196,150.6296,1,215.70059204101562,0.9670000672340393
-36.4,144.8,1,219.39625549316406,0.9970000386238098
-35.669063,142.000405,0,234.89651489257812,0.9920000433921814
-36.3605,145.412,1,213.80271911621094,0.9770000576972961
-33.4362,149.566,1,215.70059204101562,0.9670000672340393
-36.445,147.067,1,193.99728393554688,1.1130000352859497
-34.716457,149.668132,0,215.70059204101562,0.9670000672340393
-38.201852,141.772623,1,227.70254516601562,0.9130000472068787
-37.321903,147.643616,0,179.49729919433594,1.1050000190734863
-37.215645,146.883465,0,182.80221557617188,0.737000048160553
-34.577175,150.388108,0,215.70059204101562,0.9670000672340393
-34.5765,150.745,1,215.70059204101562,0.9670000672340393
-34.74029,143.66733,0,230.703369140625,0.9730000495910645
-38.170298,145.919317,1,188.09967041015625,0.6190000176429749
-36.145187,147.767888,0,215.70059204101562,0.9670000672340393
-34.185992,147.04078,0,195.39767456054688,1.0420000553131104
-36.442642,141.743834,0,233.0960235595703,0.9780000448226929
-36.291416,144.798941,1,220.10044860839844,1.0
-35.982422,147.043755,1,215.70059204101562,0.9670000672340393
-33.311124,147.200665,0,188.2036895751953,1.1050000190734863
-37.1985,143.751,1,225.19784545898438,0.9880000352859497
-35.560459,145.704551,0,215.60321044921875,0.9610000252723694
-34.795439,150.547469,1,215.70059204101562,0.9670000672340393
-35.166656,148.888973,1,215.70059204101562,0.9670000672340393
-37.406059,142.485835,0,223.597412109375,0.9820000529289246
-38.109756,143.852961,1,218.59603881835938,0.9480000734329224
-35.908626,144.725162,0,221.90093994140625,1.0
-35.606238,149.89648,0,215.70059204101562,0.9670000672340393
-37.701566,144.703534,0,220.19647216796875,0.9770000576972961
-37.171195,143.928064,0,225.19784545898438,0.9850000739097595
-33.3432,149.01,1,215.70059204101562,0.9670000672340393
-37.965988,141.421154,0,230.7993927001953,0.9280000329017639
-34.239075,150.914505,1,215.70059204101562,0.9670000672340393
-32.149665,149.658137,0,215.70059204101562,0.9670000672340393
-32.311142,148.756577,0,215.70059204101562,0.9670000672340393
-38.329565,142.411594,0,222.30105590820312,0.9360000491142273
-36.506012,148.301778,1,215.70059204101562,0.9670000672340393
-35.177925,147.36585,1,192.50086975097656,1.0860000848770142
-37.3942,144.265,1,223.70144653320312,0.9900000691413879
-34.934218,144.921261,0,217.80381774902344,0.9740000367164612
-37.4533,143.863813,1,224.19757080078125,0.9780000448226929
-37.348999,144.750671,1,220.30050659179688,0.9770000576972961
-34.597883,149.367988,0,215.70059204101562,0.9670000672340393
-36.2489,147.037,1,195.10159301757812,1.1040000915527344
-33.614274,145.815704,0,214.40289306640625,0.9480000734329224
-37.298869,147.681303,0,179.49729919433594,1.1290000677108765
-36.32,146.685,1,201.39932250976562,1.0329999923706055
-37.5318,143.65,1,222.7971954345703,0.9770000576972961
-37.6858,144.775,1,218.59603881835938,0.9770000576972961
-34.801116,145.191297,0,218.0998992919922,0.9670000672340393
-37.5013,144.676,1,220.79664611816406,0.9690000414848328
-36.9046,142.659,1,225.7980194091797,0.968000054359436
-33.24952,147.402347,0,215.70059204101562,0.9670000672340393
-34.818298,150.492389,1,215.70059204101562,0.9670000672340393
-34.639129,150.851404,1,215.70059204101562,0.9670000672340393
-35.895558,146.203361,0,211.40206909179688,0.9450000524520874
-33.182308,146.742493,0,195.39767456054688,1.0240000486373901
-37.538496,149.857655,1,215.70059204101562,0.9670000672340393
-36.193719,146.610883,1,203.39987182617188,1.0329999923706055
-34.491054,150.819805,1,215.70059204101562,0.9670000672340393
-37.377355,144.90616,0,217.40371704101562,0.9750000238418579
-31.7051,148.639,1,215.70059204101562,0.9670000672340393
-37.9584,145.028,1,214.40289306640625,0.9810000658035278
-36.1146,143.727,1,230.99945068359375,1.0110000371932983
-38.4893,142.981,1,215.8032684326172,0.9430000185966492
-33.348797,147.008934,0,190.9004364013672,1.0640000104904175
-37.807511,145.263644,1,209.09742736816406,0.9180000424385071
-37.422621,143.896475,1,224.70172119140625,0.9810000658035278
-38.285217,143.645326,0,215.70059204101562,0.9310000538825989
-33.690605,147.222499,0,189.90016174316406,1.0860000848770142
-38.356,144.949,1,214.29885864257812,0.9910000562667847
-32.919286,147.167515,0,188.09967041015625,1.1150000095367432
-38.156995,147.084556,1,188.80386352539062,1.040000081062317
-37.690517,142.804846,0,221.30078125,0.9480000734329224
-36.058331,146.976886,1,196.59799194335938,1.1019999980926514
-37.550934,144.725078,1,219.70034790039062,0.971000075340271
-34.0034,151.072,1,215.70059204101562,0.9670000672340393
-36.243151,148.028463,0,215.70059204101562,0.9670000672340393
-33.626311,150.279295,1,215.70059204101562,0.9670000672340393
-37.916357,144.726361,0,219.5002899169922,0.9810000658035278
-36.4526,148.494,1,215.70059204101562,0.9670000672340393
-35.526743,150.37288,0,215.70059204101562,0.9670000672340393
-36.123075,141.035935,0,239.00164794921875,0.9440000653266907
-34.753303,143.092769,0,238.00137329101562,0.9620000720024109
-38.148,145.209,1,210.60183715820312,0.9540000557899475
-35.088739,150.80019,1,215.70059204101562,0.9670000672340393
-35.3209,148.863,1,215.70059204101562,0.9670000672340393
-37.838,147.92,1,215.70059204101562,0.9670000672340393
-36.407222,149.911374,0,215.70059204101562,0.9670000672340393
-38.196365,145.230804,1,210.6978759765625,0.9450000524520874
-32.890401,148.873514,0,215.70059204101562,0.9670000672340393
-33.493,150.735,1,215.70059204101562,0.9670000672340393
-34.611084,146.595593,0,203.19981384277344,0.9430000185966492
-36.32077,146.301357,1,206.69677734375,0.9430000185966492
-33.610363,145.980052,0,212.99839782714844,0.9480000734329224
-37.472412,143.947709,0,224.90176391601562,0.9820000529289246
-37.212548,140.80116,0,238.49749755859375,0.9510000348091125
-37.713074,144.991964,1,214.60293579101562,0.9670000672340393
-35.343,149.720519,0,215.70059204101562,0.9670000672340393
-37.889352,146.756766,1,187.39599609375,0.9080000519752502
-34.5927,150.523,1,215.70059204101562,0.9670000672340393
-36.553127,145.986472,1,205.40042114257812,0.9540000557899475
-37.3394,144.235,1,223.99752807617188,0.9890000224113464
-38.080216,146.514429,0,192.50086975097656,0.9360000491142273
-35.503423,148.918174,1,215.70059204101562,0.9670000672340393
-35.710215,149.647795,0,215.70059204101562,0.9670000672340393
-36.8724,144.795,1,219.900390625,0.9660000205039978
-37.0508,146.627,1,191.7966766357422,0.812000036239624
-34.034107,144.260377,0,220.79664611816406,0.9420000314712524
-31.506513,149.44712,0,215.70059204101562,0.9670000672340393
-35.344712,145.47616,0,216.89956665039062,0.9790000319480896
-32.258802,148.585002,1,215.70059204101562,0.9670000672340393
-38.471963,143.175834,0,216.797607421875,0.9420000314712524
-36.520152,149.300279,1,215.70059204101562,0.9670000672340393
-37.68525,145.129466,1,211.898193359375,0.9450000524520874
-33.777186,148.74443,0,215.70059204101562,0.9670000672340393
-34.6573,150.288,1,215.70059204101562,0.9670000672340393
-36.361499,146.690517,1,201.10324096679688,1.0630000829696655
-33.4308,150.011,1,215.70059204101562,0.9670000672340393
-37.89448,145.998837,1,195.7977752685547,0.8560000658035278
-36.455536,146.431116,1,204.29611206054688,0.9570000171661377
-35.238406,147.326305,1,192.99700927734375,1.0850000381469727
-38.1129,147.043,1,188.00363159179688,1.0250000953674316
-37.316425,144.120184,1,224.30160522460938,0.9930000305175781
-34.3661,150.666,1,215.70059204101562,0.9670000672340393
-37.1905,145.708,1,205.00030517578125,0.9390000700950623
-35.944177,142.416365,1,232.70391845703125,1.0090000629425049
-38.55989,146.929526,0,189.5960693359375,1.0820000171661377
-34.407835,150.350828,1,215.70059204101562,0.9670000672340393
-37.0254,144.221,1,225.3979034423828,0.9770000576972961
-32.176332,149.668386,0,215.70059204101562,0.9670000672340393
-37.570125,148.714859,0,215.70059204101562,0.9670000672340393
-34.406022,150.819095,1,215.70059204101562,0.9670000672340393
-35.626657,149.012236,0,215.70059204101562,0.9670000672340393
-37.534454,145.357466,1,208.4972686767578,0.9180000424385071
-34.800765,144.749284,0,218.59603881835938,0.971000075340271
-35.7157,148.167,1,215.70059204101562,0.9670000672340393
-32.559349,148.958083,1,215.70059204101562,0.9670000672340393
-37.263768,144.499322,0,223.79747009277344,0.9980000257492065
-34.215924,149.244245,1,215.70059204101562,0.9670000672340393
-36.620459,142.637845,1,227.99862670898438,0.9810000658035278
-37.5844,143.847,1,223.70144653320312,0.9810000658035278
-36.334961,146.21392,1,208.4012451171875,0.9780000448226929
-33.693959,147.147859,0,190.79640197753906,1.0870000123977661
-34.732915,149.701873,1,215.70059204101562,0.9670000672340393
-33.947754,150.822056,1,215.70059204101562,0.9670000672340393
-35.188563,149.045239,1,215.70059204101562,0.9670000672340393
-34.5802,150.774,1,215.70059204101562,0.9670000672340393
-37.98196,145.445942,1,206.49671936035156,0.9450000524520874
-36.225922,141.507405,0,234.60043334960938,0.9860000610351562
-33.706755,150.37878,1,215.70059204101562,0.9670000672340393
-36.955919,145.118829,0,214.40289306640625,0.9950000643730164
-37.594454,149.730755,1,215.70059204101562,0.9670000672340393
-32.190052,148.135221,0,215.70059204101562,0.9670000672340393
-35.044053,143.570048,0,233.69618225097656,0.971000075340271
-33.5169,149.355,1,215.70059204101562,0.9670000672340393
-32.6417,149.661,1,215.70059204101562,0.9670000672340393
-37.48135,143.806275,1,224.3976287841797,0.984000027179718
-34.167242,148.291861,0,215.70059204101562,0.9670000672340393
-36.956944,141.32857,0,233.0,0.9520000219345093
-33.918048,150.943734,1,215.70059204101562,0.9670000672340393
-33.351013,148.963901,1,215.70059204101562,0.9670000672340393
-38.1302,145.865,1,189.79612731933594,0.6430000066757202
-37.7624,140.792,1,238.09739685058594,0.9590000510215759
-36.5819,146.376,1,203.50389099121094,0.9430000185966492
-36.3449,149.981,1,215.70059204101562,0.9670000672340393
-37.033688,141.398959,0,232.19976806640625,0.9510000348091125
-32.812517,150.006797,1,215.70059204101562,0.9670000672340393
-33.206011,147.956616,0,215.70059204101562,0.9670000672340393
-35.08757,147.050321,0,195.7977752685547,1.034000039100647
-34.7936,147.041,1,196.19789123535156,1.0240000486373901
-37.373602,140.85395,0,237.8973388671875,0.9390000700950623
-32.399441,149.498847,0,215.70059204101562,0.9670000672340393
-36.438695,149.787241,1,215.70059204101562,0.9670000672340393
-35.351467,143.794886,0,229.70309448242188,0.9820000529289246
-37.6913,145.366,1,205.49644470214844,0.8440000414848328
-35.829414,148.957797,1,215.70059204101562,0.9670000672340393
-37.2289,147.922,1,182.69818115234375,1.1800000667572021
-37.1707,141.59,1,231.19949340820312,0.9290000200271606
-33.501872,148.095253,0,215.70059204101562,0.9670000672340393
-37.807651,145.262902,1,209.09742736816406,0.9180000424385071
-34.0856,150.819,1,215.70059204101562,0.9670000672340393
-34.365956,148.904982,0,215.70059204101562,0.9670000672340393
-33.699624,150.384475,1,215.70059204101562,0.9670000672340393
-37.832591,144.983799,1,214.80299377441406,0.9610000252723694
-38.002,147.168,1,186.60325622558594,1.0410000085830688
-34.463192,150.425633,1,215.70059204101562,0.9670000672340393
-36.721896,145.247468,0,213.09852600097656,0.9780000448226929
-37.5031,145.596,1,205.6004638671875,0.9380000233650208
-33.9367,151.118,1,215.70059204101562,0.9670000672340393
-35.24631,149.352801,1,215.70059204101562,0.9670000672340393
-35.75437,150.199277,1,215.70059204101562,0.9670000672340393
-33.814257,150.827431,0,215.70059204101562,0.9670000672340393
-35.1189,150.344,1,215.70059204101562,0.9670000672340393
-38.154027,146.512274,0,191.50059509277344,0.9020000696182251
-37.853,144.823,1,217.2036590576172,0.9640000462532043
-35.513616,146.126552,0,211.0979766845703,0.9160000681877136
-35.424065,148.921728,1,215.70059204101562,0.9670000672340393
-37.8273,145.144,1,213.00250244140625,0.9880000352859497
-34.781659,149.258716,1,215.70059204101562,0.9670000672340393
-38.4679,146.205,1,195.09930419921875,0.7990000247955322
-37.062826,145.297883,1,211.40206909179688,0.9740000367164612
-35.2586,149.536,1,215.70059204101562,0.9670000672340393
-34.184926,150.400825,0,215.70059204101562,0.9670000672340393
-35.800205,144.004746,0,229.50303649902344,1.0
-37.7018,145.562,1,205.2003631591797,0.9350000619888306
-38.1154,145.846,1,194.99755859375,0.7780000567436218
-37.8416,144.739,1,219.1001739501953,0.9810000658035278
-34.3258,150.907,1,215.70059204101562,0.9670000672340393
-34.3632,149.396,1,215.70059204101562,0.9670000672340393
-38.454792,143.591897,1,215.70059204101562,0.9240000247955322
-36.3715,150.07,1,215.70059204101562,0.9670000672340393
-34.139325,145.462429,0,216.8035430908203,0.9450000524520874
-37.5711,143.87,1,223.79747009277344,0.9830000400543213
-34.7652,146.635,1,201.30328369140625,0.9410000443458557
-37.114176,142.705166,1,224.997802734375,0.968000054359436
-37.8572,144.251,1,222.197021484375,0.9530000686645508
-34.342719,149.67678,1,215.70059204101562,0.9670000672340393
-37.891749,143.363305,1,219.30023193359375,0.9590000510215759
-38.5878,143.194,1,215.79739379882812,0.9510000348091125
-37.027826,143.428541,0,225.19784545898438,0.9940000176429749
-33.287944,145.952365,0,210.4978485107422,0.9570000171661377
-35.461794,143.950744,0,228.5027618408203,0.984000027179718
-35.775269,148.220972,0,215.70059204101562,0.9670000672340393
-38.078369,143.266761,1,217.2036590576172,0.9460000395774841
-33.971289,149.966242,1,215.70059204101562,0.9670000672340393
-36.451785,148.362219,0,215.70059204101562,0.9670000672340393
-36.0194,145.459,1,215.4991912841797,0.9850000739097595
-37.656566,149.232363,0,215.70059204101562,0.9670000672340393
-37.398686,145.363719,1,209.69760131835938,0.9690000414848328
-38.157928,145.923509,1,189.79612731933594,0.6530000567436218
-34.526013,144.23777,0,220.79664611816406,0.9500000476837158
-32.671504,147.376643,0,215.70059204101562,0.9670000672340393
-37.493561,144.583209,1,221.30078125,0.9730000495910645
-35.2932,148.926,1,215.70059204101562,0.9670000672340393
-31.85796,147.77559,0,215.70059204101562,0.9670000672340393
-38.256908,144.548944,1,217.89984130859375,0.9330000281333923
-35.9535,145.272,1,218.29995727539062,0.9950000643730164
-34.0121,151.013,1,215.70059204101562,0.9670000672340393
-36.9266,146.097,1,202.39959716796875,0.9390000700950623
-37.8004,145.14,1,213.00250244140625,0.9850000739097595
-34.477543,148.704572,1,215.70059204101562,0.9670000672340393
-35.277244,147.096579,0,194.99755859375,1.0730000734329224
-34.379739,148.167716,0,215.70059204101562,0.9670000672340393
-36.123233,143.878056,0,230.50331115722656,1.0010000467300415
-36.550693,146.589213,0,198.59854125976562,0.8850000500679016
-33.342123,146.119564,0,208.19894409179688,0.9150000214576721
-37.762352,143.400103,1,220.5005645751953,0.968000054359436
-36.617151,140.720159,0,243.298828125,0.9670000672340393
-33.402336,145.204338,0,216.4994659423828,0.9470000267028809
-37.122145,148.371935,1,215.70059204101562,0.9670000672340393
-33.673144,148.217446,0,215.70059204101562,0.9670000672340393
-36.630925,149.569539,1,215.70059204101562,0.9670000672340393
-36.918896,148.994745,0,215.70059204101562,0.9670000672340393
-31.761398,148.756284,0,215.70059204101562,0.9670000672340393
-36.240657,149.643492,0,215.70059204101562,0.9670000672340393
-34.882909,144.763536,0,218.29995727539062,0.9720000624656677
-34.163422,145.834068,1,214.49891662597656,0.9390000700950623
-35.904307,145.345313,1,217.40371704101562,0.9940000176429749
-35.1,150.5,1,215.70059204101562,0.9670000672340393
-37.927977,145.513363,1,203.3038330078125,0.8760000467300415
-37.5129,144.617,1,221.19674682617188,0.9690000414848328
-33.874017,147.815808,0,215.70059204101562,0.9670000672340393
-38.391785,145.163083,1,208.29721069335938,0.8750000596046448
-37.227892,144.501528,1,223.9014892578125,0.9950000643730164
-33.576134,149.881489,1,215.70059204101562,0.9670000672340393
-37.6268,143.874,1,222.99725341796875,0.9810000658035278
-32.704001,148.490033,0,215.70059204101562,0.9670000672340393
-33.296007,148.968385,1,215.70059204101562,0.9670000672340393
-35.576682,149.873403,0,215.70059204101562,0.9670000672340393
-37.234948,141.367182,0,232.59988403320312,0.9290000200271606
-33.841596,148.946637,0,215.70059204101562,0.9670000672340393
-37.207872,145.429423,1,209.89764404296875,0.971000075340271
-37.6325,141.247,1,233.0,0.9150000214576721
-36.2661,148.7627,0,215.70059204101562,0.9670000672340393
-36.383743,148.694453,1,215.70059204101562,0.9670000672340393
-34.150255,144.643292,0,218.29995727539062,0.9420000314712524
-36.3285,144.014,1,228.59878540039062,1.0090000629425049
-33.010287,146.18918,0,205.4967498779297,0.9470000267028809
-35.085343,145.067983,0,217.40371704101562,0.9780000448226929
-36.304153,144.55391,1,223.5013885498047,1.0
-35.358499,150.462327,1,215.70059204101562,0.9670000672340393
-38.1556,146.346,1,189.00119018554688,0.7320000529289246
-36.579592,141.171491,0,236.20086669921875,0.9300000667572021
-34.921758,145.434737,0,217.00360107421875,0.9690000414848328
-33.125397,148.384381,1,215.70059204101562,0.9670000672340393
-33.656122,150.85518,1,215.70059204101562,0.9670000672340393
-35.122156,149.348422,1,215.70059204101562,0.9670000672340393
-35.59,150.347,1,215.70059204101562,0.9670000672340393
-34.18411,150.699672,1,215.70059204101562,0.9670000672340393
-33.610995,150.69816,1,215.70059204101562,0.9670000672340393
-37.020203,145.07686,0,215.0990753173828,0.9950000643730164
-33.3506,148.763,1,215.70059204101562,0.9670000672340393
-37.102113,145.930319,0,201.70339965820312,0.8750000596046448
-38.007289,145.999186,1,191.59661865234375,0.7450000643730164
-32.364113,149.840657,0,215.70059204101562,0.9670000672340393
-32.617748,149.315742,0,215.70059204101562,0.9670000672340393
-33.609755,150.888403,1,215.70059204101562,0.9670000672340393
-35.4151,144.63,1,220.30050659179688,0.9860000610351562
-35.686925,144.368876,0,223.9014892578125,0.9950000643730164
-36.138442,146.996885,1,195.9018096923828,1.1090000867843628
-38.6832,145.877,1,198.69686889648438,0.812000036239624
-36.5905,143.873,1,227.902587890625,1.0049999952316284
-36.110572,144.752773,1,220.90066528320312,1.002000093460083
-34.236175,149.716967,0,215.70059204101562,0.9670000672340393
-36.94465,141.000171,0,237.8013153076172,0.9740000367164612
-36.037675,146.978168,1,196.59799194335938,1.1019999980926514
-37.441192,144.688273,1,220.9967041015625,0.9810000658035278
-36.2,150.1,1,215.70059204101562,0.9670000672340393
-35.335252,148.267606,0,215.70059204101562,0.9670000672340393
-37.633589,146.826136,0,186.90396118164062,0.9900000691413879
-31.859147,149.447946,0,215.70059204101562,0.9670000672340393
-34.85078,150.710696,1,215.70059204101562,0.9670000672340393
-37.4857,145.083,1,213.298583984375,0.9690000414848328
-36.891885,148.807431,0,215.70059204101562,0.9670000672340393
-35.169922,149.123643,1,215.70059204101562,0.9670000672340393
-38.5254,145.886,1,196.39797973632812,0.7400000095367432
-33.219465,148.923525,0,215.70059204101562,0.9670000672340393
-37.0837,145.173,1,213.6026611328125,0.984000027179718
-36.8215,144.179,1,226.1020965576172,0.9920000433921814
-34.6612,146.166,1,211.001953125,0.9540000557899475
-34.1336,150.814,1,215.70059204101562,0.9670000672340393
-35.043525,148.746713,0,181.4978485107422,1.1730000972747803
-38.122559,145.217044,1,210.60183715820312,0.9540000557899475
-37.191223,140.637154,0,240.80213928222656,0.956000030040741
-38.277601,142.568354,0,220.19647216796875,0.9170000553131104
-35.326385,149.10267,1,215.70059204101562,0.9670000672340393
-37.826591,145.482684,1,204.89627075195312,0.8880000710487366
-35.625937,144.849683,0,219.1001739501953,0.9920000433921814
-37.043802,149.908651,1,215.70059204101562,0.9670000672340393
-37.263953,149.56299,0,215.70059204101562,0.9670000672340393
-33.66823,150.351622,0,215.70059204101562,0.9670000672340393
-36.912026,149.650595,1,215.70059204101562,0.9670000672340393
-36.034466,146.985244,1,196.59799194335938,1.1160000562667847
-35.87747,146.782332,0,200.10296630859375,1.0750000476837158
-32.083584,147.864588,0,215.70059204101562,0.9670000672340393
-37.280304,142.929501,1,222.99725341796875,0.9910000562667847
-31.867133,149.519854,0,215.70059204101562,0.9670000672340393
-37.806108,145.566674,1,204.4961700439453,0.9230000376701355
-37.659523,149.501574,0,215.70059204101562,0.9670000672340393
-37.5277,145.915,1,198.9026336669922,0.89000004529953
-37.014134,141.389897,0,232.59988403320312,0.9530000686645508
-35.073359,150.677224,1,215.70059204101562,0.9670000672340393
-38.6371,146.352,1,193.0020751953125,0.8850000500679016
-35.095402,145.053977,0,217.40371704101562,0.9770000576972961
-35.935919,141.415583,0,236.20086669921875,0.9620000720024109
-35.6832,150.265,1,215.70059204101562,0.9670000672340393
-32.007023,148.667955,0,215.70059204101562,0.9670000672340393
-37.302137,149.197887,0,215.70059204101562,0.9670000672340393
-37.697056,146.861231,0,186.79908752441406,1.0
-36.580753,148.682608,0,215.70059204101562,0.9670000672340393
-35.1459,149.39,1,215.70059204101562,0.9670000672340393
-36.8,143.8,1,227.19839477539062,1.002000093460083
-32.223289,147.498477,0,215.70059204101562,0.9670000672340393
-32.555347,149.887883,0,215.70059204101562,0.9670000672340393
-34.32187,149.363787,1,215.70059204101562,0.9670000672340393
-31.9944,148.395441,1,215.70059204101562,0.9670000672340393
-37.529358,145.772602,1,198.59854125976562,0.8280000686645508
-35.1531,147.51,1,215.70059204101562,0.9670000672340393
-31.735077,147.867243,1,215.70059204101562,0.9670000672340393
-36.1191,147.437917,0,191.50059509277344,1.1480000019073486
-36.6045,143.714,1,227.70254516601562,0.9950000643730164
-32.7009,149.109,1,215.70059204101562,0.9670000672340393
-33.511,149.787,1,215.70059204101562,0.9670000672340393
-38.661926,143.105581,1,215.90225219726562,0.9580000638961792
-33.629493,148.530863,0,215.70059204101562,0.9670000672340393
-33.354603,148.827089,0,215.70059204101562,0.9670000672340393
-37.956355,147.010367,0,187.00335693359375,1.0160000324249268
-36.435107,145.224015,1,215.0990753173828,0.987000048160553
-35.5834,147.453,1,215.70059204101562,0.9670000672340393
-35.124961,148.763899,0,215.70059204101562,0.9670000672340393
-33.8727,151.072,1,215.70059204101562,0.9670000672340393
-37.84897,143.349222,1,219.5002899169922,0.956000030040741
-37.588667,146.402318,0,190.5003204345703,0.7930000424385071
-37.7553,145.654,1,202.59963989257812,0.9230000376701355
-33.4811,150.549,1,215.70059204101562,0.9670000672340393
-34.144816,149.279202,0,215.70059204101562,0.9670000672340393
-34.560269,150.373081,1,215.70059204101562,0.9670000672340393
-33.483487,150.25059,1,215.70059204101562,0.9670000672340393
-36.440969,140.551029,0,244.9973602294922,0.9440000653266907
-34.326293,150.921778,0,215.70059204101562,0.9670000672340393
-38.268746,145.615213,0,199.9029083251953,0.8580000400543213
-37.682092,145.548485,1,204.60018920898438,0.9130000472068787
-34.797725,149.085909,0,215.70059204101562,0.9670000672340393
-33.586707,150.644562,1,215.70059204101562,0.9670000672340393
-36.656535,150.003122,1,215.70059204101562,0.9670000672340393
-36.9132,144.076,1,226.30215454101562,0.9750000238418579
-36.447744,146.515108,0,201.599365234375,0.9080000519752502
-37.432,143.907,1,224.30160522460938,0.9780000448226929
-37.881512,143.477384,1,218.99615478515625,0.9470000267028809
-37.913201,143.360562,1,218.00387573242188,0.9540000557899475
-34.479551,143.821646,1,227.70254516601562,0.9550000429153442
-32.718676,149.194087,0,215.70059204101562,0.9670000672340393
-35.040644,147.615726,0,215.70059204101562,0.9670000672340393
-38.230469,146.867163,1,188.6998291015625,1.0130000114440918
-36.0361,146.985,1,196.59799194335938,1.1160000562667847
-38.092513,141.624902,0,228.59878540039062,0.9010000228881836
-36.5375,144.564,1,222.7971954345703,0.9880000352859497
-37.085134,147.050112,0,187.69955444335938,1.0140000581741333
-35.479647,150.007294,0,215.70059204101562,0.9670000672340393
-34.8193,149.097,1,215.70059204101562,0.9670000672340393
-36.366608,146.322949,1,205.80052185058594,0.9410000443458557
-33.290019,147.89884,0,215.70059204101562,0.9670000672340393
-35.257985,150.516175,1,215.70059204101562,0.9670000672340393
-37.577323,143.881347,1,223.39735412597656,0.9820000529289246
-35.8276,150.172,1,215.70059204101562,0.9670000672340393
-32.733029,146.54068,0,198.1024169921875,1.0040000677108765
-36.7173,149.885,1,215.70059204101562,0.9670000672340393
-32.674451,149.246476,1,215.70059204101562,0.9670000672340393
-36.124313,140.951125,0,240.20196533203125,0.9330000281333923
-36.986949,148.333118,0,215.70059204101562,0.9670000672340393
-33.2074,149.96,1,215.70059204101562,0.9670000672340393
-33.182012,148.555748,0,215.70059204101562,0.9670000672340393
-35.888775,145.203816,0,218.0998992919922,0.9970000386238098
-33.932903,150.635642,1,215.70059204101562,0.9670000672340393
-32.066894,149.117355,0,215.70059204101562,0.9670000672340393
-35.361855,148.572913,1,215.70059204101562,0.9670000672340393
-36.1968,150.124,1,215.70059204101562,0.9670000672340393
-37.341793,144.141917,1,224.5016632080078,0.9950000643730164
-38.456818,143.392509,1,215.79739379882812,0.937000036239624
-37.5755,143.874,1,223.79747009277344,0.9830000400543213
-37.661635,148.050899,0,215.70059204101562,0.9670000672340393
-35.048009,148.118728,0,215.70059204101562,0.9670000672340393
-37.092407,145.875268,1,201.90345764160156,0.893000066280365
-35.436107,146.665665,0,200.50306701660156,0.9850000739097595
-37.6,143.9,1,223.30133056640625,0.9810000658035278
-37.1724,144.211,1,224.79774475097656,0.987000048160553
-37.322105,144.134178,1,224.30160522460938,0.9930000305175781
-36.982479,144.521002,1,224.79774475097656,0.9780000448226929
-35.3467,150.473,1,215.70059204101562,0.9670000672340393
-33.080889,148.138209,0,215.70059204101562,0.9670000672340393
-33.7113,150.911,1,215.70059204101562,0.9670000672340393
-38.7628,143.668,1,214.49871826171875,0.9510000348091125
-34.949629,149.473282,1,215.70059204101562,0.9670000672340393
-35.799316,145.530204,1,216.4994659423828,0.9820000529289246
-36.365267,145.185178,1,215.4991912841797,0.9890000224113464
-33.5768,149.751,1,215.70059204101562,0.9670000672340393
-32.194506,148.900234,1,215.70059204101562,0.9670000672340393
-35.853447,149.818042,0,215.70059204101562,0.9670000672340393
-32.805799,147.870731,0,215.70059204101562,0.9670000672340393
-37.1132,147.184,1,187.2034149169922,1.0600000619888306
-36.9986,145.037,1,215.60321044921875,0.9960000514984131
-37.6876,140.697,1,239.00164794921875,0.9550000429153442
-34.888504,142.88167,0,238.49749755859375,0.968000054359436
-34.996993,144.908177,0,217.89984130859375,0.9750000238418579
-35.0061,150.609,1,215.70059204101562,0.9670000672340393
-35.827545,147.905979,0,215.70059204101562,0.9670000672340393
-36.904106,147.992012,0,215.70059204101562,0.9670000672340393
-37.636489,146.584963,0,188.89988708496094,0.8520000576972961
-34.493645,147.028005,0,196.7020263671875,1.0320000648498535
-37.601421,143.56373,0,222.30105590820312,0.9490000605583191
-34.614643,146.755405,0,200.59909057617188,0.9630000591278076
-31.548462,149.377898,1,215.70059204101562,0.9670000672340393
-38.155203,144.310551,1,220.79664611816406,0.9450000524520874
-34.0529,150.992,1,215.70059204101562,0.9670000672340393
-37.724,142.028,1,226.50221252441406,0.940000057220459
-36.26702,142.413548,0,230.50331115722656,0.984000027179718
-36.869638,144.019269,1,227.39845275878906,0.9820000529289246
-36.224844,141.400323,0,235.80076599121094,0.9760000705718994
-37.799354,143.877267,1,221.59686279296875,0.9660000205039978
-37.033666,141.792418,0,230.90341186523438,0.956000030040741
-37.17918,146.512782,1,193.90126037597656,0.8640000224113464
-35.476066,148.868489,0,215.70059204101562,0.9670000672340393
-37.553314,148.538292,0,215.70059204101562,0.9670000672340393
-35.63043,145.615008,0,216.20338439941406,0.9630000591278076
-37.1,140.7,1,240.4020233154297,0.9590000510215759
-35.1942,147.246,1,194.101318359375,1.059000015258789
-35.392582,149.11881,1,215.70059204101562,0.9670000672340393
-37.419485,143.894738,1,224.70172119140625,0.9810000658035278
-37.8287,143.554,1,219.5963134765625,0.9590000510215759
-37.891772,143.363294,1,219.30023193359375,0.9590000510215759
-36.692623,149.989093,0,215.70059204101562,0.9670000672340393
-38.435763,143.556028,1,215.4989471435547,0.9230000376701355
-35.655429,143.406571,0,232.90396118164062,1.003000020980835
-34.96756,150.577776,1,215.70059204101562,0.9670000672340393
-33.490306,150.515468,1,215.70059204101562,0.9670000672340393
-34.724911,148.673239,0,215.70059204101562,0.9670000672340393
-37.477885,143.807666,1,224.3976287841797,0.984000027179718
-38.182868,147.088964,1,190.1002197265625,1.0470000505447388
-37.337719,142.504177,0,223.5013885498047,0.9830000400543213
-36.139087,142.449769,0,231.9036865234375,0.9930000305175781
-34.177273,150.612291,1,215.70059204101562,0.9670000672340393
-34.1915,144.52,1,218.7000732421875,0.9410000443458557
-37.7161,140.792,1,238.09739685058594,0.9530000686645508
-34.578293,150.345786,1,215.70059204101562,0.9670000672340393
-35.675125,147.202703,0,193.79722595214844,1.1230000257492065
-33.566947,147.096108,0,191.50059509277344,1.0789999961853027
-33.927219,145.840119,0,214.00277709960938,0.9350000619888306
-37.4867,145.138,1,212.60238647460938,0.9640000462532043
-35.773078,150.177496,0,215.70059204101562,0.9670000672340393
-34.975172,147.781657,1,215.70059204101562,0.9670000672340393
-33.26545,149.685645,0,215.70059204101562,0.9670000672340393
-35.260293,146.005942,0,211.8021697998047,0.8990000486373901
-37.616886,142.360695,1,223.99752807617188,0.9360000491142273
-35.200261,149.35244,1,215.70059204101562,0.9670000672340393
-37.9378,145.226,1,212.00222778320312,0.984000027179718
-36.932782,149.869466,1,215.70059204101562,0.9670000672340393
-31.534453,148.58814,1,215.70059204101562,0.9670000672340393
-37.924516,143.333914,1,218.0998992919922,0.9550000429153442
-37.7795,147.821,1,215.70059204101562,0.9670000672340393
-35.051084,149.016436,0,215.70059204101562,0.9670000672340393
-35.961937,144.934183,0,219.5002899169922,1.0049999952316284
-36.0433,146.873,1,198.5025177001953,1.0800000429153442
-37.506897,144.176744,0,224.19757080078125,0.984000027179718
-36.327725,150.110449,1,215.70059204101562,0.9670000672340393
-38.527374,145.339151,1,205.3999481201172,0.859000027179718
-37.388062,140.272368,0,242.60263061523438,0.9340000152587891
-38.67461,145.606933,1,199.89874267578125,0.7920000553131104
-37.347826,144.324156,0,223.597412109375,0.9960000514984131
-33.749473,150.863386,1,215.70059204101562,0.9670000672340393
-36.6327,146.344,1,204.20008850097656,0.9790000319480896
-36.782604,146.637456,0,194.99755859375,0.8660000562667847
-37.346234,149.922431,0,215.70059204101562,0.9670000672340393
-36.374703,148.481907,1,215.70059204101562,0.9670000672340393
-37.366868,140.376587,0,242.09849548339844,0.9500000476837158
-33.443382,149.177291,1,215.70059204101562,0.9670000672340393
-33.4482,149.783,1,215.70059204101562,0.9670000672340393
-36.484827,143.909518,0,228.59878540039062,1.00600004196167
-36.363715,140.706762,0,242.8026885986328,0.9480000734329224
-32.568088,146.82323,0,192.10076904296875,1.0410000085830688
-37.449501,145.843413,0,201.79942321777344,0.9220000505447388
-38.564379,142.87207,0,216.8035430908203,0.9470000267028809
-37.805594,143.442435,0,219.900390625,0.9550000429153442
-38.461219,144.095963,1,216.60348510742188,0.9270000457763672
-35.5,144.5,1,222.39707946777344,0.9850000739097595
-35.349664,150.470098,1,215.70059204101562,0.9670000672340393
-34.963169,143.623613,0,232.19976806640625,0.9720000624656677
-32.1689,148.532,1,215.70059204101562,0.9670000672340393
-36.7662,145.639,1,209.2974853515625,0.9910000562667847
-34.785864,147.617134,0,185.4989471435547,1.0150001049041748
-34.832794,150.675538,1,215.70059204101562,0.9670000672340393
-35.8321,148.058,1,215.70059204101562,0.9670000672340393
-32.760161,146.842032,0,192.99700927734375,1.0509999990463257
-36.40582,142.620623,0,230.19921875,0.9890000224113464
-35.689359,144.050971,1,228.10264587402344,0.9920000433921814
-36.7213,144.188,1,226.50221252441406,1.0090000629425049
-36.7158,142.183,1,230.90341186523438,0.9720000624656677
-38.64555,145.921361,1,199.3986358642578,0.8420000672340393
-35.949873,145.492508,1,215.60321044921875,0.9830000400543213
-34.343516,148.024771,0,215.70059204101562,0.9670000672340393
-33.4622,149.783,1,215.70059204101562,0.9670000672340393
-35.831841,146.177412,0,212.20228576660156,0.9440000653266907
-32.886767,149.023514,0,215.70059204101562,0.9670000672340393
-37.99213,143.225989,1,218.2039337158203,0.9380000233650208
-33.819147,147.656751,0,215.70059204101562,0.9670000672340393
-35.979126,148.033408,0,215.70059204101562,0.9670000672340393
-34.469659,150.680765,0,215.70059204101562,0.9670000672340393
-37.1629,143.437,1,223.79747009277344,0.9940000176429749
-37.484457,147.146406,1,183.00225830078125,1.0099999904632568
-34.493715,150.766385,1,215.70059204101562,0.9670000672340393
-34.432968,150.013027,0,215.70059204101562,0.9670000672340393
-35.3284,143.563,1,233.60015869140625,0.9750000238418579
-33.25358,148.935766,1,215.70059204101562,0.9670000672340393
-35.543786,149.868033,1,215.70059204101562,0.9670000672340393
-36.707482,149.53464,1,215.70059204101562,0.9670000672340393
-34.0505,149.683,1,215.70059204101562,0.9670000672340393
-33.494141,145.46813,0,215.69924926757812,0.9500000476837158
-35.039258,143.332421,1,235.20059204101562,0.9600000381469727
-36.082064,150.13064,1,215.70059204101562,0.9670000672340393
-37.207721,146.576554,1,191.19651794433594,0.8420000672340393
-37.6746,145.448,1,203.59991455078125,0.8240000605583191
-37.337678,144.120199,1,224.5016632080078,0.9950000643730164
-33.33929,149.119191,0,215.70059204101562,0.9670000672340393
-33.436191,150.475624,0,215.70059204101562,0.9670000672340393
-33.547979,147.38736,0,187.40347290039062,1.13100004196167
-33.0764,149.652,1,215.70059204101562,0.9670000672340393
-36.247746,145.46666,1,214.29885864257812,0.9780000448226929
-34.4061,150.876,1,215.70059204101562,0.9670000672340393
-35.8753,148.962,1,215.70059204101562,0.9670000672340393
-37.4658,145.734,1,202.1995391845703,0.9080000519752502
-33.666204,149.578853,1,215.70059204101562,0.9670000672340393
-34.5879,150.633,1,215.70059204101562,0.9670000672340393
-34.1525,150.989,1,215.70059204101562,0.9670000672340393
-34.7431,150.478,1,215.70059204101562,0.9670000672340393
-36.083051,147.753526,0,215.70059204101562,0.9670000672340393
-38.408341,143.918523,1,216.00332641601562,0.9200000166893005
-34.365997,144.457172,0,218.7000732421875,0.9420000314712524
-36.957133,148.632569,0,215.70059204101562,0.9670000672340393
-36.321209,146.532596,1,201.599365234375,0.940000057220459
-38.192847,145.199704,1,210.6978759765625,0.9450000524520874
-34.97858,148.336819,0,215.70059204101562,0.9670000672340393
-38.476097,145.746993,1,198.60006713867188,0.7860000133514404
-33.998569,151.079933,1,215.70059204101562,0.9670000672340393
-34.139109,151.027478,1,215.70059204101562,0.9670000672340393
-38.035267,147.632681,0,215.70059204101562,0.9670000672340393
-37.66214,145.377243,1,205.49644470214844,0.8440000414848328
-36.3218,146.358,1,205.2003631591797,0.9410000443458557
-37.4358,143.912,1,224.30160522460938,0.9780000448226929
-35.1332,147.364,1,192.90098571777344,1.0860000848770142
-37.568188,142.823966,0,221.3968048095703,0.9670000672340393
-35.2644,149.602,1,215.70059204101562,0.9670000672340393
-34.491591,150.817747,1,215.70059204101562,0.9670000672340393
-35.737998,143.363424,0,233.20004272460938,1.00600004196167
-37.485,144.698,1,219.900390625,0.9700000286102295
-31.748869,147.783796,1,215.70059204101562,0.9670000672340393
-34.0303,150.551,1,215.70059204101562,0.9670000672340393
-34.344072,150.234031,1,215.70059204101562,0.9670000672340393
-38.067255,146.012903,1,190.1002197265625,0.6930000185966492
-34.3594,150.916,1,215.70059204101562,0.9670000672340393
-33.892,148.159,1,215.70059204101562,0.9670000672340393
-38.32491,145.188995,1,211.29803466796875,0.9480000734329224
-36.55758,146.823329,0,196.10186767578125,1.0440000295639038
-36.964811,146.051693,1,202.70367431640625,0.9550000429153442
-38.043775,142.718876,0,220.19647216796875,0.937000036239624
-34.282132,148.367456,1,215.70059204101562,0.9670000672340393
-38.154595,144.57777,1,218.7960968017578,0.9300000667572021
-34.032317,151.170776,1,215.70059204101562,0.9670000672340393
-33.45077,149.850136,1,215.70059204101562,0.9670000672340393
-36.360589,149.310072,0,215.70059204101562,0.9670000672340393
-38.047276,144.506614,1,219.900390625,0.9410000443458557
-34.7521,146.546,1,203.39987182617188,0.9320000410079956
-36.6,146.0,1,205.09632873535156,0.9480000734329224
-34.662,150.702,1,215.70059204101562,0.9670000672340393
-35.027347,150.360385,0,215.70059204101562,0.9670000672340393
-33.817524,144.774463,0,218.29995727539062,0.940000057220459
-32.020044,148.188256,0,215.70059204101562,0.9670000672340393
-35.948667,148.204113,0,215.70059204101562,0.9670000672340393
-35.9549,150.062,1,215.70059204101562,0.9670000672340393
-37.289708,142.666817,1,223.39735412597656,0.9900000691413879
-38.377379,144.094982,0,218.7000732421875,0.9470000267028809
-37.852429,143.432726,1,219.70034790039062,0.9620000720024109
-33.8408,150.759,1,215.70059204101562,0.9670000672340393
-36.71418,142.306942,1,229.50303649902344,0.9720000624656677
-34.905581,150.227391,0,215.70059204101562,0.9670000672340393
-34.907833,144.703362,0,218.40399169921875,0.971000075340271
-33.4762,149.884,1,215.70059204101562,0.9670000672340393
-38.383236,144.127251,0,219.30023193359375,0.9590000510215759
-36.286071,146.306382,0,206.89682006835938,0.937000036239624
-34.359292,145.887716,0,214.2028350830078,0.9420000314712524
-33.897301,150.612826,1,215.70059204101562,0.9670000672340393
-38.062843,141.835752,0,226.90231323242188,0.9240000247955322
-34.829812,148.515446,1,215.70059204101562,0.9670000672340393
-34.849766,147.330293,0,193.30108642578125,1.062000036239624
-36.4869,146.634,1,200.30300903320312,0.9910000562667847
-37.933651,142.817797,0,220.10044860839844,0.9310000538825989
-36.328421,146.263729,1,207.69705200195312,0.9570000171661377
-36.160413,148.262988,0,215.70059204101562,0.9670000672340393
-37.146657,146.604037,0,190.1962432861328,0.7690000534057617
-38.007327,145.998953,1,191.59661865234375,0.7450000643730164
-35.533075,150.373291,1,215.70059204101562,0.9670000672340393
-37.735482,143.140979,0,220.3965301513672,0.9660000205039978
-34.626217,150.490078,1,215.70059204101562,0.9670000672340393
-35.713471,150.10138,1,215.70059204101562,0.9670000672340393
-38.720944,143.568789,0,214.49871826171875,0.9350000619888306
-34.021222,150.288192,0,215.70059204101562,0.9670000672340393
-37.913107,143.360263,1,218.00387573242188,0.9540000557899475
-36.606395,148.539778,0,215.70059204101562,0.9670000672340393
-34.2721,146.041,1,212.4983673095703,0.9260000586509705
-35.03481,149.187436,1,215.70059204101562,0.9670000672340393
-38.039229,140.994314,0,235.6967315673828,0.968000054359436
-36.12359,149.198239,0,215.70059204101562,0.9670000672340393
-33.052337,148.65906,0,215.70059204101562,0.9670000672340393
-35.369291,150.43972,1,215.70059204101562,0.9670000672340393
-36.9843,143.476,1,225.99807739257812,0.9930000305175781
-35.115187,145.935936,0,213.09852600097656,0.9330000281333923
-37.761461,146.858662,0,185.29888916015625,0.9660000205039978
-33.964995,150.582128,0,215.70059204101562,0.9670000672340393
-33.016645,146.331478,0,203.89962768554688,0.971000075340271
-33.688769,150.320377,1,215.70059204101562,0.9670000672340393
-37.3279,145.297,1,210.2017364501953,0.9670000672340393
-33.608014,146.132483,0,211.29641723632812,0.9580000638961792
-36.231079,150.094415,1,215.70059204101562,0.9670000672340393
-34.847776,148.86375,0,215.70059204101562,0.9670000672340393
-33.4691,148.594,1,215.70059204101562,0.9670000672340393
-38.506998,145.148853,1,207.6988525390625,0.8700000643730164
-36.1965,147.898,1,215.70059204101562,0.9670000672340393
-37.967712,146.949759,1,186.69927978515625,1.0110000371932983
-38.0824,142.778,1,219.19619750976562,0.9330000281333923
-37.844471,147.280548,0,182.00198364257812,1.0210000276565552
-36.494763,143.884572,0,228.90286254882812,1.0049999952316284
-37.335068,141.592121,0,230.1031951904297,0.9170000553131104
-35.8651,147.249,1,215.70059204101562,0.9670000672340393
-37.891,147.681,1,215.70059204101562,0.9670000672340393
-34.2184,149.769,1,215.70059204101562,0.9670000672340393
-33.67448,148.908814,1,215.70059204101562,0.9670000672340393
-37.833535,144.058593,1,222.30105590820312,0.9650000333786011
-32.431985,149.391923,0,215.70059204101562,0.9670000672340393
-37.150863,145.284019,1,210.80189514160156,0.9410000443458557
-37.967359,143.599819,1,218.0998992919922,0.956000030040741
-37.9567,146.991,1,187.00335693359375,1.0160000324249268
-36.037811,146.978025,1,196.59799194335938,1.1019999980926514
-33.9172,150.878,1,215.70059204101562,0.9670000672340393
-38.689023,146.308894,1,195.5994110107422,0.9590000510215759
-37.598293,144.219637,1,223.39735412597656,0.9770000576972961
-36.970612,144.124642,1,225.7980194091797,0.9750000238418579
-37.29,144.946,1,216.09934997558594,0.9750000238418579
-36.3658,143.58,1,229.7991180419922,1.0110000371932983
-36.993868,149.437026,0,215.70059204101562,0.9670000672340393
-37.793908,145.303534,1,207.29693603515625,0.8750000596046448
-36.202155,141.586847,0,234.60043334960938,0.987000048160553
-38.731374,145.986013,1,197.3013916015625,0.8270000219345093
-36.887542,144.690121,0,221.10072326660156,0.971000075340271
-35.96194,145.955277,1,213.49864196777344,0.9620000720024109
-38.2105,145.65,1,198.39840698242188,0.8040000200271606
-35.48595,142.312948,0,236.0968475341797,0.968000054359436
-33.1459,149.983,1,215.70059204101562,0.9670000672340393
-35.819284,149.017753,0,215.70059204101562,0.9670000672340393
-33.6339,150.291,1,215.70059204101562,0.9670000672340393
-35.076801,149.289259,0,215.70059204101562,0.9670000672340393
-34.550097,144.83013,0,218.0998992919922,0.9570000171661377
-36.222547,150.131135,1,215.70059204101562,0.9670000672340393
-34.5589,148.554,1,215.70059204101562,0.9670000672340393
-37.7154,147.801,1,215.70059204101562,0.9670000672340393
-33.939443,150.67827,0,215.70059204101562,0.9670000672340393
-37.622627,147.833023,0,215.70059204101562,0.9670000672340393
-37.706848,148.460574,1,215.70059204101562,0.9670000672340393
-33.82215,147.813539,0,215.70059204101562,0.9670000672340393
-38.321428,146.312009,1,192.501953125,0.7720000147819519
-37.147162,143.655397,0,225.59796142578125,0.9860000610351562
-34.9729,147.762042,1,215.70059204101562,0.9670000672340393
-33.9128,146.046,1,212.6031494140625,0.9440000653266907
-33.288104,149.09166,1,215.70059204101562,0.9670000672340393
-36.052474,146.451542,1,205.09632873535156,0.940000057220459
-35.8068,144.96,1,218.7000732421875,1.003000020980835
-36.454977,148.964932,0,215.70059204101562,0.9670000672340393
-35.378764,149.922925,0,215.70059204101562,0.9670000672340393
-37.1779,143.461,1,224.19757080078125,0.9930000305175781
-37.569779,141.890062,0,228.10264587402344,0.9430000185966492
-37.65617,142.161359,0,225.7980194091797,0.9360000491142273
-34.675034,143.851735,0,227.19839477539062,0.9580000638961792
-37.0165,143.8,1,226.1981201171875,0.9800000190734863
-37.824706,140.475506,0,239.49777221679688,0.9630000591278076
-35.876543,148.311903,0,215.70059204101562,0.9670000672340393
-35.052564,143.484611,0,233.49612426757812,0.968000054359436
-36.9505,149.937,1,215.70059204101562,0.9670000672340393
-38.395691,142.73811,0,218.90011596679688,0.9350000619888306
-37.698684,140.460628,1,240.29800415039062,0.9470000267028809
-38.648714,143.072587,1,215.70059204101562,0.956000030040741
-37.659425,147.141154,0,183.8985137939453,1.0380001068115234
-36.557722,146.078042,1,206.00057983398438,0.968000054359436
-35.2188,149.025,1,215.70059204101562,0.9670000672340393
-33.275347,150.118031,1,215.70059204101562,0.9670000672340393
-35.410928,150.032603,0,215.70059204101562,0.9670000672340393
-35.720608,147.458034,0,215.70059204101562,0.9670000672340393
-36.585972,147.182582,0,192.59689331054688,1.1220000982284546
-36.359334,148.938209,0,215.70059204101562,0.9670000672340393
-33.6313,146.956,1,194.30136108398438,1.059000015258789
-38.110767,145.32102,1,208.4972686767578,0.9230000376701355
-33.968787,148.896203,1,215.70059204101562,0.9670000672340393
-34.8231,148.326,1,215.70059204101562,0.9670000672340393
-36.042807,145.436914,0,215.4991912841797,0.9920000433921814
-38.6989,146.087,1,195.5994110107422,0.8300000429153442
-35.100391,149.307489,1,215.70059204101562,0.9670000672340393
-35.666508,150.293992,1,215.70059204101562,0.9670000672340393
-34.8225,149.081,1,215.70059204101562,0.9670000672340393
-37.9722,146.422,1,190.30026245117188,0.8460000157356262
-37.555726,142.86364,0,221.10072326660156,0.9630000591278076
-34.965512,142.899581,0,238.29745483398438,0.9660000205039978
-34.388628,147.925462,0,215.70059204101562,0.9670000672340393
-38.1742,145.164,1,210.0977020263672,0.9100000262260437
-32.142071,149.875012,0,215.70059204101562,0.9670000672340393
-33.107945,149.603343,0,215.70059204101562,0.9670000672340393
-34.565858,148.912891,0,215.70059204101562,0.9670000672340393
-37.083249,147.869389,0,182.4981231689453,1.1890000104904175
-32.718952,148.97276,0,215.70059204101562,0.9670000672340393
-37.8452,144.703,1,219.5002899169922,0.9780000448226929
-38.117369,141.950292,0,226.1020965576172,0.921000063419342
-37.685,144.904,1,216.4994659423828,0.9740000367164612
-36.100532,149.188724,1,215.70059204101562,0.9670000672340393
-31.287628,148.847444,1,215.70059204101562,0.9670000672340393
-36.293254,145.895901,0,210.40179443359375,0.9610000252723694
-33.001593,147.330252,0,187.40347290039062,1.1480000019073486
-33.759436,150.756245,1,215.70059204101562,0.9670000672340393
-34.546659,150.431179,1,215.70059204101562,0.9670000672340393
-33.637828,148.575248,0,215.70059204101562,0.9670000672340393
-36.8265,144.584,1,222.7971954345703,0.984000027179718
-33.079861,146.862476,0,191.99673461914062,1.0480000972747803
-34.740309,148.342464,0,215.70059204101562,0.9670000672340393
-37.177923,147.088979,0,186.00308227539062,1.0230000019073486
-34.556039,143.731692,0,228.59878540039062,0.9590000510215759
-38.0286,145.598,1,204.89627075195312,0.9540000557899475
-36.508913,145.03906,0,217.00360107421875,0.987000048160553
-37.3218,144.293,1,223.9014892578125,0.9960000514984131
-35.6966,144.2,1,226.50221252441406,0.9850000739097595
-37.0206,147.243,1,187.09939575195312,1.0410000085830688
-36.209224,150.112241,1,215.70059204101562,0.9670000672340393
-33.635201,147.142914,0,191.50059509277344,1.0810000896453857
-37.826995,143.424879,0,219.70034790039062,0.9620000720024109
-37.343726,144.17827,1,223.99752807617188,0.9960000514984131
-36.955069,147.887737,0,183.29833984375,1.1890000104904175
-36.4843,142.028,1,231.5035858154297,0.9830000400543213
-38.399105,145.730036,1,200.3988494873047,0.8680000305175781
-36.073454,142.260073,0,231.99972534179688,0.9940000176429749
-34.268824,146.243808,1,209.40151977539062,0.9120000600814819
-35.3101,148.526,1,215.70059204101562,0.9670000672340393
-32.26097,149.620347,0,215.70059204101562,0.9670000672340393
-34.0576,150.574,1,215.70059204101562,0.9670000672340393
-33.6506,150.817,1,215.70059204101562,0.9670000672340393
-36.622823,148.065081,0,215.70059204101562,0.9670000672340393
-34.025294,149.221156,0,215.70059204101562,0.9670000672340393
-34.532865,144.572047,0,218.40399169921875,0.9510000348091125
-33.8094,148.399,1,215.70059204101562,0.9670000672340393
-33.5735,150.716,1,215.70059204101562,0.9670000672340393
-36.1767,144.812,1,219.900390625,1.0010000467300415
-33.7517,150.653,1,215.70059204101562,0.9670000672340393
-37.768992,144.816603,0,217.603759765625,0.9720000624656677
-34.764244,150.673808,1,215.70059204101562,0.9670000672340393
-35.112842,146.899134,0,196.59799194335938,0.9970000386238098
-34.4171,150.471,1,215.70059204101562,0.9670000672340393
-37.891744,143.363303,1,219.30023193359375,0.9590000510215759
-33.38,148.502,1,215.70059204101562,0.9670000672340393
-38.474157,143.097016,0,216.29751586914062,0.9440000653266907
-34.618234,149.267034,0,215.70059204101562,0.9670000672340393
-35.222866,144.4267,0,221.30078125,0.9740000367164612
-33.4741,150.173,1,215.70059204101562,0.9670000672340393
-38.202055,144.491294,1,218.7000732421875,0.937000036239624
-34.119259,144.055837,0,222.701171875,0.9450000524520874
-36.039779,146.984815,1,196.7020263671875,1.1180000305175781
-37.286861,147.025104,0,184.00253295898438,0.9860000610351562
-37.3,141.8,1,229.3990020751953,0.9340000152587891
-36.9177,144.696,1,221.30078125,0.971000075340271
-35.643346,146.527503,0,203.19981384277344,0.9460000395774841
-36.403783,147.304188,0,215.70059204101562,0.9670000672340393
-33.604672,144.886884,0,218.2039337158203,0.9390000700950623
-35.5204,144.959,1,218.7960968017578,0.9900000691413879
-38.088556,145.216321,1,210.60183715820312,0.9340000152587891
-33.695421,150.553036,1,215.70059204101562,0.9670000672340393
-38.173553,146.246434,1,192.20350646972656,0.7450000643730164
-35.3729,149.239,1,215.70059204101562,0.9670000672340393
-37.58313,144.110339,1,223.597412109375,0.9780000448226929
-35.2459,149.112,1,215.70059204101562,0.9670000672340393
-33.7853,150.859,1,215.70059204101562,0.9670000672340393
-37.5994,145.439,1,206.69677734375,0.8860000371932983
-37.860121,144.266232,1,222.197021484375,0.9530000686645508
-36.14781,145.971489,0,212.09825134277344,0.9600000381469727
-35.763773,142.571985,0,233.4001007080078,1.0120000839233398
-37.855725,145.105261,1,213.40261840820312,0.968000054359436
-32.575587,149.803566,1,215.70059204101562,0.9670000672340393
-33.4032,150.074,1,215.70059204101562,0.9670000672340393
-32.804437,149.900214,0,215.70059204101562,0.9670000672340393
-36.492957,150.020465,1,215.70059204101562,0.9670000672340393
-34.9128,145.009382,1,218.29995727539062,0.9750000238418579
-36.189922,146.471292,1,203.7999725341797,0.921000063419342
-36.55774,146.078076,1,206.00057983398438,0.968000054359436
-34.034694,150.653505,1,215.70059204101562,0.9670000672340393
-34.7517,150.66,1,215.70059204101562,0.9670000672340393
-37.325923,141.076647,0,235.40065002441406,0.9310000538825989
-37.656353,145.425148,1,205.80052185058594,0.8640000224113464
-33.720694,146.949783,0,194.9015350341797,1.0480000972747803
-38.0276,146.808,1,188.79953002929688,0.9660000205039978
-36.536903,149.772053,0,215.70059204101562,0.9670000672340393
-35.802246,147.964353,1,215.70059204101562,0.9670000672340393
-35.013744,150.623336,1,215.70059204101562,0.9670000672340393
-37.8715,146.01,1,195.7977752685547,0.8560000658035278
-34.163271,147.489175,0,187.8996124267578,1.0810000896453857
-37.900937,142.778352,0,220.59658813476562,0.9390000700950623
-36.3763,149.844,1,215.70059204101562,0.9670000672340393
-36.3226,149.969,1,215.70059204101562,0.9670000672340393
-32.484196,149.433452,0,215.70059204101562,0.9670000672340393
-37.21037,144.952944,0,216.69952392578125,0.9850000739097595
-35.60421,146.755193,0,200.19898986816406,1.0200001001358032
-37.854557,145.58983,1,204.4961700439453,0.9300000667572021
-37.253629,144.447052,1,223.70144653320312,0.9980000257492065
-36.827,149.83,1,215.70059204101562,0.9670000672340393
-35.030795,143.617936,0,232.3998260498047,0.9720000624656677
-35.1917,148.197,1,215.70059204101562,0.9670000672340393
-38.16198,143.699729,0,217.2036590576172,0.9390000700950623
-33.372734,147.218826,0,188.29971313476562,1.1040000915527344
-37.584664,140.425409,1,241.002197265625,0.9410000443458557
-36.041005,146.976874,1,196.59799194335938,1.1019999980926514
-35.835532,146.854345,0,198.79859924316406,1.0880000591278076
-36.651959,149.553564,0,215.70059204101562,0.9670000672340393
-35.4526,149.546,1,215.70059204101562,0.9670000672340393
-37.333308,144.228069,1,224.10154724121094,0.9970000386238098
-37.519482,146.635235,0,187.69955444335938,0.8600000143051147
-36.6293,145.953,1,204.89627075195312,0.9270000457763672
-37.007503,140.323005,0,243.80296325683594,0.9700000286102295
-34.493758,150.766335,1,215.70059204101562,0.9670000672340393
-33.701835,150.371219,1,215.70059204101562,0.9670000672340393
-37.3671,144.531,1,222.90121459960938,0.9850000739097595
-34.732986,149.701824,1,215.70059204101562,0.9670000672340393
-32.27956,148.475673,0,215.70059204101562,0.9670000672340393
-34.3994,150.149,1,215.70059204101562,0.9670000672340393
-37.843567,145.314042,1,209.49754333496094,0.9500000476837158
-36.536392,146.023505,1,204.69622802734375,0.9140000343322754
-33.684556,146.416848,0,204.3029327392578,0.9580000638961792
-35.2627,143.503,1,233.4001007080078,0.9730000495910645
-38.819161,146.009312,0,194.80084228515625,0.7740000486373901
-35.383614,149.330107,1,215.70059204101562,0.9670000672340393
-31.158715,149.132769,0,215.70059204101562,0.9670000672340393
-37.206479,141.995713,0,227.902587890625,0.9540000557899475
-38.6421,143.357,1,215.4989471435547,0.9600000381469727
-34.011473,150.718862,1,215.70059204101562,0.9670000672340393
-37.663055,146.797612,0,187.00335693359375,0.9520000219345093
-38.346935,143.803815,1,216.10391235351562,0.9250000715255737
-34.72451,147.4575,0,191.70065307617188,1.0640000104904175
-32.535882,149.786907,0,215.70059204101562,0.9670000672340393
-36.8639,140.824,1,240.498046875,0.9820000529289246
-35.431196,148.725475,1,215.70059204101562,0.9670000672340393
-38.286954,145.083794,1,212.60238647460938,0.9750000238418579
-36.43948,144.836259,1,219.5963134765625,0.9890000224113464
-35.172709,150.70179,1,215.70059204101562,0.9670000672340393
-34.7737,148.861,1,215.70059204101562,0.9670000672340393
-38.3284,142.367,1,222.90121459960938,0.9330000281333923
-34.74439,150.696583,1,215.70059204101562,0.9670000672340393
-38.399209,144.023277,1,217.603759765625,0.9340000152587891
-37.9153,145.418,1,203.50389099121094,0.8250000476837158
-33.451091,147.087314,0,190.70037841796875,1.0810000896453857
-35.6372,149.989,1,215.70059204101562,0.9670000672340393
-36.536669,146.023729,1,205.80052185058594,0.9650000333786011
-34.863008,144.26797,0,221.7969207763672,0.9590000510215759
-38.6268,145.724,1,200.3988494873047,0.8090000152587891
-37.85186,145.369445,1,208.4012451171875,0.9360000491142273
-35.383679,149.329734,1,215.70059204101562,0.9670000672340393
-35.134485,145.083028,0,216.8035430908203,0.9760000705718994
-35.427877,149.426256,0,215.70059204101562,0.9670000672340393
-36.9786,146.184,1,202.1995391845703,0.9500000476837158
-36.770184,145.752704,1,205.80052185058594,0.9160000681877136
-37.529795,146.611451,1,187.69955444335938,0.8600000143051147
-36.211226,143.993913,0,228.79884338378906,1.0099999904632568
-37.9981,145.133,1,212.4983673095703,0.968000054359436
-37.314145,146.510128,0,190.9004364013672,0.7890000343322754
-37.8625,142.3,1,223.9014892578125,0.9160000681877136
-36.787389,148.177106,0,215.70059204101562,0.9670000672340393
-36.362352,146.686237,1,201.79942321777344,1.055999994277954
-33.999889,147.719851,0,215.70059204101562,0.9670000672340393
-34.373109,148.353094,0,215.70059204101562,0.9670000672340393
-34.873871,146.465869,0,204.69622802734375,0.9100000262260437
-35.037742,143.874371,0,228.30270385742188,0.9640000462532043
-33.170348,146.030273,0,209.10238647460938,0.9590000510215759
-37.67005,145.254596,1,209.40151977539062,0.9070000648498535
-37.6333,145.071,1,213.2025604248047,0.9750000238418579
-34.436707,150.410277,1,215.70059204101562,0.9670000672340393
-35.957384,150.15397,1,215.70059204101562,0.9670000672340393
-34.753031,146.544664,1,203.39987182617188,0.9320000410079956
-36.003973,146.236322,0,210.40179443359375,0.9500000476837158
-37.085329,147.239918,0,185.29888916015625,1.0380001068115234
-35.2625,143.502,1,233.4001007080078,0.9730000495910645
-37.807477,145.263634,1,209.09742736816406,0.9180000424385071
-37.3589,144.463,1,223.19729614257812,0.9920000433921814
-38.2184,146.514,1,191.99673461914062,0.9500000476837158
-35.087834,145.244162,0,217.69979858398438,0.9790000319480896
-36.140102,141.157167,0,237.49722290039062,0.9530000686645508
-36.442748,148.450844,1,215.70059204101562,0.9670000672340393
-36.85082,149.180437,0,215.70059204101562,0.9670000672340393
-36.071979,145.391589,0,216.09934997558594,0.9930000305175781
-33.536217,149.402645,0,215.70059204101562,0.9670000672340393
-33.715,150.427,1,215.70059204101562,0.9670000672340393
-37.094011,147.424913,1,183.60243225097656,1.0450000762939453
-35.250157,144.513502,1,220.79664611816406,0.9810000658035278
-32.6199,148.938,1,215.70059204101562,0.9670000672340393
-35.21486,149.430656,1,215.70059204101562,0.9670000672340393
-35.706199,148.837851,0,215.70059204101562,0.9670000672340393
-32.922612,147.703662,1,215.70059204101562,0.9670000672340393
-37.24221,145.166243,1,213.40261840820312,0.9820000529289246
-33.007825,146.693148,0,195.9018096923828,1.0160000324249268
-35.23884,150.447256,1,215.70059204101562,0.9670000672340393
-38.8246,146.259,1,192.89720153808594,0.843000054359436
-34.28332,146.561371,1,204.400146484375,0.9500000476837158
-34.2026,150.572,1,215.70059204101562,0.9670000672340393
-37.589339,140.580285,0,239.80186462402344,0.9510000348091125
-32.795379,148.0315,0,215.70059204101562,0.9670000672340393
-34.301144,149.783729,0,215.70059204101562,0.9670000672340393
-35.746085,141.984352,0,234.8004913330078,0.9960000514984131
-32.9332,148.245,1,215.70059204101562,0.9670000672340393
-37.648827,143.893486,1,222.99725341796875,0.9810000658035278
-37.715612,143.848844,1,221.90093994140625,0.9780000448226929
-36.304208,144.553957,1,223.5013885498047,1.0
-35.565576,145.905839,0,214.49891662597656,0.9520000219345093
-37.147928,148.79417,0,215.70059204101562,0.9670000672340393
-36.905914,149.243418,1,215.70059204101562,0.9670000672340393
-38.133776,145.241586,1,209.49754333496094,0.9300000667572021
-38.2194,145.066,1,211.8021697998047,0.9350000619888306
-37.254783,144.447807,1,223.70144653320312,0.9980000257492065
-34.492818,150.768673,1,215.70059204101562,0.9670000672340393
-38.369347,143.597808,0,215.4991912841797,0.9180000424385071
-32.499138,148.703459,0,215.70059204101562,0.9670000672340393
-38.033529,143.348932,1,217.40371704101562,0.9550000429153442
-35.381728,149.31107,1,215.70059204101562,0.9670000672340393
-36.0051,144.545,1,223.597412109375,1.002000093460083
-32.9604,149.925,1,215.70059204101562,0.9670000672340393
-37.735521,145.162793,1,211.001953125,0.9270000457763672
-37.6963,140.73,1,239.00164794921875,0.9550000429153442
-33.980141,151.079193,1,215.70059204101562,0.9670000672340393
-33.853395,145.907702,0,213.298583984375,0.940000057220459
-37.749,145.087,1,214.00277709960938,0.984000027179718
-36.017914,147.310588,0,190.9004364013672,1.124000072479248
-36.131949,146.182215,0,208.29721069335938,0.878000020980835
-37.325766,142.188602,0,226.1020965576172,0.971000075340271
-33.7416,150.73,1,215.70059204101562,0.9670000672340393
-35.053426,150.000093,0,215.70059204101562,0.9670000672340393
-36.054718,146.98068,1,196.7020263671875,1.1180000305175781
-36.06463,149.001241,0,215.70059204101562,0.9670000672340393
-34.857919,150.498461,0,215.70059204101562,0.9670000672340393
-35.776721,144.142894,0,227.902587890625,0.9930000305175781
-34.071652,151.134852,1,215.70059204101562,0.9670000672340393
-36.428629,142.280013,0,230.7993927001953,0.9770000576972961
-37.096374,149.809952,0,215.70059204101562,0.9670000672340393
-34.031876,150.819893,1,215.70059204101562,0.9670000672340393
-35.578247,149.066918,1,215.70059204101562,0.9670000672340393
-37.4517,145.109,1,212.60238647460938,0.9670000672340393
-34.6868,149.553,1,215.70059204101562,0.9670000672340393
-37.732367,144.057469,1,222.99725341796875,0.9700000286102295
-36.6085,149.433,1,215.70059204101562,0.9670000672340393
-34.3308,146.899,1,198.39849853515625,1.0130000114440918
-37.948703,142.784239,0,220.5005645751953,0.9310000538825989
-34.8927,149.163,1,215.70059204101562,0.9670000672340393
-35.643854,149.812551,1,215.70059204101562,0.9670000672340393
-36.275943,149.093871,0,215.70059204101562,0.9670000672340393
-33.547793,147.856633,0,215.70059204101562,0.9670000672340393
-33.5273,149.248,1,215.70059204101562,0.9670000672340393
-33.526135,148.355889,0,215.70059204101562,0.9670000672340393
-37.6575,145.314,1,208.89736938476562,0.9040000438690186
-32.754711,148.460011,0,215.70059204101562,0.9670000672340393
-35.637,150.241,1,215.70059204101562,0.9670000672340393
-34.838854,148.606681,0,215.70059204101562,0.9670000672340393
-34.354911,149.539054,1,215.70059204101562,0.9670000672340393
-34.380014,149.352018,0,215.70059204101562,0.9670000672340393
-33.921875,150.763388,1,215.70059204101562,0.9670000672340393
-37.280316,144.148179,1,224.59768676757812,0.9910000562667847
-34.492712,150.768753,1,215.70059204101562,0.9670000672340393
-35.421373,149.240532,1,215.70059204101562,0.9670000672340393
-33.692178,150.529729,1,215.70059204101562,0.9670000672340393
-35.564,149.555,1,215.70059204101562,0.9670000672340393
-35.3418,150.467,1,215.70059204101562,0.9670000672340393
-36.540928,149.204902,0,215.70059204101562,0.9670000672340393
-35.58969,148.116465,0,215.70059204101562,0.9670000672340393
-38.683202,146.48554,0,190.89675903320312,0.9110000729560852
-36.224215,142.51699,0,230.90341186523438,0.9900000691413879
-36.8774,145.408,1,209.80162048339844,0.984000027179718
-37.796051,144.959315,1,215.4991912841797,0.9570000171661377
-38.030288,140.775126,0,238.00137329101562,0.9800000190734863
-37.6,144.8,1,218.50001525878906,0.9750000238418579
-38.1481,145.932,1,189.79612731933594,0.6530000567436218
-33.4051,147.972,1,215.70059204101562,0.9670000672340393
-34.809593,143.456196,0,234.09629821777344,0.9740000367164612
-35.982124,146.503574,1,205.2003631591797,0.9720000624656677
-35.359075,144.839033,0,219.79637145996094,0.9830000400543213
-34.6554,150.81,1,215.70059204101562,0.9670000672340393
-38.506927,143.687503,1,215.79739379882812,0.9380000233650208
-35.600605,149.575139,0,215.70059204101562,0.9670000672340393
-35.384107,144.460139,0,221.30078125,0.9830000400543213
-36.612233,140.800314,0,241.60235595703125,0.9670000672340393
-37.082384,144.197385,1,225.3979034423828,0.9800000190734863
-37.710714,140.856132,0,237.4011993408203,0.9570000171661377
-37.592,143.843,1,223.70144653320312,0.9810000658035278
-35.33991,148.580673,0,215.70059204101562,0.9670000672340393
-36.267548,143.199232,1,230.39927673339844,1.0230000019073486
-37.028184,142.582512,0,225.50193786621094,0.9850000739097595
-36.366968,146.944038,0,196.19789123535156,1.058000087738037
-33.897503,150.785105,1,215.70059204101562,0.9670000672340393
-36.837581,145.93412,0,202.30355834960938,0.8490000367164612
-37.348794,146.118488,0,194.99755859375,0.8180000185966492
-36.8849,147.32,1,186.09912109375,1.0350000858306885
-33.430972,149.974038,0,215.70059204101562,0.9670000672340393
-34.249114,148.175029,0,215.70059204101562,0.9670000672340393
-36.424428,143.804,0,228.9989013671875,1.0040000677108765
-37.879406,143.366398,1,219.30023193359375,0.9590000510215759
-37.8939,145.181,1,212.00222778320312,0.9740000367164612
-33.5189,149.358,1,215.70059204101562,0.9670000672340393
-33.963357,151.045544,1,215.70059204101562,0.9670000672340393
-38.797078,146.152177,1,194.20394897460938,0.8790000677108765
-33.721784,150.371019,1,215.70059204101562,0.9670000672340393
-33.6556,149.906209,0,215.70059204101562,0.9670000672340393
-36.332873,146.129637,0,206.89682006835938,0.9120000600814819
-34.4989,147.891,1,186.29916381835938,1.13100004196167
-35.730617,142.192054,0,234.09629821777344,0.9910000562667847
-33.595551,150.195403,1,215.70059204101562,0.9670000672340393
-35.669182,147.044315,1,215.70059204101562,0.9670000672340393
-37.5297,145.913,1,198.9026336669922,0.89000004529953
-34.700562,150.100842,1,215.70059204101562,0.9670000672340393
-35.957825,146.891225,1,198.30245971679688,1.0910000801086426
-37.386577,144.207013,1,224.19757080078125,0.9880000352859497
-33.797481,150.169931,1,215.70059204101562,0.9670000672340393
-38.1153,147.175,1,188.2036895751953,1.0509999990463257
-36.550978,145.567014,0,210.49781799316406,0.9800000190734863
-37.35806,146.032932,0,195.70175170898438,0.8060000538825989
-38.1,144.3,1,221.19674682617188,0.9460000395774841
-32.359643,146.858594,0,190.9964599609375,1.059000015258789
-34.4045,143.64,1,230.19921875,0.9750000238418579
-33.082306,146.847671,0,192.7969512939453,1.0410000085830688
-38.0802,145.722,1,202.1995391845703,0.9540000557899475
-37.253735,144.72145,1,220.90066528320312,0.9920000433921814
-36.289046,148.049798,0,215.70059204101562,0.9670000672340393
-35.200668,150.492819,0,215.70059204101562,0.9670000672340393
-36.772914,144.895876,0,218.59603881835938,0.9740000367164612
-34.6616,150.078,1,215.70059204101562,0.9670000672340393
-33.700837,150.251546,1,215.70059204101562,0.9670000672340393
-35.4331,149.489,1,215.70059204101562,0.9670000672340393
-36.630861,149.990912,1,215.70059204101562,0.9670000672340393
-35.836633,146.800197,1,199.70285034179688,1.0750000476837158
-36.5443,146.043,1,205.80052185058594,0.9650000333786011
-33.498786,147.160369,0,189.39602661132812,1.0920000076293945
-33.257178,147.210716,0,188.40374755859375,1.1090000867843628
-34.521379,147.796629,0,184.6027069091797,1.0830000638961792
-37.792286,143.388619,1,219.900390625,0.9620000720024109
-36.0692,146.855,1,199.39877319335938,1.071000099182129
-35.127471,150.699918,1,215.70059204101562,0.9670000672340393
-37.14289,144.26818,0,224.90176391601562,0.984000027179718
-34.38626,146.883001,0,199.19871520996094,1.002000093460083
-37.530045,147.459301,0,177.40072631835938,0.9600000381469727
-34.004089,150.863678,1,215.70059204101562,0.9670000672340393
-34.96667,146.27846,0,208.09715270996094,0.9230000376701355
-31.959712,149.208738,0,215.70059204101562,0.9670000672340393
-35.87323,145.394551,0,217.2036590576172,0.9940000176429749
-37.421744,144.291294,1,223.79747009277344,0.9860000610351562
-33.804835,150.688767,1,215.70059204101562,0.9670000672340393
-32.864531,146.392437,0,201.10061645507812,0.9730000495910645
-36.575891,149.182833,0,215.70059204101562,0.9670000672340393
-32.409458,147.486019,0,215.70059204101562,0.9670000672340393
-38.1924,144.313,1,220.19647216796875,0.9390000700950623
-34.888809,150.096726,0,215.70059204101562,0.9670000672340393
-34.444872,146.941105,0,197.39822387695312,1.0190000534057617
-35.2553,144.231,1,223.79747009277344,0.9780000448226929
-32.740729,150.227151,1,215.70059204101562,0.9670000672340393
-33.555804,150.602587,1,215.70059204101562,0.9670000672340393
-37.3512,144.538,1,222.90121459960938,0.9850000739097595
-37.4148,144.984,1,215.8992919921875,0.9770000576972961
-33.8525,150.916,1,215.70059204101562,0.9670000672340393
-37.2691,142.828,1,223.1012725830078,0.9820000529289246
-38.143,147.14,1,188.6998291015625,1.0500000715255737
-32.915024,148.942501,0,215.70059204101562,0.9670000672340393
-35.353049,143.553044,1,233.60015869140625,0.9830000400543213
-35.345914,142.798816,0,235.6007080078125,0.9750000238418579
-34.5725,145.985,1,212.29830932617188,0.9520000219345093
-37.762469,144.1246,0,223.30133056640625,0.956000030040741
-36.834303,144.460622,1,224.997802734375,0.984000027179718
-37.5908,143.87,1,223.39735412597656,0.9820000529289246
-38.411132,144.948606,1,213.2025604248047,0.9860000610351562
-37.71212,145.446269,0,203.10379028320312,0.8220000267028809
-34.503302,150.334432,1,215.70059204101562,0.9670000672340393
-34.310275,150.23691,0,215.70059204101562,0.9670000672340393
-37.805867,145.306794,1,207.29693603515625,0.8750000596046448
-38.182576,144.655117,1,217.89984130859375,0.9770000576972961
-32.876556,149.288455,1,215.70059204101562,0.9670000672340393
-36.409765,146.699344,1,200.90318298339844,1.0600000619888306
-37.4811,149.642,1,215.70059204101562,0.9670000672340393
-34.9916,150.611,1,215.70059204101562,0.9670000672340393
-33.6532,150.001,1,215.70059204101562,0.9670000672340393
-35.016697,149.817377,0,215.70059204101562,0.9670000672340393
-38.548608,146.398716,1,191.09841918945312,0.8460000157356262
-33.9803,151.138,1,215.70059204101562,0.9670000672340393
-33.856651,149.891505,0,215.70059204101562,0.9670000672340393
-33.702316,150.579095,1,215.70059204101562,0.9670000672340393
-38.425856,145.696712,0,200.3988494873047,0.843000054359436
-33.607202,150.781489,1,215.70059204101562,0.9670000672340393
-33.021378,147.3613,0,187.69955444335938,1.1570000648498535
-37.1468,144.031,1,225.59796142578125,0.9800000190734863
-34.066118,150.123927,0,215.70059204101562,0.9670000672340393
-33.471561,149.963519,0,215.70059204101562,0.9670000672340393
-37.794924,147.733332,1,215.70059204101562,0.9670000672340393
-38.1226,145.178,1,210.2017364501953,0.9040000438690186
-37.575815,142.382329,1,224.5016632080078,0.9440000653266907
-32.374253,147.002411,0,187.8035888671875,1.0750000476837158
-37.144631,142.82147,1,223.5013885498047,0.9590000510215759
-37.789822,144.749763,0,219.30023193359375,0.9810000658035278
-37.732376,144.057504,1,222.99725341796875,0.9700000286102295
-35.6322,149.482,1,215.70059204101562,0.9670000672340393
-37.310135,148.69283,1,215.70059204101562,0.9670000672340393
-34.060596,145.980706,0,212.8024444580078,0.9420000314712524
-38.366287,142.669025,0,219.99642944335938,0.9350000619888306
-33.8335,148.68,1,215.70059204101562,0.9670000672340393
-36.425507,145.385597,1,214.29885864257812,0.9760000705718994
-35.646894,145.553651,0,216.69952392578125,0.9720000624656677
-38.182662,144.558248,1,218.99615478515625,0.9480000734329224
-34.533161,150.391966,1,215.70059204101562,0.9670000672340393
-34.776295,150.693423,1,215.70059204101562,0.9670000672340393
-37.269217,144.153184,0,224.59768676757812,0.9910000562667847
-33.34228,149.299544,0,215.70059204101562,0.9670000672340393
-35.669213,148.183184,0,215.70059204101562,0.9670000672340393
-37.689297,148.455014,0,215.70059204101562,0.9670000672340393
-34.5739,150.801,1,215.70059204101562,0.9670000672340393
-36.219357,149.980369,0,215.70059204101562,0.9670000672340393
-36.748898,149.946049,1,215.70059204101562,0.9670000672340393
-33.0943,148.861,1,215.70059204101562,0.9670000672340393
-37.224485,146.874525,0,182.80221557617188,0.737000048160553
-37.8881,146.003,1,195.7977752685547,0.8560000658035278
-38.1,147.2,1,187.2034149169922,1.0490000247955322
-37.965016,146.642106,0,187.40347290039062,0.8680000305175781
-37.672025,143.887954,1,222.59713745117188,0.9790000319480896
-33.405086,148.558386,0,215.70059204101562,0.9670000672340393
-37.872244,145.094205,1,213.49864196777344,0.9850000739097595
-37.2,143.8,1,225.10182189941406,0.9880000352859497
-37.2939,145.116,1,213.298583984375,0.9720000624656677
-35.99336,144.493218,1,224.30160522460938,1.0010000467300415
-37.89179,143.363269,1,219.30023193359375,0.9590000510215759
-36.121761,146.068259,0,211.60211181640625,0.968000054359436
-38.7378,145.939,1,197.6966552734375,0.7860000133514404
-37.7396,141.091,1,235.09657287597656,0.9420000314712524
-34.967472,150.609895,0,215.70059204101562,0.9670000672340393
-35.521632,145.734846,0,216.29940795898438,0.9630000591278076
-36.902179,147.64983,0,184.40264892578125,1.1470000743865967
-37.070132,149.894717,1,215.70059204101562,0.9670000672340393
-38.1779,144.453,1,219.19619750976562,0.940000057220459
-37.044571,146.752004,0,189.39602661132812,0.8380000591278076
-38.014093,146.848655,0,188.09967041015625,0.9930000305175781
-37.938118,145.081765,1,213.80271911621094,0.9880000352859497
-36.4208,143.975,1,228.3987274169922,1.0070000886917114
-37.685626,143.363174,1,221.30078125,0.9850000739097595
-35.896005,149.875321,0,215.70059204101562,0.9670000672340393
-37.518,145.116,1,212.29830932617188,0.9590000510215759
-34.818202,143.469818,0,234.09629821777344,0.9740000367164612
-36.488507,148.993052,1,215.70059204101562,0.9670000672340393
-34.0669,150.77,1,215.70059204101562,0.9670000672340393
-38.6024,145.584,1,204.1980743408203,0.8840000629425049
-33.805077,149.820859,0,215.70059204101562,0.9670000672340393
-36.266025,142.194333,0,231.39955139160156,0.9800000190734863
-33.662939,150.645285,0,215.70059204101562,0.9670000672340393
-38.287189,143.174754,0,216.90248107910156,0.9540000557899475
-34.5714,150.676,1,215.70059204101562,0.9670000672340393
-32.029782,148.613652,0,215.70059204101562,0.9670000672340393
-34.686008,149.074925,1,215.70059204101562,0.9670000672340393
-37.47378,143.951354,1,224.90176391601562,0.9820000529289246
-38.0149,146.841,1,188.09967041015625,0.9930000305175781
-34.951265,145.523747,0,216.29940795898438,0.9730000495910645
-34.769967,145.660432,0,216.00332641601562,0.956000030040741
-35.154247,150.713888,1,215.70059204101562,0.9670000672340393
-35.075772,150.655873,1,215.70059204101562,0.9670000672340393
-33.0076,149.419,1,215.70059204101562,0.9670000672340393
-35.326293,148.720699,0,215.70059204101562,0.9670000672340393
-33.403181,145.660574,0,214.49891662597656,0.9510000348091125
-33.3599,150.053,1,215.70059204101562,0.9670000672340393
-35.8585,150.094,1,215.70059204101562,0.9670000672340393
-34.545682,149.625558,1,215.70059204101562,0.9670000672340393
-35.361974,142.453696,0,237.49722290039062,0.9730000495910645
-36.049716,145.454833,0,215.29913330078125,0.984000027179718
-35.824629,150.148851,0,215.70059204101562,0.9670000672340393
-36.683196,146.895411,1,194.101318359375,1.0180000066757202
-35.611327,149.926544,1,215.70059204101562,0.9670000672340393
-34.4088,149.208,1,215.70059204101562,0.9670000672340393
-33.817674,150.93038,1,215.70059204101562,0.9670000672340393
-38.549729,145.463917,1,202.100830078125,0.8440000414848328
-37.721905,143.53556,0,220.9967041015625,0.9660000205039978
-36.679554,145.302015,0,212.29830932617188,0.9790000319480896
-38.3826,147.146,1,191.70065307617188,1.097000002861023
-35.278484,150.007802,0,215.70059204101562,0.9670000672340393
-36.690353,149.775104,0,215.70059204101562,0.9670000672340393
-38.043987,145.964979,0,192.3968505859375,0.7380000352859497
-35.4591,149.885,1,215.70059204101562,0.9670000672340393
-37.72993,144.052549,1,222.99725341796875,0.9700000286102295
-38.311311,143.868063,0,216.29940795898438,0.921000063419342
-37.891706,143.363274,1,219.30023193359375,0.9590000510215759
-37.166371,149.647611,0,215.70059204101562,0.9670000672340393
-36.836121,145.946593,1,202.1995391845703,0.8730000257492065
-35.107259,148.183831,0,215.70059204101562,0.9670000672340393
-34.5854,149.582,1,215.70059204101562,0.9670000672340393
-37.8094,145.346,1,208.60128784179688,0.9360000491142273
-36.7019,144.327,1,224.997802734375,0.999000072479248
-38.236763,146.231611,1,194.09909057617188,0.7860000133514404
-36.609961,143.930988,1,228.10264587402344,1.00600004196167
-33.836348,146.180435,0,210.6027069091797,0.940000057220459
-33.25,148.983,1,215.70059204101562,0.9670000672340393
-31.8398,148.641,1,215.70059204101562,0.9670000672340393
-35.5572,149.646,1,215.70059204101562,0.9670000672340393
-33.739982,145.693481,0,214.80299377441406,0.9480000734329224
-34.85377,146.97613,0,196.7020263671875,1.00600004196167
-36.035092,146.985273,1,196.59799194335938,1.1160000562667847
-34.6612,150.761,1,215.70059204101562,0.9670000672340393
-33.707477,145.40058,0,215.69924926757812,0.9490000605583191
-38.120386,141.540325,0,230.39927673339844,0.9220000505447388
-37.644743,144.039714,1,222.90121459960938,0.9720000624656677
-37.337809,141.225865,0,234.2003173828125,0.9240000247955322
-35.81189,149.975093,1,215.70059204101562,0.9670000672340393
-36.267726,146.94447,0,196.19789123535156,1.0740000009536743
-32.258918,148.585104,1,215.70059204101562,0.9670000672340393
-36.7546,149.594,1,215.70059204101562,0.9670000672340393
-35.865345,148.644418,0,215.70059204101562,0.9670000672340393
-36.847562,147.96788,0,215.70059204101562,0.9670000672340393
-33.127419,149.592515,0,215.70059204101562,0.9670000672340393
-35.5499,149.226,1,215.70059204101562,0.9670000672340393
-37.383425,147.358643,0,179.8974151611328,0.9960000514984131
-34.6133,146.383,1,207.0968780517578,0.9190000295639038
-38.936399,146.257728,1,192.89720153808594,0.796000063419342
-38.066418,143.336063,1,217.40371704101562,0.9540000557899475
-33.726047,150.460305,1,215.70059204101562,0.9670000672340393
-33.198678,148.844794,1,215.70059204101562,0.9670000672340393
-35.659948,148.83025,1,215.70059204101562,0.9670000672340393
-36.451975,145.230517,1,215.0990753173828,0.987000048160553
-38.823078,146.174107,0,194.20394897460938,0.8790000677108765
-34.9072,147.529568,0,187.8035888671875,1.059000015258789
-36.710663,142.310483,1,229.50303649902344,0.9720000624656677
-38.013032,143.212276,1,217.49974060058594,0.9430000185966492
-35.4798,144.831,1,218.99615478515625,0.9880000352859497
-38.281927,144.483425,1,218.00387573242188,0.9310000538825989
-33.594427,144.989081,0,217.2996826171875,0.9420000314712524
-35.8601,144.102,1,227.99862670898438,1.0040000677108765
-36.045774,147.001584,1,196.7020263671875,1.1180000305175781
-37.879034,147.653295,1,215.70059204101562,0.9670000672340393
-37.010412,140.941028,0,238.09739685058594,0.9610000252723694
-33.2744,149.54,1,215.70059204101562,0.9670000672340393
-38.813582,145.948928,1,195.3977508544922,0.7600000500679016
-35.430208,142.204712,0,235.89678955078125,0.9700000286102295
-35.139742,149.245245,1,215.70059204101562,0.9670000672340393
-38.667363,143.578835,1,215.10369873046875,0.9390000700950623
-33.4897,148.967,1,215.70059204101562,0.9670000672340393
-37.876519,144.108734,1,222.59713745117188,0.9600000381469727
-36.904521,145.572933,0,209.00140380859375,0.9900000691413879
-38.507046,145.543457,1,200.19720458984375,0.7720000147819519
-36.7862,145.131,1,214.60293579101562,0.9830000400543213
-35.245819,150.532518,1,215.70059204101562,0.9670000672340393
-33.710008,146.572144,0,202.5036163330078,0.987000048160553
-35.2982,145.487,1,216.4994659423828,0.9730000495910645
-32.2001,148.733,1,215.70059204101562,0.9670000672340393
-32.250615,148.180962,0,215.70059204101562,0.9670000672340393
-34.733961,147.184104,1,194.99755859375,1.040000081062317
-36.029296,142.588887,0,232.59988403320312,1.0070000886917114
-33.842405,150.608218,1,215.70059204101562,0.9670000672340393
-35.15079,143.635455,0,232.79994201660156,0.9740000367164612
-35.42481,149.067587,1,215.70059204101562,0.9670000672340393
-37.847339,147.960056,1,215.70059204101562,0.9670000672340393
-36.5884,143.224,1,227.79856872558594,0.999000072479248
-37.2866,142.955,1,222.90121459960938,1.0010000467300415
-35.262033,149.28495,1,215.70059204101562,0.9670000672340393
-37.310443,148.692224,1,215.70059204101562,0.9670000672340393
-36.077299,141.35044,0,235.89678955078125,0.9670000672340393
-37.8218,144.715,1,219.5002899169922,0.9720000624656677
-36.028564,146.988018,1,196.59799194335938,1.1160000562667847
-34.770716,149.880764,1,215.70059204101562,0.9670000672340393
-37.324007,148.322898,0,215.70059204101562,0.9670000672340393
-36.8,149.8,1,215.70059204101562,0.9670000672340393
-37.684235,145.129157,1,211.898193359375,0.9450000524520874
-35.1762,150.589,1,215.70059204101562,0.9670000672340393
-33.931261,150.635011,1,215.70059204101562,0.9670000672340393
-34.495518,150.775047,1,215.70059204101562,0.9670000672340393
-37.6868,145.851,1,200.90318298339844,0.906000018119812
-38.489461,143.67637,0,215.70059204101562,0.9300000667572021
-37.781139,145.642427,1,204.400146484375,0.937000036239624
-37.440905,142.648783,0,222.59713745117188,0.9880000352859497
-35.8,150.1,1,215.70059204101562,0.9670000672340393
-38.0928,144.03,1,220.59658813476562,0.9490000605583191
-37.362398,148.658563,0,215.70059204101562,0.9670000672340393
-38.1109,145.773,1,198.9026336669922,0.8790000677108765
-37.805816,141.98814,0,226.39817810058594,0.9380000233650208
-33.833115,150.177625,1,215.70059204101562,0.9670000672340393
-33.574126,150.102072,0,215.70059204101562,0.9670000672340393
-35.178684,143.574411,0,233.8002166748047,0.9740000367164612
-34.833264,148.908366,1,215.70059204101562,0.9670000672340393
-33.360951,149.520466,1,215.70059204101562,0.9670000672340393
-38.139284,145.595976,0,201.70339965820312,0.8700000643730164
-36.035021,148.5597,0,215.70059204101562,0.9670000672340393
-37.616983,145.517331,1,207.0008544921875,0.9470000267028809
-33.64563,149.071105,1,215.70059204101562,0.9670000672340393
-33.916951,151.079215,1,215.70059204101562,0.9670000672340393
-35.246574,149.37308,1,215.70059204101562,0.9670000672340393
-37.472137,143.954961,1,224.90176391601562,0.9820000529289246
-36.371802,146.236472,1,207.4969940185547,0.9810000658035278
-37.117302,146.087445,1,201.599365234375,0.9430000185966492
-35.553756,150.274338,0,215.70059204101562,0.9670000672340393
-37.416813,145.713591,1,204.4961700439453,0.9410000443458557
-34.412828,145.355397,0,217.09962463378906,0.9490000605583191
-32.710358,149.26093,0,215.70059204101562,0.9670000672340393
-37.7796,147.822,1,215.70059204101562,0.9670000672340393
-37.368958,144.153706,1,224.19757080078125,0.9890000224113464
-35.003886,149.265709,0,215.70059204101562,0.9670000672340393
-36.375903,146.391229,0,205.80052185058594,0.9630000591278076
-38.212904,147.328992,0,188.6038055419922,1.1220000982284546
-35.06172,146.779847,0,197.79832458496094,0.9580000638961792
-33.4219,149.428,1,215.70059204101562,0.9670000672340393
-37.4259,145.704,1,204.4961700439453,0.9410000443458557
-33.6887,150.78,1,215.70059204101562,0.9670000672340393
-36.297437,145.121798,0,216.29940795898438,0.9900000691413879
-36.858015,148.092499,0,215.70059204101562,0.9670000672340393
-34.209636,146.46575,0,205.80052185058594,0.9460000395774841
-38.800409,145.888286,0,198.89852905273438,0.800000011920929
-38.3895,146.661,1,189.3964385986328,0.9490000605583191
-37.7673,140.801,1,238.09739685058594,0.9590000510215759
-34.493801,150.766403,1,215.70059204101562,0.9670000672340393
-34.415288,146.684327,0,202.5036163330078,0.9620000720024109
-36.987009,147.963793,0,215.70059204101562,0.9670000672340393
-33.728949,150.776523,1,215.70059204101562,0.9670000672340393
-37.9594,146.4,1,190.30026245117188,0.8460000157356262
-37.812072,144.979856,1,215.4991912841797,0.9570000171661377
-37.025264,147.689286,0,182.20204162597656,1.1370000839233398
-37.908984,145.144421,1,213.298583984375,0.9860000610351562
-33.414131,149.581453,1,215.70059204101562,0.9670000672340393
-34.166428,148.876119,0,215.70059204101562,0.9670000672340393
-38.486515,145.239056,1,204.99664306640625,0.8180000185966492
-34.9707,149.03,1,215.70059204101562,0.9670000672340393
-37.502576,141.893315,0,228.19866943359375,0.9450000524520874
-37.9282,146.881,1,188.00363159179688,1.0070000886917114
-38.408398,143.919547,1,216.00332641601562,0.9200000166893005
-35.875958,150.125986,1,215.70059204101562,0.9670000672340393
-38.888618,146.256871,1,191.59854125976562,0.7640000581741333
-33.5587,148.669,1,215.70059204101562,0.9670000672340393
-36.024861,141.501816,0,234.8004913330078,0.9610000252723694
-34.5505,150.687,1,215.70059204101562,0.9670000672340393
-36.163517,146.568702,1,203.39987182617188,1.0240000486373901
-37.71224,143.375175,0,220.79664611816406,0.971000075340271
-36.2915,144.799,1,220.10044860839844,1.0
-36.849925,141.935651,0,230.703369140625,0.9500000476837158
-37.5333,145.348,1,210.00167846679688,0.937000036239624
-36.8628,149.02,1,215.70059204101562,0.9670000672340393
-36.48465,148.282152,1,215.70059204101562,0.9670000672340393
-33.779601,150.969475,1,215.70059204101562,0.9670000672340393
-38.005226,145.479005,0,207.40097045898438,0.9670000672340393
-33.403657,145.298424,0,216.00332641601562,0.9490000605583191
-33.31314,147.964668,0,215.70059204101562,0.9670000672340393
-31.645664,149.405197,0,215.70059204101562,0.9670000672340393
-35.682626,150.234322,1,215.70059204101562,0.9670000672340393
-37.9,143.4,1,219.19619750976562,0.9580000638961792
-35.489575,146.190543,0,209.69760131835938,0.8960000276565552
-34.8705,147.506,1,188.2036895751953,1.0120000839233398
-36.002816,146.041136,1,212.4983673095703,0.9670000672340393
-37.645111,145.496896,1,205.49644470214844,0.909000039100647
-37.7024,141.222,1,233.60015869140625,0.9270000457763672
-34.492892,150.768718,1,215.70059204101562,0.9670000672340393
-31.942774,147.747162,0,215.70059204101562,0.9670000672340393
-34.263011,146.142599,0,210.00167846679688,0.8750000596046448
-34.179,150.996,1,215.70059204101562,0.9670000672340393
-38.093356,147.10215,0,188.00363159179688,1.037000060081482
-34.285297,148.372753,1,215.70059204101562,0.9670000672340393
-34.622744,144.865766,0,217.89984130859375,0.9600000381469727
-34.559525,150.373175,1,215.70059204101562,0.9670000672340393
-35.474428,150.344513,0,215.70059204101562,0.9670000672340393
-36.505743,150.053886,1,215.70059204101562,0.9670000672340393
-34.103283,148.879934,1,215.70059204101562,0.9670000672340393
-35.724803,149.638093,1,215.70059204101562,0.9670000672340393
-33.506195,149.328975,1,215.70059204101562,0.9670000672340393
-32.693151,146.563007,0,198.30245971679688,1.0070000886917114
-33.468861,149.325516,1,215.70059204101562,0.9670000672340393
-33.896605,151.090588,1,215.70059204101562,0.9670000672340393
-37.917514,143.653067,0,218.7000732421875,0.9580000638961792
-36.756775,144.313772,1,224.90176391601562,0.999000072479248
-36.54071,145.986765,1,205.40042114257812,0.9540000557899475
-37.933863,142.842426,0,220.10044860839844,0.9310000538825989
-37.676268,144.887365,1,216.8035430908203,0.9600000381469727
-38.493801,143.498723,0,215.6038055419922,0.9390000700950623
-33.743225,150.706782,1,215.70059204101562,0.9670000672340393
-38.339052,144.979778,0,214.29885864257812,0.9910000562667847
-33.4725,150.171,1,215.70059204101562,0.9670000672340393
-35.24234,144.301681,1,222.90121459960938,0.9780000448226929
-33.720787,147.073477,0,192.700927734375,1.0700000524520874
-33.698811,150.36544,1,215.70059204101562,0.9670000672340393
-35.9774,146.634,1,203.9040069580078,1.0180000066757202
-35.8936,149.984,1,215.70059204101562,0.9670000672340393
-34.225531,146.16704,1,210.29776000976562,0.9110000729560852
-36.6347,146.342,1,204.20008850097656,0.9790000319480896
-34.532689,150.398108,1,215.70059204101562,0.9670000672340393
-34.6747,150.721,1,215.70059204101562,0.9670000672340393
-37.342896,141.181458,0,234.8004913330078,0.9240000247955322
-37.084411,149.652932,0,215.70059204101562,0.9670000672340393
-33.939285,146.826175,0,198.30245971679688,1.0190000534057617
-33.513092,150.580106,1,215.70059204101562,0.9670000672340393
-35.56725,147.601407,0,215.70059204101562,0.9670000672340393
-32.626998,149.838463,1,215.70059204101562,0.9670000672340393
-35.4353,149.494,1,215.70059204101562,0.9670000672340393
-36.9008,142.387,1,227.79856872558594,0.9750000238418579
-32.01848,149.829138,0,215.70059204101562,0.9670000672340393
-37.3343,144.831,1,218.7960968017578,0.9820000529289246
-37.6001,143.87,1,223.39735412597656,0.9820000529289246
-34.186489,150.770475,1,215.70059204101562,0.9670000672340393
-38.210708,145.108058,1,210.49781799316406,0.8980000615119934
-36.58389,147.752161,0,215.70059204101562,0.9670000672340393
-34.227631,150.991287,1,215.70059204101562,0.9670000672340393
-35.511118,143.799774,1,230.90341186523438,0.9850000739097595
-35.0952,147.405,1,192.7969512939453,1.097000002861023
-37.1958,144.594,1,223.30133056640625,0.9850000739097595
-37.386627,144.320833,1,223.597412109375,0.9960000514984131
-37.9,142.976,1,219.5002899169922,0.9310000538825989
-34.659879,145.652706,0,215.60321044921875,0.9430000185966492
-35.760493,146.234773,0,208.09715270996094,0.8800000548362732
-37.146909,141.887377,0,229.302978515625,0.9500000476837158
-32.6439,149.813,1,215.70059204101562,0.9670000672340393
-33.868096,150.832592,0,215.70059204101562,0.9670000672340393
-38.0797,145.723,1,202.1995391845703,0.9540000557899475
-34.694824,150.836739,1,215.70059204101562,0.9670000672340393
-34.693103,144.827047,0,218.29995727539062,0.9600000381469727
-36.432076,141.299676,0,235.89678955078125,0.9600000381469727
-38.046289,144.467402,1,219.99642944335938,0.937000036239624
-35.394616,148.615643,0,215.70059204101562,0.9670000672340393
-38.177306,145.92809,1,188.09967041015625,0.6190000176429749
-34.845695,148.290121,0,215.70059204101562,0.9670000672340393
-37.8606,148.077,1,215.70059204101562,0.9670000672340393
-33.877744,151.035234,1,215.70059204101562,0.9670000672340393
-32.693795,149.753164,1,215.70059204101562,0.9670000672340393
-33.33454,148.008062,0,215.70059204101562,0.9670000672340393
-37.686883,141.792348,0,227.30242919921875,0.9270000457763672
-32.9815,149.756,1,215.70059204101562,0.9670000672340393
-34.774974,150.34351,0,215.70059204101562,0.9670000672340393
-33.39664,148.685544,0,215.70059204101562,0.9670000672340393
-33.98399,148.266076,0,215.70059204101562,0.9670000672340393
-35.535405,149.871883,0,215.70059204101562,0.9670000672340393
-35.644595,150.095692,1,215.70059204101562,0.9670000672340393
-37.6768,145.12,1,211.898193359375,0.9450000524520874
-38.29182,144.403279,1,218.40399169921875,0.9180000424385071
-34.784414,145.2584,1,217.69979858398438,0.9650000333786011
-33.590736,146.410276,0,203.9964141845703,0.9530000686645508
-37.352161,149.351291,0,215.70059204101562,0.9670000672340393
-34.390249,146.752561,0,200.703125,0.9750000238418579
-36.131032,149.391025,0,215.70059204101562,0.9670000672340393
-36.9859,141.726,1,231.5035858154297,0.9580000638961792
-37.801546,145.279838,1,207.29693603515625,0.8750000596046448
-35.8588,150.093,1,215.70059204101562,0.9670000672340393
-37.225732,140.442352,0,241.8984375,0.9590000510215759
-34.339186,146.054467,1,212.29830932617188,0.9450000524520874
-37.449992,146.387245,0,190.5003204345703,0.7950000166893005
-34.041856,151.073727,1,215.70059204101562,0.9670000672340393
-36.617821,146.534846,0,201.90345764160156,0.971000075340271
-37.974382,143.460854,1,218.2039337158203,0.9390000700950623
-33.772448,150.500071,1,215.70059204101562,0.9670000672340393
-33.977986,150.014738,1,215.70059204101562,0.9670000672340393
-38.125763,146.824872,0,189.00119018554688,0.9900000691413879
-33.4395,149.689,1,215.70059204101562,0.9670000672340393
-37.891617,143.363353,1,219.30023193359375,0.9590000510215759
-37.802355,148.165167,0,215.70059204101562,0.9670000672340393
-36.763,146.415,1,197.5022430419922,0.7990000247955322
-37.5793,143.869,1,223.39735412597656,0.9820000529289246
-34.838062,147.285678,0,193.70120239257812,1.0500000715255737
-33.968881,149.068385,0,215.70059204101562,0.9670000672340393
-36.065991,146.975551,1,196.59799194335938,1.1019999980926514
-34.766472,143.678216,0,230.90341186523438,0.9730000495910645
-36.462511,149.866885,1,215.70059204101562,0.9670000672340393
-34.4583,150.824,1,215.70059204101562,0.9670000672340393
-38.614716,146.280949,1,194.59918212890625,0.9140000343322754
-35.00738,147.941846,0,215.70059204101562,0.9670000672340393
-35.467082,148.905991,1,215.70059204101562,0.9670000672340393
-36.737461,147.17225,1,191.50059509277344,1.1019999980926514
-38.2703,145.16,1,210.2017364501953,0.9040000438690186
-33.683806,149.602724,0,215.70059204101562,0.9670000672340393
-35.5235,149.448,1,215.70059204101562,0.9670000672340393
-34.932863,145.026402,0,218.2039337158203,0.9760000705718994
-33.241937,150.206151,1,215.70059204101562,0.9670000672340393
-37.747527,145.285096,0,207.4969940185547,0.8840000629425049
-37.8388,145.22,1,211.29803466796875,0.9610000252723694
-36.425321,148.315032,1,215.70059204101562,0.9670000672340393
-32.276717,148.534851,1,215.70059204101562,0.9670000672340393
-35.643175,144.842644,0,219.1001739501953,0.9920000433921814
-38.2141,144.52,1,218.7000732421875,0.937000036239624
-37.617019,147.243769,0,182.60215759277344,1.0390000343322754
-34.680968,150.24412,0,215.70059204101562,0.9670000672340393
-33.695281,146.052906,0,211.90138244628906,0.9460000395774841
-36.037648,146.978074,1,196.59799194335938,1.1019999980926514
-38.3777,145.003,1,212.60238647460938,0.9480000734329224
-36.687334,142.970792,0,227.5024871826172,0.9910000562667847
-32.403627,148.834968,1,215.70059204101562,0.9670000672340393
-35.067711,148.722781,0,181.4978485107422,1.1710000038146973
-34.780194,147.928627,0,215.70059204101562,0.9670000672340393
-36.858163,149.847165,0,215.70059204101562,0.9670000672340393
-36.712108,141.565832,0,233.0,0.9570000171661377
-38.369268,144.980006,1,213.80271911621094,0.987000048160553
-34.796319,143.274286,1,235.80076599121094,0.9670000672340393
-36.031817,149.300413,0,215.70059204101562,0.9670000672340393
-38.370011,146.111285,0,195.50262451171875,0.7630000114440918
-34.564507,150.83241,1,215.70059204101562,0.9670000672340393
-34.753436,150.490969,1,215.70059204101562,0.9670000672340393
-32.470073,147.460066,0,184.80276489257812,1.152999997138977
-33.749663,150.963524,1,215.70059204101562,0.9670000672340393
-32.186963,148.417913,0,215.70059204101562,0.9670000672340393
-38.09,144.334,1,220.70062255859375,0.937000036239624
-33.572,148.425,1,215.70059204101562,0.9670000672340393
-37.7579,141.029,1,235.20059204101562,0.9440000653266907
-36.011275,146.05164,0,212.4983673095703,0.9670000672340393
-35.517754,149.779548,1,215.70059204101562,0.9670000672340393
-34.859601,147.645034,0,188.40374755859375,1.0800000429153442
-33.709283,150.598759,1,215.70059204101562,0.9670000672340393
-36.911319,143.979079,0,226.99835205078125,0.9800000190734863
-36.1161,146.884,1,198.1984405517578,1.069000005722046
-36.0562,146.209,1,209.89764404296875,0.9380000233650208
-38.256832,144.548968,1,217.89984130859375,0.9330000281333923
-38.254465,145.605284,0,201.79942321777344,0.8950000405311584
-34.916883,142.950703,0,238.00137329101562,0.9660000205039978
-33.7005,150.547,1,215.70059204101562,0.9670000672340393
-35.6683,150.3,1,215.70059204101562,0.9670000672340393
-33.418488,148.806335,1,215.70059204101562,0.9670000672340393
-36.880344,141.956995,0,230.59933471679688,0.9600000381469727
-33.59503,150.195541,1,215.70059204101562,0.9670000672340393
-37.859504,143.279995,1,218.7000732421875,0.9490000605583191
-33.501099,150.68967,1,215.70059204101562,0.9670000672340393
-35.862086,145.574747,1,216.00332641601562,0.9820000529289246
-34.858219,148.558627,0,215.70059204101562,0.9670000672340393
-37.420363,144.116135,1,224.79774475097656,0.987000048160553
-38.109277,142.870586,0,218.50001525878906,0.9300000667572021
-38.498,145.646,1,201.60073852539062,0.8580000400543213
-36.621144,148.509711,1,215.70059204101562,0.9670000672340393
-35.04536,146.981723,0,196.30191040039062,1.0170000791549683
-36.567286,145.970398,1,205.89654541015625,0.940000057220459
-38.197421,143.332404,1,216.4994659423828,0.9530000686645508
-35.813514,145.56533,1,216.4034423828125,0.9820000529289246
-34.556835,150.840611,1,215.70059204101562,0.9670000672340393
-38.046742,145.717024,0,199.19871520996094,0.8550000190734863
-37.268458,146.790183,0,186.20314025878906,0.8230000138282776
-32.9608,149.925,1,215.70059204101562,0.9670000672340393
-37.770721,145.102152,1,214.00277709960938,0.984000027179718
-33.214341,148.110603,0,215.70059204101562,0.9670000672340393
-37.6325,144.85,1,218.00387573242188,0.9750000238418579
-35.88871,148.448394,1,215.70059204101562,0.9670000672340393
-33.707733,149.215677,1,215.70059204101562,0.9670000672340393
-35.145,150.59,1,215.70059204101562,0.9670000672340393
-36.6152,144.871,1,218.50001525878906,0.9860000610351562
-38.5217,142.775,1,218.00387573242188,0.9420000314712524
-34.819286,146.603475,0,201.99948120117188,0.9320000410079956
-36.712731,141.370181,0,234.60043334960938,0.9580000638961792
-38.5491,143.036,1,215.90225219726562,0.9490000605583191
-36.8,144.3,1,225.19784545898438,0.9960000514984131
-36.1891,144.881,1,219.70034790039062,0.9920000433921814
-33.458995,146.954378,0,192.700927734375,1.059000015258789
-37.254874,144.076333,0,224.90176391601562,0.9890000224113464
-32.1809,149.824,1,215.70059204101562,0.9670000672340393
-37.1045,144.06,1,225.3979034423828,0.9780000448226929
-33.721687,148.847583,0,215.70059204101562,0.9670000672340393
-34.4124,147.516,1,189.90016174316406,1.0520000457763672
-34.671071,148.638712,1,215.70059204101562,0.9670000672340393
-35.3437,149.231,1,215.70059204101562,0.9670000672340393
-33.057184,145.686384,0,214.70037841796875,0.9650000333786011
-37.085892,145.778927,0,204.400146484375,0.9330000281333923
-33.716553,150.713226,1,215.70059204101562,0.9670000672340393
-35.880388,149.090092,0,215.70059204101562,0.9670000672340393
-37.420174,143.895621,1,224.70172119140625,0.9810000658035278
-36.80611,142.176748,1,230.50331115722656,0.9670000672340393
-36.112274,145.402406,1,215.8032684326172,0.9900000691413879
-37.4175,143.879,1,224.70172119140625,0.9810000658035278
-32.833,150.204999,1,215.70059204101562,0.9670000672340393
-34.2389,150.918,1,215.70059204101562,0.9670000672340393
-35.535442,150.385559,1,215.70059204101562,0.9670000672340393
-37.373272,144.48862,1,222.90121459960938,0.984000027179718
-37.799,147.761,1,215.70059204101562,0.9670000672340393
-34.900293,146.86543,0,197.5982666015625,0.9780000448226929
-37.893463,145.324708,1,208.60128784179688,0.9260000586509705
-38.44162,143.63992,1,215.2972869873047,0.909000039100647
-36.5025,148.481,1,215.70059204101562,0.9670000672340393
-36.40932,148.736397,1,215.70059204101562,0.9670000672340393
-35.088483,149.701063,0,215.70059204101562,0.9670000672340393
-36.790488,149.072325,0,215.70059204101562,0.9670000672340393
-37.026874,142.709218,1,225.3018798828125,0.987000048160553
-35.529622,145.130611,0,218.00387573242188,0.9910000562667847
-34.203806,144.446064,0,218.7960968017578,0.9440000653266907
-37.650837,147.503652,0,180.29751586914062,1.0870000123977661
-37.604144,149.083542,0,215.70059204101562,0.9670000672340393
-35.051534,144.468968,0,219.79637145996094,0.9690000414848328
-38.193732,144.14577,1,220.9967041015625,0.9490000605583191
-32.14107,147.370805,0,215.70059204101562,0.9670000672340393
-36.695514,146.976033,0,192.90098571777344,1.0450000762939453
-33.269227,145.668047,0,214.2028350830078,0.9590000510215759
-32.947324,149.569433,0,215.70059204101562,0.9670000672340393
-34.713508,147.135945,0,195.50169372558594,1.0390000343322754
-37.343308,145.658182,1,205.40042114257812,0.937000036239624
-37.607875,143.791525,1,223.30133056640625,0.9800000190734863
-37.670457,145.103139,0,213.49864196777344,0.9810000658035278
-33.886616,150.122291,0,215.70059204101562,0.9670000672340393
-37.8933,144.682,1,219.900390625,0.9730000495910645
-38.0344,144.064,1,221.19674682617188,0.9550000429153442
-32.767686,146.251075,0,203.19784545898438,0.9700000286102295
-34.539672,146.327699,1,206.89682006835938,0.9180000424385071
-36.9,140.8,1,240.89816284179688,0.9780000448226929
-35.0679,149.656,1,215.70059204101562,0.9670000672340393
-37.95992,146.970467,1,186.69927978515625,1.0110000371932983
-37.388699,144.77609,0,219.39625549316406,0.9790000319480896
-37.959026,146.970954,1,186.69927978515625,1.0110000371932983
-38.040192,141.082594,0,234.49639892578125,0.9610000252723694
-37.611296,141.468711,0,231.19949340820312,0.9120000600814819
-34.334553,150.90957,1,215.70059204101562,0.9670000672340393
-35.100675,150.672662,0,215.70059204101562,0.9670000672340393
-36.493084,150.020422,1,215.70059204101562,0.9670000672340393
-37.344648,144.186783,1,223.99752807617188,0.9960000514984131
-37.913573,143.366632,1,218.00387573242188,0.9540000557899475
-34.827038,145.351306,0,217.80381774902344,0.9660000205039978
-36.430956,150.047523,1,215.70059204101562,0.9670000672340393
-36.751993,142.777272,0,226.59823608398438,0.9780000448226929
-33.607634,148.497547,0,215.70059204101562,0.9670000672340393
-38.5199,145.387,1,204.80303955078125,0.8600000143051147
-32.44982,149.092869,0,215.70059204101562,0.9670000672340393
-33.563362,150.204184,1,215.70059204101562,0.9670000672340393
-36.365072,146.684847,1,201.79942321777344,1.055999994277954
-37.9495,143.3,1,218.2039337158203,0.9540000557899475
-38.2234,144.543,1,218.7000732421875,0.9420000314712524
-33.4066,149.623,1,215.70059204101562,0.9670000672340393
-37.373463,144.487594,1,222.90121459960938,0.984000027179718
-37.673065,145.160158,1,211.40206909179688,0.9580000638961792
-36.232452,140.731655,0,241.8984375,0.9340000152587891
-38.674062,145.607231,1,199.89874267578125,0.7920000553131104
-33.572501,146.565886,0,201.5033416748047,0.9890000224113464
-33.7029,150.286,1,215.70059204101562,0.9670000672340393
-36.938776,149.70795,1,215.70059204101562,0.9670000672340393
-35.269369,149.074533,1,215.70059204101562,0.9670000672340393
-36.3476,146.311,1,206.89682006835938,0.9500000476837158
-37.697951,143.923519,1,222.99725341796875,0.9770000576972961
-37.1903,145.702,1,205.00030517578125,0.9390000700950623
-34.93968,146.026192,0,212.60238647460938,0.9580000638961792
-38.3403,142.329,1,223.30133056640625,0.9320000410079956
-32.25189,148.38761,0,215.70059204101562,0.9670000672340393
-38.2491,145.051,1,212.8024444580078,0.9460000395774841
-33.969759,150.055046,1,215.70059204101562,0.9670000672340393
-34.847172,145.256047,0,217.80381774902344,0.968000054359436
-38.095904,143.291342,0,216.89956665039062,0.9470000267028809
-33.5269,149.904,1,215.70059204101562,0.9670000672340393
-33.339346,146.185146,0,207.19873046875,0.9180000424385071
-34.2635,150.522,1,215.70059204101562,0.9670000672340393
-32.048795,148.930713,0,215.70059204101562,0.9670000672340393
-35.290442,144.193351,0,224.19757080078125,0.9780000448226929
-36.1328,146.872,1,198.39849853515625,1.0740000009536743
-37.9809,146.78,1,188.89633178710938,0.9740000367164612
-37.6062,144.92,1,215.69924926757812,0.968000054359436
-35.457,149.208,1,215.70059204101562,0.9670000672340393
-38.059662,145.327482,1,209.2974853515625,0.9480000734329224
-36.745883,143.665961,0,227.79856872558594,0.9950000643730164
-31.774418,149.538155,0,215.70059204101562,0.9670000672340393
-37.76571,146.99841,0,184.89878845214844,1.0190000534057617
-35.152632,147.370782,0,192.90098571777344,1.0860000848770142
-38.137549,145.143542,1,211.001953125,0.9230000376701355
-37.842255,147.856588,1,215.70059204101562,0.9670000672340393
-35.673176,143.739615,1,230.99945068359375,0.9970000386238098
-34.512139,144.033875,0,223.30133056640625,0.9460000395774841
-37.754949,143.779758,1,221.3968048095703,0.9740000367164612
-36.6884,146.917,1,191.9007110595703,0.9670000672340393
-34.4477,150.447,1,215.70059204101562,0.9670000672340393
-34.066888,150.769951,1,215.70059204101562,0.9670000672340393
-37.582484,148.922412,0,215.70059204101562,0.9670000672340393
-38.022635,145.417745,1,207.69705200195312,0.9660000205039978
-33.699533,150.384522,1,215.70059204101562,0.9670000672340393
-38.422638,144.088306,1,218.0998992919922,0.9470000267028809
-37.01412,147.580602,0,183.802490234375,1.1180000305175781
-36.846338,144.266071,1,225.99807739257812,0.9950000643730164
-37.828799,143.553771,1,219.5963134765625,0.9590000510215759
-37.988226,143.510841,1,218.0998992919922,0.940000057220459
-37.747568,145.286682,1,207.4969940185547,0.8840000629425049
-34.49374,150.766467,1,215.70059204101562,0.9670000672340393
-38.53207,142.863623,0,217.40371704101562,0.9420000314712524
-35.250169,148.949786,1,215.70059204101562,0.9670000672340393
-33.814965,150.279084,0,215.70059204101562,0.9670000672340393
-38.2711,146.186,1,194.3975372314453,0.7830000519752502
-33.179136,149.716798,0,215.70059204101562,0.9670000672340393
-37.092351,145.875386,1,201.90345764160156,0.893000066280365
-36.8861,141.622,1,232.5038604736328,0.956000030040741
-37.5287,143.893,1,223.99752807617188,0.9790000319480896
-33.947077,148.40879,0,215.70059204101562,0.9670000672340393
-37.350285,147.771851,0,182.60215759277344,1.1720000505447388
-37.444869,143.108476,0,222.30105590820312,1.0010000467300415
-37.0216,143.28,1,224.30160522460938,0.9860000610351562
-33.757019,150.628479,1,215.70059204101562,0.9670000672340393
-35.161699,147.996786,0,215.70059204101562,0.9670000672340393
-33.479,150.238,1,215.70059204101562,0.9670000672340393
-37.334152,144.1732,1,223.99752807617188,0.9960000514984131
-37.054279,142.745798,1,224.70172119140625,0.9800000190734863
-34.891494,145.153074,0,217.80381774902344,0.9720000624656677
-33.22955,148.280429,0,215.70059204101562,0.9670000672340393
-37.3005,146.362,1,193.90126037597656,0.8630000352859497
-33.715485,150.607231,1,215.70059204101562,0.9670000672340393
-36.703443,147.921585,1,215.70059204101562,0.9670000672340393
-34.679168,150.538533,1,215.70059204101562,0.9670000672340393
-35.6981,150.211,1,215.70059204101562,0.9670000672340393
-35.173543,145.263951,0,216.60348510742188,0.9860000610351562
-34.563817,150.831888,1,215.70059204101562,0.9670000672340393
-38.173523,146.246425,1,192.20350646972656,0.7450000643730164
-33.703935,150.301647,1,215.70059204101562,0.9670000672340393
-34.805864,145.709671,0,215.29913330078125,0.9630000591278076
-32.931,148.939,1,215.70059204101562,0.9670000672340393
-33.488872,145.692023,0,214.49891662597656,0.9490000605583191
-37.3605,144.463,1,223.19729614257812,0.9920000433921814
-35.997963,144.201682,0,226.59823608398438,1.0120000839233398
-32.346154,148.482335,1,215.70059204101562,0.9670000672340393
-35.31971,148.001824,0,215.70059204101562,0.9670000672340393
-36.159986,144.725174,1,221.7969207763672,1.002000093460083
-38.7072,146.134,1,195.3977508544922,0.8570000529289246
-33.477,149.276,1,215.70059204101562,0.9670000672340393
-35.922878,148.857971,0,215.70059204101562,0.9670000672340393
-33.7905,150.875,1,215.70059204101562,0.9670000672340393
-37.909027,145.144466,1,213.298583984375,0.9860000610351562
-38.470153,145.185859,1,207.400390625,0.8700000643730164
-37.22647,141.264265,0,234.2003173828125,0.940000057220459
-36.157022,143.610804,0,230.39927673339844,1.0170000791549683
-36.8,149.9,1,215.70059204101562,0.9670000672340393
-34.9505,149.017,1,215.70059204101562,0.9670000672340393
-37.2269,144.315,1,223.9014892578125,0.9920000433921814
-36.272914,144.361604,0,225.70199584960938,0.9910000562667847
-36.310022,147.178026,0,193.39712524414062,1.1299999952316284
-37.821613,147.857045,1,215.70059204101562,0.9670000672340393
-37.815362,147.674145,0,182.8982391357422,1.152999997138977
-37.566354,148.330037,0,215.70059204101562,0.9670000672340393
-35.235248,146.29434,0,208.20118713378906,0.8870000243186951
-36.5472,147.059,1,193.10104370117188,1.0830000638961792
-33.270508,149.409837,0,215.70059204101562,0.9670000672340393
-34.255886,145.530799,0,216.89956665039062,0.9500000476837158
-33.199599,149.138752,1,215.70059204101562,0.9670000672340393
-38.782672,143.611179,1,214.29705810546875,0.9390000700950623
-34.0017,150.885,1,215.70059204101562,0.9670000672340393
-36.818589,144.691347,1,220.70062255859375,0.9750000238418579
-34.1856,150.944,1,215.70059204101562,0.9670000672340393
-33.971333,150.867992,1,215.70059204101562,0.9670000672340393
-37.893033,141.295971,0,232.90396118164062,0.9310000538825989
-34.285452,150.25132,1,215.70059204101562,0.9670000672340393
-38.2493,143.343,1,216.20071411132812,0.9470000267028809
-36.573256,146.874953,0,195.19761657714844,1.0260000228881836
-37.505723,143.754086,0,223.70144653320312,0.9750000238418579
-33.986112,148.707248,0,215.70059204101562,0.9670000672340393
-35.43607,142.307502,0,236.80104064941406,0.9700000286102295
-35.097129,144.659317,0,219.19619750976562,0.9730000495910645
-33.5528,150.281,1,215.70059204101562,0.9670000672340393
-37.305017,147.210282,0,184.69873046875,1.069000005722046
-36.6157,149.759,1,215.70059204101562,0.9670000672340393
-36.677304,141.154703,0,236.00082397460938,0.9450000524520874
-33.850397,149.46765,0,215.70059204101562,0.9670000672340393
-37.567881,149.146597,1,215.70059204101562,0.9670000672340393
-36.905224,144.948023,0,217.2036590576172,0.9810000658035278
-36.999421,144.068486,1,225.59796142578125,0.9740000367164612
-36.480548,149.580584,0,215.70059204101562,0.9670000672340393
-34.720276,150.822802,1,215.70059204101562,0.9670000672340393
-38.162568,145.929414,1,188.09967041015625,0.6190000176429749
-35.027412,146.925904,0,195.99783325195312,0.984000027179718
-35.8462,150.173,1,215.70059204101562,0.9670000672340393
-37.170709,140.948973,0,236.60098266601562,0.9430000185966492
-35.3457,150.461,1,215.70059204101562,0.9670000672340393
-35.2628,149.445,1,215.70059204101562,0.9670000672340393
-37.328377,144.172858,1,223.99752807617188,0.9960000514984131
-38.360218,144.207681,1,219.99642944335938,0.9490000605583191
-34.529569,150.872515,1,215.70059204101562,0.9670000672340393
-34.934144,149.953525,0,215.70059204101562,0.9670000672340393
-37.6701,140.628,1,239.20169067382812,0.9610000252723694
-35.743256,150.209471,1,215.70059204101562,0.9670000672340393
-36.271326,143.771373,0,231.19949340820312,1.0160000324249268
-36.333771,146.075064,1,207.20091247558594,0.921000063419342
-35.635848,149.7604,0,215.70059204101562,0.9670000672340393
-35.633021,145.456472,0,216.60348510742188,0.9820000529289246
-34.1347,150.687,1,215.70059204101562,0.9670000672340393
-37.405739,143.991054,1,225.3979034423828,0.9890000224113464
-32.907085,147.834748,0,215.70059204101562,0.9670000672340393
-33.6714,148.525,1,215.70059204101562,0.9670000672340393
-34.992781,146.031383,0,212.20228576660156,0.9500000476837158
-36.034587,146.985314,1,196.59799194335938,1.1160000562667847
-35.495164,146.159839,0,210.40179443359375,0.9030000567436218
-33.555484,150.422755,1,215.70059204101562,0.9670000672340393
-37.73208,144.057684,1,222.99725341796875,0.9700000286102295
-33.751739,150.679585,1,215.70059204101562,0.9670000672340393
-34.194467,145.999682,0,212.89846801757812,0.9160000681877136
-34.881878,150.569931,1,215.70059204101562,0.9670000672340393
-34.163954,150.826235,1,215.70059204101562,0.9670000672340393
-36.833662,144.1625,0,226.1981201171875,0.9880000352859497
-37.440923,140.396494,0,241.8024139404297,0.9340000152587891
-36.901178,147.828523,0,183.69845581054688,1.162000060081482
-38.0554,145.129,1,211.60211181640625,0.9280000329017639
-36.1,146.1,1,211.8021697998047,0.9640000462532043
-33.5833,150.212,1,215.70059204101562,0.9670000672340393
-35.607632,149.595331,0,215.70059204101562,0.9670000672340393
-34.085605,147.858082,0,215.70059204101562,0.9670000672340393
-35.0807,150.689,1,215.70059204101562,0.9670000672340393
-36.351158,148.6037,1,215.70059204101562,0.9670000672340393
-34.245435,145.228238,0,217.40371704101562,0.9470000267028809
-34.196969,150.955482,1,215.70059204101562,0.9670000672340393
-34.917175,147.523466,0,189.29998779296875,1.093000054359436
-37.033722,145.660466,1,207.40097045898438,0.9800000190734863
-33.765026,150.976865,0,215.70059204101562,0.9670000672340393
-38.025911,147.519425,0,184.2025909423828,1.1290000677108765
-35.010635,142.834692,0,237.8013153076172,0.968000054359436
-38.639232,143.409435,0,215.20050048828125,0.9600000381469727
-34.628,150.107,1,215.70059204101562,0.9670000672340393
-33.232189,147.121378,0,188.89988708496094,1.0910000801086426
-35.272953,145.990659,0,211.8021697998047,0.8990000486373901
-33.648773,150.123371,0,215.70059204101562,0.9670000672340393
-38.415863,144.133786,1,218.90011596679688,0.9600000381469727
-35.557431,149.000931,0,215.70059204101562,0.9670000672340393
-36.333922,146.838789,1,197.5982666015625,1.0329999923706055
-38.7496,145.96,1,197.5030517578125,0.8140000104904175
-36.138482,146.996542,1,195.9018096923828,1.1090000867843628
-37.222351,140.95873,0,236.60098266601562,0.9360000491142273
-37.8303,140.773,1,237.0010986328125,0.971000075340271
-35.86087,146.917444,1,215.70059204101562,0.9670000672340393
-35.5137,144.929,1,219.39625549316406,0.9890000224113464
-38.3455,144.152,1,219.79637145996094,0.9530000686645508
-35.477758,145.974499,0,213.89874267578125,0.9470000267028809
-32.18113,147.113138,0,187.49949645996094,1.1340000629425049
-36.932,144.746,1,220.9967041015625,0.9720000624656677
-37.640701,143.751177,1,222.30105590820312,0.9770000576972961
-37.75869,142.055649,1,225.90203857421875,0.940000057220459
-35.2379,149.62,1,215.70059204101562,0.9670000672340393
-37.583,144.915,1,215.69924926757812,0.968000054359436
-33.787311,144.753751,0,218.7000732421875,0.9380000233650208
-38.453484,144.987247,0,212.29830932617188,0.9860000610351562
-33.56979,146.870905,0,195.59771728515625,1.0430001020431519
-35.947778,146.49761,0,205.49644470214844,0.9720000624656677
-37.774588,145.267213,1,209.00140380859375,0.9020000696182251
-36.378285,145.944535,0,207.8970947265625,0.9440000653266907
-35.063733,150.625112,1,215.70059204101562,0.9670000672340393
-33.7023,150.531,1,215.70059204101562,0.9670000672340393
-35.856501,148.226927,0,215.70059204101562,0.9670000672340393
-36.7299,146.407,1,200.7991485595703,0.9080000519752502
-37.3446,143.979709,0,225.10182189941406,0.9900000691413879
-38.662991,143.732789,0,216.10391235351562,0.9610000252723694
-34.312511,150.914688,1,215.70059204101562,0.9670000672340393
-38.238,146.083,1,193.50216674804688,0.6740000247955322
-34.7421,150.552,1,215.70059204101562,0.9670000672340393
-37.091341,144.202954,1,225.3979034423828,0.9800000190734863
-35.044978,147.857194,0,215.70059204101562,0.9670000672340393
-35.264067,142.888016,0,236.29690551757812,0.9730000495910645
-37.592275,148.168473,0,215.70059204101562,0.9670000672340393
-36.346309,149.93651,0,215.70059204101562,0.9670000672340393
-35.1474,150.049,1,215.70059204101562,0.9670000672340393
-35.391033,150.439307,1,215.70059204101562,0.9670000672340393
-36.051025,146.743416,1,201.70339965820312,1.0660001039505005
-32.6144,149.573,1,215.70059204101562,0.9670000672340393
-34.621396,148.577608,0,215.70059204101562,0.9670000672340393
-37.727783,145.38721,1,205.2003631591797,0.8520000576972961
-36.035,145.528,1,214.49891662597656,0.9820000529289246
-37.58017,143.727247,1,221.99697875976562,0.9700000286102295
-33.6346,150.292,1,215.70059204101562,0.9670000672340393
-38.452131,146.996651,0,190.5003204345703,1.0920000076293945
-33.3522,149.168,1,215.70059204101562,0.9670000672340393
-32.943,149.853,1,215.70059204101562,0.9670000672340393
-35.647681,142.212523,0,234.49639892578125,0.9850000739097595
-36.274177,142.030298,0,232.70391845703125,0.9880000352859497
-38.18211,146.315853,1,189.7029571533203,0.7270000576972961
-37.7747,145.057,1,214.0988006591797,0.9650000333786011
-36.6575,144.48,1,224.10154724121094,0.987000048160553
-37.583349,145.368583,1,206.89682006835938,0.8920000195503235
-37.8729,147.579,1,183.00225830078125,1.1370000839233398
-37.478299,149.661922,0,215.70059204101562,0.9670000672340393
-38.213261,142.387919,0,223.1012725830078,0.9270000457763672
-37.6764,140.731,1,239.00164794921875,0.9550000429153442
-38.375608,145.120306,1,208.60128784179688,0.8730000257492065
-34.700543,150.168566,1,215.70059204101562,0.9670000672340393
-36.2354,145.137,1,216.4994659423828,0.9920000433921814
-36.482601,141.349888,0,235.80076599121094,0.9670000672340393
-34.722507,150.692872,1,215.70059204101562,0.9670000672340393
-38.551129,143.747883,1,215.6038055419922,0.9610000252723694
-35.217781,148.244922,0,215.70059204101562,0.9670000672340393
-38.037962,147.021628,1,187.2994384765625,1.0190000534057617
-36.418738,147.600217,0,188.2036895751953,1.1630001068115234
-34.263765,149.993607,0,215.70059204101562,0.9670000672340393
-36.819748,143.446863,0,226.90231323242188,0.9950000643730164
-35.914791,144.25135,1,225.70199584960938,1.0130000114440918
-37.7294,148.441,1,215.70059204101562,0.9670000672340393
-34.199,150.543,1,215.70059204101562,0.9670000672340393
-38.315857,142.364387,1,223.19729614257812,0.9280000329017639
-38.728511,145.836903,0,197.398193359375,0.7600000500679016
-32.094826,148.51227,1,215.70059204101562,0.9670000672340393
-34.7959,150.669,1,215.70059204101562,0.9670000672340393
-37.7669,144.262,1,222.59713745117188,0.9550000429153442
-33.982239,151.066257,1,215.70059204101562,0.9670000672340393
-37.343741,144.178296,1,223.99752807617188,0.9960000514984131
-36.492979,150.020565,1,215.70059204101562,0.9670000672340393
-35.2039,149.014,1,215.70059204101562,0.9670000672340393
-34.81933,146.657999,0,200.19898986816406,0.940000057220459
-36.7574,145.574,1,209.80162048339844,0.9910000562667847
-33.784997,150.802403,1,215.70059204101562,0.9670000672340393
-36.126701,143.6917,0,231.1034698486328,1.0110000371932983
-37.56018,144.516866,0,221.90093994140625,0.9670000672340393
-37.462531,148.940581,0,215.70059204101562,0.9670000672340393
-38.661413,143.514683,0,214.79718017578125,0.9480000734329224
-35.790996,148.783083,0,215.70059204101562,0.9670000672340393
-36.517865,146.400343,0,203.70394897460938,0.9380000233650208
-34.7652,146.634,1,201.30328369140625,0.9410000443458557
-33.426403,145.18169,0,216.4034423828125,0.9450000524520874
-38.321342,144.066788,1,218.90011596679688,0.9420000314712524
-33.524333,150.62442,1,215.70059204101562,0.9670000672340393
-33.725944,150.460369,1,215.70059204101562,0.9670000672340393
-34.877203,146.635869,0,200.30300903320312,0.9180000424385071
-35.351356,149.1166,1,215.70059204101562,0.9670000672340393
-33.35919,149.831849,0,215.70059204101562,0.9670000672340393
-34.0838,151.0,1,215.70059204101562,0.9670000672340393
-37.066791,144.161169,1,225.3018798828125,0.9760000705718994
-38.1198,144.195,1,221.19674682617188,0.9480000734329224
-36.666179,148.803095,0,215.70059204101562,0.9670000672340393
-36.973299,144.17901,1,225.99807739257812,0.9770000576972961
-36.129259,147.59297,1,215.70059204101562,0.9670000672340393
-38.693455,145.830596,0,198.80172729492188,0.8190000653266907
-35.63991,141.588303,0,236.0968475341797,0.971000075340271
-34.8035,149.601,1,215.70059204101562,0.9670000672340393
-37.881881,144.796359,1,218.29995727539062,0.9760000705718994
-38.148934,145.933755,1,189.79612731933594,0.6530000567436218
-36.355534,145.607445,0,211.8021697998047,0.9700000286102295
-37.7047,140.792,1,238.09739685058594,0.9530000686645508
-37.866489,143.341828,1,219.5002899169922,0.956000030040741
-33.5606,148.665,1,215.70059204101562,0.9670000672340393
-35.641539,149.48526,1,215.70059204101562,0.9670000672340393
-37.314747,149.603913,0,215.70059204101562,0.9670000672340393
-34.542564,144.053611,1,223.19729614257812,0.9470000267028809
-36.046536,147.070176,0,195.99783325195312,1.128000020980835
-33.710763,150.493531,1,215.70059204101562,0.9670000672340393
-35.868867,148.489672,1,215.70059204101562,0.9670000672340393
-38.349213,144.135455,1,219.39625549316406,0.9530000686645508
-34.751344,145.755299,0,215.4991912841797,0.9620000720024109
-35.707123,150.245069,1,215.70059204101562,0.9670000672340393
-33.759124,150.962142,1,215.70059204101562,0.9670000672340393
-38.5081,142.989,1,216.10391235351562,0.9430000185966492
-35.348186,149.952322,0,215.70059204101562,0.9670000672340393
-33.769155,150.481668,1,215.70059204101562,0.9670000672340393
-33.018871,146.230263,0,205.4967498779297,0.9470000267028809
-38.170929,144.647808,1,217.89984130859375,0.9770000576972961
-36.785381,140.467913,0,244.19879150390625,0.971000075340271
-33.935123,149.674535,1,215.70059204101562,0.9670000672340393
-35.615255,149.964728,0,215.70059204101562,0.9670000672340393
-35.934432,141.264023,0,237.4011993408203,0.9670000672340393
-38.3363,146.321,1,193.80062866210938,0.8710000514984131
-33.7785,150.91,1,215.70059204101562,0.9670000672340393
-35.139686,149.245244,1,215.70059204101562,0.9670000672340393
-35.1648,149.116,1,215.70059204101562,0.9670000672340393
-36.152039,146.611899,1,203.50389099121094,1.0390000343322754
-32.226851,148.607322,1,215.70059204101562,0.9670000672340393
-34.443,148.716,1,215.70059204101562,0.9670000672340393
-32.1798,148.628,1,215.70059204101562,0.9670000672340393
-33.557893,150.659983,1,215.70059204101562,0.9670000672340393
-36.928325,146.0309,0,202.999755859375,0.9540000557899475
-39.0122,146.292,1,193.09886169433594,0.8890000581741333
-38.045776,145.352982,1,209.2974853515625,0.9480000734329224
-34.107951,148.278801,0,215.70059204101562,0.9670000672340393
-37.8196,145.257,1,209.09742736816406,0.9180000424385071
-36.63706,141.870466,0,232.19976806640625,0.9670000672340393
-31.438887,148.888013,1,215.70059204101562,0.9670000672340393
-37.616495,145.103315,1,213.00250244140625,0.9730000495910645
-37.368096,143.417299,1,222.59713745117188,0.9850000739097595
-36.7176,149.6,1,215.70059204101562,0.9670000672340393
-33.760058,147.94899,0,215.70059204101562,0.9670000672340393
-31.668819,149.462981,0,215.70059204101562,0.9670000672340393
-33.4991,148.185,1,215.70059204101562,0.9670000672340393
-37.6,145.4,1,206.69677734375,0.8860000371932983
-35.149792,150.547792,1,215.70059204101562,0.9670000672340393
-32.919483,148.061447,0,215.70059204101562,0.9670000672340393
-38.343018,145.590929,1,202.8026123046875,0.921000063419342
-36.084323,145.801384,0,213.49864196777344,0.971000075340271
-37.2382,144.339,1,223.9014892578125,0.9920000433921814
-34.084965,149.274993,0,215.70059204101562,0.9670000672340393
-38.269165,144.126727,1,219.900390625,0.9470000267028809
-36.329807,150.108077,1,215.70059204101562,0.9670000672340393
-33.384164,146.597843,0,200.10040283203125,0.9890000224113464
-32.896131,146.655973,0,196.19789123535156,1.0220000743865967
-35.457308,144.768564,0,219.1001739501953,0.9900000691413879
-37.608558,143.244128,1,221.59686279296875,0.9890000224113464
-35.423272,148.111158,0,215.70059204101562,0.9670000672340393
-36.04187,146.9257,1,197.5022430419922,1.0860000848770142
-37.722772,145.740598,1,195.10159301757812,0.7010000348091125
-36.414514,150.012394,0,215.70059204101562,0.9670000672340393
-36.945207,141.177841,0,235.6967315673828,0.9720000624656677
-38.428186,145.799698,0,197.00294494628906,0.7560000419616699
-38.0505,145.249,1,210.60183715820312,0.9700000286102295
-38.5167,145.641,1,201.60073852539062,0.8580000400543213
-34.3229,150.646714,0,215.70059204101562,0.9670000672340393
-35.307886,142.506558,0,237.60125732421875,0.9750000238418579
-35.5,143.9,1,229.50303649902344,0.9880000352859497
-33.3519,149.168,1,215.70059204101562,0.9670000672340393
-36.976762,143.69512,0,226.39817810058594,0.9830000400543213
-34.241899,150.708035,1,215.70059204101562,0.9670000672340393
-37.297064,148.426284,0,215.70059204101562,0.9670000672340393
-37.1,144.2,1,225.3979034423828,0.9800000190734863
-37.796328,145.372773,1,208.00112915039062,0.9320000410079956
-37.048911,149.593937,0,215.70059204101562,0.9670000672340393
-37.2933,144.134,1,224.30160522460938,0.9930000305175781
-33.865673,148.66596,0,215.70059204101562,0.9670000672340393
-36.007028,142.039604,0,233.4001007080078,1.0099999904632568
-35.090964,150.648743,1,215.70059204101562,0.9670000672340393
-37.6648,146.057,1,196.90208435058594,0.8670000433921814
-34.956199,148.994068,1,215.70059204101562,0.9670000672340393
-38.247961,147.035459,1,189.70010375976562,1.0530000925064087
-33.668,150.919,1,215.70059204101562,0.9670000672340393
-38.358673,144.249583,1,218.99615478515625,0.9270000457763672
-35.0,150.5,1,215.70059204101562,0.9670000672340393
-36.3839,146.277,1,206.89682006835938,0.9630000591278076
-37.600844,145.125037,1,212.89846801757812,0.9670000672340393
-36.553233,145.986365,1,205.40042114257812,0.9540000557899475
-36.209331,150.112222,1,215.70059204101562,0.9670000672340393
-37.6506,145.048,1,214.2028350830078,0.984000027179718
-36.241584,146.548067,0,203.3038330078125,0.9860000610351562
-38.042603,144.526465,1,219.900390625,0.9480000734329224
-36.6924,144.748,1,219.99642944335938,0.9850000739097595
-34.0033,151.072,1,215.70059204101562,0.9670000672340393
-34.8334,146.150812,0,210.60183715820312,0.9530000686645508
-35.344519,149.858122,1,215.70059204101562,0.9670000672340393
-37.333226,144.228205,1,224.10154724121094,0.9970000386238098
-38.256897,144.549166,1,217.89984130859375,0.9330000281333923
-37.597846,144.23239,1,223.597412109375,0.9720000624656677
-37.158782,142.026261,0,228.70281982421875,0.9670000672340393
-35.054972,147.495776,1,191.59661865234375,1.1130000352859497
-38.1493,142.691,1,219.99642944335938,0.9340000152587891
-36.78013,149.129053,0,215.70059204101562,0.9670000672340393
-38.521423,145.428211,1,204.99664306640625,0.906000018119812
-37.5449,149.452,1,215.70059204101562,0.9670000672340393
-37.965406,143.271404,1,218.2039337158203,0.9470000267028809
-37.747896,143.572802,0,220.70062255859375,0.9630000591278076
-34.2263,150.951,1,215.70059204101562,0.9670000672340393
-32.0928,149.466,1,215.70059204101562,0.9670000672340393
-35.7689,146.021,1,213.40261840820312,0.9380000233650208
-38.052973,143.582643,0,217.40371704101562,0.9440000653266907
-33.2561,149.101,1,215.70059204101562,0.9670000672340393
-37.9029,144.628,1,220.30050659179688,0.9620000720024109
-34.946976,149.258254,1,215.70059204101562,0.9670000672340393
-38.115383,145.77072,1,200.7991485595703,0.9180000424385071
-38.2343,144.201,1,220.5005645751953,0.9420000314712524
-33.726213,150.329771,1,215.70059204101562,0.9670000672340393
-38.001604,144.189376,0,221.90093994140625,0.9490000605583191
-34.642793,145.471283,0,217.2036590576172,0.9510000348091125
-38.327746,143.087956,0,216.70082092285156,0.9530000686645508
-35.876451,143.766858,0,231.30352783203125,1.003000020980835
-37.69162,144.591053,1,220.79664611816406,0.9610000252723694
-35.5711,149.752,1,215.70059204101562,0.9670000672340393
-36.984735,144.792056,0,220.19647216796875,0.9770000576972961
-37.956386,145.914811,1,195.50169372558594,0.8160000443458557
-32.25424,149.69518,0,215.70059204101562,0.9670000672340393
-37.105332,142.934349,0,223.597412109375,0.9810000658035278
-36.9244,145.966785,0,204.4961700439453,0.9470000267028809
-38.5991,142.876,1,216.4034423828125,0.9480000734329224
-35.4343,149.115,1,215.70059204101562,0.9670000672340393
-33.710588,150.49337,1,215.70059204101562,0.9670000672340393
-37.181529,142.444186,0,224.90176391601562,0.9770000576972961
-31.775977,148.446191,1,215.70059204101562,0.9670000672340393
-37.126627,145.234915,1,212.4983673095703,0.968000054359436
-33.61,149.182,1,215.70059204101562,0.9670000672340393
-37.940768,141.268787,0,233.4001007080078,0.937000036239624
-38.299214,146.346244,0,193.80062866210938,0.8260000348091125
-36.60608,141.588492,0,233.29608154296875,0.940000057220459
-35.079025,149.989591,0,215.70059204101562,0.9670000672340393
-33.966165,150.23616,1,215.70059204101562,0.9670000672340393
-36.5836,143.697,1,227.70254516601562,0.9950000643730164
-33.730251,150.459241,1,215.70059204101562,0.9670000672340393
-34.288327,150.441196,0,215.70059204101562,0.9670000672340393
-36.757831,149.743638,1,215.70059204101562,0.9670000672340393
-38.605438,145.930413,0,200.6005096435547,0.859000027179718
-34.924641,149.145769,1,215.70059204101562,0.9670000672340393
-35.439992,143.829893,0,230.90341186523438,0.9830000400543213
-35.099851,146.341605,0,207.20091247558594,0.8970000147819519
-37.5869,143.87,1,223.39735412597656,0.9820000529289246
-33.7127,149.861,1,215.70059204101562,0.9670000672340393
-33.481089,150.700013,1,215.70059204101562,0.9670000672340393
-34.32077,149.892799,1,215.70059204101562,0.9670000672340393
-37.095204,143.099459,0,223.39735412597656,0.9880000352859497
-36.732715,148.250617,0,215.70059204101562,0.9670000672340393
-38.339539,145.564328,1,202.8026123046875,0.921000063419342
-37.858111,147.334398,0,181.09774780273438,1.0260000228881836
-33.555554,150.668223,1,215.70059204101562,0.9670000672340393
-34.453796,149.460643,1,215.70059204101562,0.9670000672340393
-36.8457,144.279,1,225.50193786621094,0.9930000305175781
-32.189239,149.222735,0,215.70059204101562,0.9670000672340393
-36.295939,150.126354,1,215.70059204101562,0.9670000672340393
-34.896253,142.842082,0,238.60153198242188,0.9690000414848328
-37.362964,145.50354,0,208.4972686767578,0.9720000624656677
-37.00596,147.196317,1,188.6038055419922,1.0700000524520874
-35.3718,149.238,1,215.70059204101562,0.9670000672340393
-36.756481,144.122026,0,226.59823608398438,1.002000093460083
-33.940968,147.308577,0,190.59634399414062,1.0780000686645508
-35.365698,150.346815,1,215.70059204101562,0.9670000672340393
-33.617122,145.500296,0,215.8992919921875,0.9500000476837158
-38.068,146.162,1,190.5983123779297,0.7020000219345093
-37.6096,144.535,1,221.70089721679688,0.9640000462532043
-36.6497,144.018,1,227.70254516601562,1.0070000886917114
-34.041066,151.006102,1,215.70059204101562,0.9670000672340393
-33.877,150.834,1,215.70059204101562,0.9670000672340393
-36.300563,140.97569,0,239.80186462402344,0.937000036239624
-37.882022,147.682533,1,215.70059204101562,0.9670000672340393
-37.626,143.763,1,222.30105590820312,0.9770000576972961
-33.859644,148.307768,0,215.70059204101562,0.9670000672340393
